cfg,phi,interesting,reason_skipped,K,n_executions,avg_behavior_size,support_min,support_mean,support_max,reduction_from_bottom,compression_from_bottom
"(2, 3, 9, 4, 3, 2, 3)",goods_receipt: ρ = type  │  invoice_receipt: ρ = type  │  material: ρ = type  │  payment: ρ = type  │  purchase_order: ρ = type  │  purchase_requisition: ρ = type  │  quotation: ρ = type,True,,494,927,43.19093851132686,1,1.8765182186234817,127,0.4670981661272924,0.03625072212593872
"(1, 3, 9, 4, 3, 2, 3)",goods_receipt: ρ = PostingDateMKPFBLDAT  │  invoice_receipt: ρ = type  │  material: ρ = type  │  payment: ρ = type  │  purchase_order: ρ = type  │  purchase_requisition: ρ = type  │  quotation: ρ = type,False,no merging (K = n_executions),927,927,43.5210355987055,1,1.0,1,0.0,0.02888503755054872
"(2, 2, 9, 4, 3, 2, 3)",goods_receipt: ρ = type  │  invoice_receipt: ρ = CreditAmountBSEGWRBTR_band  │  material: ρ = type  │  payment: ρ = type  │  purchase_order: ρ = type  │  purchase_requisition: ρ = type  │  quotation: ρ = type,True,,537,927,43.19093851132686,1,1.7262569832402235,90,0.42071197411003236,0.03625072212593872
"(2, 3, 4, 4, 3, 2, 3)",goods_receipt: ρ = type  │  invoice_receipt: ρ = type  │  material: ρ = NetPriceEKPONETPR_band  │  payment: ρ = type  │  purchase_order: ρ = type  │  purchase_requisition: ρ = type  │  quotation: ρ = type,True,,557,927,43.34519956850054,1,1.6642728904847397,63,0.3991370010787486,0.0328085884844983
"(2, 3, 5, 4, 3, 2, 3)",goods_receipt: ρ = type  │  invoice_receipt: ρ = type  │  material: ρ = PlantEKPOWERKS  │  payment: ρ = type  │  purchase_order: ρ = type  │  purchase_requisition: ρ = type  │  quotation: ρ = type,True,,638,927,44.01294498381877,1,1.4529780564263324,63,0.3117583603020496,0.01790872328134019
"(2, 3, 7, 4, 3, 2, 3)",goods_receipt: ρ = type  │  invoice_receipt: ρ = type  │  material: ρ = QuantityEKPOMENGE_band  │  payment: ρ = type  │  purchase_order: ρ = type  │  purchase_requisition: ρ = type  │  quotation: ρ = type,True,,601,927,43.80474649406688,1,1.5424292845257903,63,0.3516720604099245,0.022554400154053522
"(2, 3, 8, 4, 3, 2, 3)",goods_receipt: ρ = type  │  invoice_receipt: ρ = type  │  material: ρ = StorageLocationEKPOLGORT  │  payment: ρ = type  │  purchase_order: ρ = type  │  purchase_requisition: ρ = type  │  quotation: ρ = type,True,,644,927,44.01294498381877,1,1.43944099378882,63,0.3052858683926645,0.01790872328134019
"(2, 3, 9, 2, 3, 2, 3)",goods_receipt: ρ = type  │  invoice_receipt: ρ = type  │  material: ρ = type  │  payment: ρ = AmountDMBTR_band  │  purchase_order: ρ = type  │  purchase_requisition: ρ = type  │  quotation: ρ = type,True,,538,927,43.19093851132686,1,1.7230483271375465,90,0.41963322545846815,0.03625072212593872
"(2, 3, 9, 3, 3, 2, 3)",goods_receipt: ρ = type  │  invoice_receipt: ρ = type  │  material: ρ = type  │  payment: ρ = PaymentMethodZLSCH  │  purchase_order: ρ = type  │  purchase_requisition: ρ = type  │  quotation: ρ = type,True,,554,927,43.19093851132686,1,1.6732851985559567,43,0.40237324703344124,0.03625072212593872
"(2, 3, 9, 4, 1, 2, 3)",goods_receipt: ρ = type  │  invoice_receipt: ρ = type  │  material: ρ = type  │  payment: ρ = type  │  purchase_order: ρ = PurchasingGroupEKKOEKGRP  │  purchase_requisition: ρ = type  │  quotation: ρ = type,True,,558,927,43.19093851132686,1,1.6612903225806452,34,0.3980582524271845,0.03625072212593872
"(2, 3, 9, 4, 3, 1, 3)",goods_receipt: ρ = type  │  invoice_receipt: ρ = type  │  material: ρ = type  │  payment: ρ = type  │  purchase_order: ρ = type  │  purchase_requisition: ρ = PurchasingGroupEBANEKGRP  │  quotation: ρ = type,True,,558,927,43.19093851132686,1,1.6612903225806452,34,0.3980582524271845,0.03625072212593872
"(2, 3, 9, 4, 3, 2, 1)",goods_receipt: ρ = type  │  invoice_receipt: ρ = type  │  material: ρ = type  │  payment: ρ = type  │  purchase_order: ρ = type  │  purchase_requisition: ρ = type  │  quotation: ρ = PurchasingGroupEBANEKGRP,True,,558,927,43.19093851132686,1,1.6612903225806452,34,0.3980582524271845,0.03625072212593872
"(2, 1, 9, 4, 3, 2, 3)",goods_receipt: ρ = type  │  invoice_receipt: ρ = CreditAmountBSEGWRBTR  │  material: ρ = type  │  payment: ρ = type  │  purchase_order: ρ = type  │  purchase_requisition: ρ = type  │  quotation: ρ = type,True,,909,927,43.19093851132686,1,1.0198019801980198,2,0.01941747572815533,0.03625072212593872
"(2, 2, 4, 4, 3, 2, 3)",goods_receipt: ρ = type  │  invoice_receipt: ρ = CreditAmountBSEGWRBTR_band  │  material: ρ = NetPriceEKPONETPR_band  │  payment: ρ = type  │  purchase_order: ρ = type  │  purchase_requisition: ρ = type  │  quotation: ρ = type,True,,596,927,43.34519956850054,1,1.5553691275167785,39,0.35706580366774543,0.0328085884844983
"(2, 2, 5, 4, 3, 2, 3)",goods_receipt: ρ = type  │  invoice_receipt: ρ = CreditAmountBSEGWRBTR_band  │  material: ρ = PlantEKPOWERKS  │  payment: ρ = type  │  purchase_order: ρ = type  │  purchase_requisition: ρ = type  │  quotation: ρ = type,True,,683,927,44.01294498381877,1,1.357247437774524,38,0.2632146709816613,0.01790872328134019
"(2, 2, 7, 4, 3, 2, 3)",goods_receipt: ρ = type  │  invoice_receipt: ρ = CreditAmountBSEGWRBTR_band  │  material: ρ = QuantityEKPOMENGE_band  │  payment: ρ = type  │  purchase_order: ρ = type  │  purchase_requisition: ρ = type  │  quotation: ρ = type,True,,638,927,43.80474649406688,1,1.4529780564263324,46,0.3117583603020496,0.022554400154053522
"(2, 2, 8, 4, 3, 2, 3)",goods_receipt: ρ = type  │  invoice_receipt: ρ = CreditAmountBSEGWRBTR_band  │  material: ρ = StorageLocationEKPOLGORT  │  payment: ρ = type  │  purchase_order: ρ = type  │  purchase_requisition: ρ = type  │  quotation: ρ = type,True,,684,927,44.01294498381877,1,1.355263157894737,38,0.2621359223300971,0.01790872328134019
"(2, 2, 9, 2, 3, 2, 3)",goods_receipt: ρ = type  │  invoice_receipt: ρ = CreditAmountBSEGWRBTR_band  │  material: ρ = type  │  payment: ρ = AmountDMBTR_band  │  purchase_order: ρ = type  │  purchase_requisition: ρ = type  │  quotation: ρ = type,True,,540,927,42.93311758360302,1,1.7166666666666666,90,0.41747572815533984,0.04200365877142298
"(2, 2, 9, 3, 3, 2, 3)",goods_receipt: ρ = type  │  invoice_receipt: ρ = CreditAmountBSEGWRBTR_band  │  material: ρ = type  │  payment: ρ = PaymentMethodZLSCH  │  purchase_order: ρ = type  │  purchase_requisition: ρ = type  │  quotation: ρ = type,True,,606,927,43.19093851132686,1,1.5297029702970297,31,0.34627831715210355,0.03625072212593872
"(2, 2, 9, 4, 1, 2, 3)",goods_receipt: ρ = type  │  invoice_receipt: ρ = CreditAmountBSEGWRBTR_band  │  material: ρ = type  │  payment: ρ = type  │  purchase_order: ρ = PurchasingGroupEKKOEKGRP  │  purchase_requisition: ρ = type  │  quotation: ρ = type,True,,602,927,43.19093851132686,1,1.5398671096345515,31,0.3505933117583603,0.03625072212593872
"(2, 2, 9, 4, 3, 1, 3)",goods_receipt: ρ = type  │  invoice_receipt: ρ = CreditAmountBSEGWRBTR_band  │  material: ρ = type  │  payment: ρ = type  │  purchase_order: ρ = type  │  purchase_requisition: ρ = PurchasingGroupEBANEKGRP  │  quotation: ρ = type,True,,602,927,43.19093851132686,1,1.5398671096345515,31,0.3505933117583603,0.03625072212593872
"(2, 2, 9, 4, 3, 2, 1)",goods_receipt: ρ = type  │  invoice_receipt: ρ = CreditAmountBSEGWRBTR_band  │  material: ρ = type  │  payment: ρ = type  │  purchase_order: ρ = type  │  purchase_requisition: ρ = type  │  quotation: ρ = PurchasingGroupEBANEKGRP,True,,602,927,43.19093851132686,1,1.5398671096345515,31,0.3505933117583603,0.03625072212593872
"(2, 3, 3, 4, 3, 2, 3)",goods_receipt: ρ = type  │  invoice_receipt: ρ = type  │  material: ρ = NetPriceEKPONETPR  │  payment: ρ = type  │  purchase_order: ρ = type  │  purchase_requisition: ρ = type  │  quotation: ρ = type,True,,687,927,44.13484358144552,1,1.3493449781659388,63,0.25889967637540456,0.015188715578663525
"(2, 3, 4, 2, 3, 2, 3)",goods_receipt: ρ = type  │  invoice_receipt: ρ = type  │  material: ρ = NetPriceEKPONETPR_band  │  payment: ρ = AmountDMBTR_band  │  purchase_order: ρ = type  │  purchase_requisition: ρ = type  │  quotation: ρ = type,True,,596,927,43.34519956850054,1,1.5553691275167785,39,0.35706580366774543,0.0328085884844983
"(2, 3, 4, 3, 3, 2, 3)",goods_receipt: ρ = type  │  invoice_receipt: ρ = type  │  material: ρ = NetPriceEKPONETPR_band  │  payment: ρ = PaymentMethodZLSCH  │  purchase_order: ρ = type  │  purchase_requisition: ρ = type  │  quotation: ρ = type,True,,623,927,43.34519956850054,1,1.4879614767255216,24,0.32793959007551243,0.0328085884844983
"(2, 3, 4, 4, 1, 2, 3)",goods_receipt: ρ = type  │  invoice_receipt: ρ = type  │  material: ρ = NetPriceEKPONETPR_band  │  payment: ρ = type  │  purchase_order: ρ = PurchasingGroupEKKOEKGRP  │  purchase_requisition: ρ = type  │  quotation: ρ = type,True,,589,927,43.34519956850054,1,1.5738539898132429,34,0.3646170442286947,0.0328085884844983
"(2, 3, 4, 4, 3, 1, 3)",goods_receipt: ρ = type  │  invoice_receipt: ρ = type  │  material: ρ = NetPriceEKPONETPR_band  │  payment: ρ = type  │  purchase_order: ρ = type  │  purchase_requisition: ρ = PurchasingGroupEBANEKGRP  │  quotation: ρ = type,True,,589,927,43.34519956850054,1,1.5738539898132429,34,0.3646170442286947,0.0328085884844983
"(2, 3, 4, 4, 3, 2, 1)",goods_receipt: ρ = type  │  invoice_receipt: ρ = type  │  material: ρ = NetPriceEKPONETPR_band  │  payment: ρ = type  │  purchase_order: ρ = type  │  purchase_requisition: ρ = type  │  quotation: ρ = PurchasingGroupEBANEKGRP,True,,589,927,43.34519956850054,1,1.5738539898132429,34,0.3646170442286947,0.0328085884844983
"(2, 3, 1, 4, 3, 2, 3)",goods_receipt: ρ = type  │  invoice_receipt: ρ = type  │  material: ρ = DeliveryDateEKPOBEDAT  │  payment: ρ = type  │  purchase_order: ρ = type  │  purchase_requisition: ρ = type  │  quotation: ρ = type,True,,839,927,44.353829557713055,1,1.104886769964243,63,0.09492988133764835,0.010302330059695608
"(2, 3, 5, 2, 3, 2, 3)",goods_receipt: ρ = type  │  invoice_receipt: ρ = type  │  material: ρ = PlantEKPOWERKS  │  payment: ρ = AmountDMBTR_band  │  purchase_order: ρ = type  │  purchase_requisition: ρ = type  │  quotation: ρ = type,True,,683,927,44.01294498381877,1,1.357247437774524,36,0.2632146709816613,0.01790872328134019
"(2, 3, 5, 3, 3, 2, 3)",goods_receipt: ρ = type  │  invoice_receipt: ρ = type  │  material: ρ = PlantEKPOWERKS  │  payment: ρ = PaymentMethodZLSCH  │  purchase_order: ρ = type  │  purchase_requisition: ρ = type  │  quotation: ρ = type,True,,693,927,44.01294498381877,1,1.3376623376623376,24,0.2524271844660194,0.01790872328134019
"(2, 3, 5, 4, 1, 2, 3)",goods_receipt: ρ = type  │  invoice_receipt: ρ = type  │  material: ρ = PlantEKPOWERKS  │  payment: ρ = type  │  purchase_order: ρ = PurchasingGroupEKKOEKGRP  │  purchase_requisition: ρ = type  │  quotation: ρ = type,True,,710,927,44.01294498381877,1,1.3056338028169014,22,0.2340884573894283,0.01790872328134019
"(2, 3, 5, 4, 3, 1, 3)",goods_receipt: ρ = type  │  invoice_receipt: ρ = type  │  material: ρ = PlantEKPOWERKS  │  payment: ρ = type  │  purchase_order: ρ = type  │  purchase_requisition: ρ = PurchasingGroupEBANEKGRP  │  quotation: ρ = type,True,,710,927,44.01294498381877,1,1.3056338028169014,22,0.2340884573894283,0.01790872328134019
"(2, 3, 5, 4, 3, 2, 1)",goods_receipt: ρ = type  │  invoice_receipt: ρ = type  │  material: ρ = PlantEKPOWERKS  │  payment: ρ = type  │  purchase_order: ρ = type  │  purchase_requisition: ρ = type  │  quotation: ρ = PurchasingGroupEBANEKGRP,True,,710,927,44.01294498381877,1,1.3056338028169014,22,0.2340884573894283,0.01790872328134019
"(2, 3, 6, 4, 3, 2, 3)",goods_receipt: ρ = type  │  invoice_receipt: ρ = type  │  material: ρ = QuantityEKPOMENGE  │  payment: ρ = type  │  purchase_order: ρ = type  │  purchase_requisition: ρ = type  │  quotation: ρ = type,True,,778,927,44.33009708737864,1,1.1915167095115682,63,0.1607335490830637,0.010831889081455826
"(2, 3, 7, 2, 3, 2, 3)",goods_receipt: ρ = type  │  invoice_receipt: ρ = type  │  material: ρ = QuantityEKPOMENGE_band  │  payment: ρ = AmountDMBTR_band  │  purchase_order: ρ = type  │  purchase_requisition: ρ = type  │  quotation: ρ = type,True,,638,927,43.80474649406688,1,1.4529780564263324,46,0.3117583603020496,0.022554400154053522
"(2, 3, 7, 3, 3, 2, 3)",goods_receipt: ρ = type  │  invoice_receipt: ρ = type  │  material: ρ = QuantityEKPOMENGE_band  │  payment: ρ = PaymentMethodZLSCH  │  purchase_order: ρ = type  │  purchase_requisition: ρ = type  │  quotation: ρ = type,True,,659,927,43.80474649406688,1,1.4066767830045523,24,0.28910463861920177,0.022554400154053522
"(2, 3, 7, 4, 1, 2, 3)",goods_receipt: ρ = type  │  invoice_receipt: ρ = type  │  material: ρ = QuantityEKPOMENGE_band  │  payment: ρ = type  │  purchase_order: ρ = PurchasingGroupEKKOEKGRP  │  purchase_requisition: ρ = type  │  quotation: ρ = type,True,,679,927,43.80474649406688,1,1.3652430044182622,22,0.267529665587918,0.022554400154053522
"(2, 3, 7, 4, 3, 1, 3)",goods_receipt: ρ = type  │  invoice_receipt: ρ = type  │  material: ρ = QuantityEKPOMENGE_band  │  payment: ρ = type  │  purchase_order: ρ = type  │  purchase_requisition: ρ = PurchasingGroupEBANEKGRP  │  quotation: ρ = type,True,,679,927,43.80474649406688,1,1.3652430044182622,22,0.267529665587918,0.022554400154053522
"(2, 3, 7, 4, 3, 2, 1)",goods_receipt: ρ = type  │  invoice_receipt: ρ = type  │  material: ρ = QuantityEKPOMENGE_band  │  payment: ρ = type  │  purchase_order: ρ = type  │  purchase_requisition: ρ = type  │  quotation: ρ = PurchasingGroupEBANEKGRP,True,,679,927,43.80474649406688,1,1.3652430044182622,22,0.267529665587918,0.022554400154053522
"(2, 3, 8, 2, 3, 2, 3)",goods_receipt: ρ = type  │  invoice_receipt: ρ = type  │  material: ρ = StorageLocationEKPOLGORT  │  payment: ρ = AmountDMBTR_band  │  purchase_order: ρ = type  │  purchase_requisition: ρ = type  │  quotation: ρ = type,True,,685,927,44.01294498381877,1,1.3532846715328468,36,0.2610571736785329,0.01790872328134019
"(2, 3, 8, 3, 3, 2, 3)",goods_receipt: ρ = type  │  invoice_receipt: ρ = type  │  material: ρ = StorageLocationEKPOLGORT  │  payment: ρ = PaymentMethodZLSCH  │  purchase_order: ρ = type  │  purchase_requisition: ρ = type  │  quotation: ρ = type,True,,693,927,44.01294498381877,1,1.3376623376623376,24,0.2524271844660194,0.01790872328134019
"(2, 3, 8, 4, 1, 2, 3)",goods_receipt: ρ = type  │  invoice_receipt: ρ = type  │  material: ρ = StorageLocationEKPOLGORT  │  payment: ρ = type  │  purchase_order: ρ = PurchasingGroupEKKOEKGRP  │  purchase_requisition: ρ = type  │  quotation: ρ = type,True,,708,927,44.01294498381877,1,1.3093220338983051,22,0.2362459546925566,0.01790872328134019
"(2, 3, 8, 4, 3, 1, 3)",goods_receipt: ρ = type  │  invoice_receipt: ρ = type  │  material: ρ = StorageLocationEKPOLGORT  │  payment: ρ = type  │  purchase_order: ρ = type  │  purchase_requisition: ρ = PurchasingGroupEBANEKGRP  │  quotation: ρ = type,True,,708,927,44.01294498381877,1,1.3093220338983051,22,0.2362459546925566,0.01790872328134019
"(2, 3, 8, 4, 3, 2, 1)",goods_receipt: ρ = type  │  invoice_receipt: ρ = type  │  material: ρ = StorageLocationEKPOLGORT  │  payment: ρ = type  │  purchase_order: ρ = type  │  purchase_requisition: ρ = type  │  quotation: ρ = PurchasingGroupEBANEKGRP,True,,708,927,44.01294498381877,1,1.3093220338983051,22,0.2362459546925566,0.01790872328134019
"(2, 3, 9, 1, 3, 2, 3)",goods_receipt: ρ = type  │  invoice_receipt: ρ = type  │  material: ρ = type  │  payment: ρ = AmountDMBTR  │  purchase_order: ρ = type  │  purchase_requisition: ρ = type  │  quotation: ρ = type,True,,909,927,43.19093851132686,1,1.0198019801980198,2,0.01941747572815533,0.03625072212593872
"(2, 3, 9, 2, 1, 2, 3)",goods_receipt: ρ = type  │  invoice_receipt: ρ = type  │  material: ρ = type  │  payment: ρ = AmountDMBTR_band  │  purchase_order: ρ = PurchasingGroupEKKOEKGRP  │  purchase_requisition: ρ = type  │  quotation: ρ = type,True,,603,927,43.19093851132686,1,1.537313432835821,31,0.3495145631067961,0.03625072212593872
"(2, 3, 9, 2, 3, 1, 3)",goods_receipt: ρ = type  │  invoice_receipt: ρ = type  │  material: ρ = type  │  payment: ρ = AmountDMBTR_band  │  purchase_order: ρ = type  │  purchase_requisition: ρ = PurchasingGroupEBANEKGRP  │  quotation: ρ = type,True,,603,927,43.19093851132686,1,1.537313432835821,31,0.3495145631067961,0.03625072212593872
"(2, 3, 9, 2, 3, 2, 1)",goods_receipt: ρ = type  │  invoice_receipt: ρ = type  │  material: ρ = type  │  payment: ρ = AmountDMBTR_band  │  purchase_order: ρ = type  │  purchase_requisition: ρ = type  │  quotation: ρ = PurchasingGroupEBANEKGRP,True,,603,927,43.19093851132686,1,1.537313432835821,31,0.3495145631067961,0.03625072212593872
"(2, 3, 9, 0, 3, 2, 3)",goods_receipt: ρ = type  │  invoice_receipt: ρ = type  │  material: ρ = type  │  payment: ρ = id  │  purchase_order: ρ = type  │  purchase_requisition: ρ = type  │  quotation: ρ = type,False,no merging (K = n_executions),927,927,43.19093851132686,1,1.0,1,0.0,0.03625072212593872
"(2, 3, 9, 3, 1, 2, 3)",goods_receipt: ρ = type  │  invoice_receipt: ρ = type  │  material: ρ = type  │  payment: ρ = PaymentMethodZLSCH  │  purchase_order: ρ = PurchasingGroupEKKOEKGRP  │  purchase_requisition: ρ = type  │  quotation: ρ = type,True,,638,927,43.19093851132686,1,1.4529780564263324,14,0.3117583603020496,0.03625072212593872
"(2, 3, 9, 3, 3, 1, 3)",goods_receipt: ρ = type  │  invoice_receipt: ρ = type  │  material: ρ = type  │  payment: ρ = PaymentMethodZLSCH  │  purchase_order: ρ = type  │  purchase_requisition: ρ = PurchasingGroupEBANEKGRP  │  quotation: ρ = type,True,,638,927,43.19093851132686,1,1.4529780564263324,14,0.3117583603020496,0.03625072212593872
"(2, 3, 9, 3, 3, 2, 1)",goods_receipt: ρ = type  │  invoice_receipt: ρ = type  │  material: ρ = type  │  payment: ρ = PaymentMethodZLSCH  │  purchase_order: ρ = type  │  purchase_requisition: ρ = type  │  quotation: ρ = PurchasingGroupEBANEKGRP,True,,638,927,43.19093851132686,1,1.4529780564263324,14,0.3117583603020496,0.03625072212593872
"(2, 3, 9, 4, 1, 1, 3)",goods_receipt: ρ = type  │  invoice_receipt: ρ = type  │  material: ρ = type  │  payment: ρ = type  │  purchase_order: ρ = PurchasingGroupEKKOEKGRP  │  purchase_requisition: ρ = PurchasingGroupEBANEKGRP  │  quotation: ρ = type,True,,558,927,43.19093851132686,1,1.6612903225806452,34,0.3980582524271845,0.03625072212593872
"(2, 3, 9, 4, 1, 2, 1)",goods_receipt: ρ = type  │  invoice_receipt: ρ = type  │  material: ρ = type  │  payment: ρ = type  │  purchase_order: ρ = PurchasingGroupEKKOEKGRP  │  purchase_requisition: ρ = type  │  quotation: ρ = PurchasingGroupEBANEKGRP,True,,558,927,42.36785329018339,1,1.6612903225806452,34,0.3980582524271845,0.05461679183516266
"(2, 3, 9, 4, 2, 2, 3)",goods_receipt: ρ = type  │  invoice_receipt: ρ = type  │  material: ρ = type  │  payment: ρ = type  │  purchase_order: ρ = VendorEKKOLIFNR  │  purchase_requisition: ρ = type  │  quotation: ρ = type,True,,748,927,43.19093851132686,1,1.2393048128342246,7,0.1930960086299892,0.03625072212593872
"(2, 3, 9, 4, 3, 0, 3)",goods_receipt: ρ = type  │  invoice_receipt: ρ = type  │  material: ρ = type  │  payment: ρ = type  │  purchase_order: ρ = type  │  purchase_requisition: ρ = id  │  quotation: ρ = type,False,no merging (K = n_executions),927,927,43.19093851132686,1,1.0,1,0.0,0.03625072212593872
"(2, 3, 9, 4, 3, 1, 1)",goods_receipt: ρ = type  │  invoice_receipt: ρ = type  │  material: ρ = type  │  payment: ρ = type  │  purchase_order: ρ = type  │  purchase_requisition: ρ = PurchasingGroupEBANEKGRP  │  quotation: ρ = PurchasingGroupEBANEKGRP,True,,558,927,43.19093851132686,1,1.6612903225806452,34,0.3980582524271845,0.03625072212593872
"(2, 3, 9, 4, 3, 2, 2)",goods_receipt: ρ = type  │  invoice_receipt: ρ = type  │  material: ρ = type  │  payment: ρ = type  │  purchase_order: ρ = type  │  purchase_requisition: ρ = type  │  quotation: ρ = VendorEBANLIFNR,True,,748,927,43.19093851132686,1,1.2393048128342246,7,0.1930960086299892,0.03625072212593872
"(2, 0, 9, 4, 3, 2, 3)",goods_receipt: ρ = type  │  invoice_receipt: ρ = id  │  material: ρ = type  │  payment: ρ = type  │  purchase_order: ρ = type  │  purchase_requisition: ρ = type  │  quotation: ρ = type,False,no merging (K = n_executions),927,927,43.19093851132686,1,1.0,1,0.0,0.03625072212593872
"(2, 1, 4, 4, 3, 2, 3)",goods_receipt: ρ = type  │  invoice_receipt: ρ = CreditAmountBSEGWRBTR  │  material: ρ = NetPriceEKPONETPR_band  │  payment: ρ = type  │  purchase_order: ρ = type  │  purchase_requisition: ρ = type  │  quotation: ρ = type,True,,916,927,43.34519956850054,1,1.012008733624454,2,0.011866235167206085,0.0328085884844983
"(2, 1, 5, 4, 3, 2, 3)",goods_receipt: ρ = type  │  invoice_receipt: ρ = CreditAmountBSEGWRBTR  │  material: ρ = PlantEKPOWERKS  │  payment: ρ = type  │  purchase_order: ρ = type  │  purchase_requisition: ρ = type  │  quotation: ρ = type,True,,922,927,44.01294498381877,1,1.0054229934924077,2,0.005393743257820938,0.01790872328134019
"(2, 1, 7, 4, 3, 2, 3)",goods_receipt: ρ = type  │  invoice_receipt: ρ = CreditAmountBSEGWRBTR  │  material: ρ = QuantityEKPOMENGE_band  │  payment: ρ = type  │  purchase_order: ρ = type  │  purchase_requisition: ρ = type  │  quotation: ρ = type,True,,916,927,43.80474649406688,1,1.012008733624454,2,0.011866235167206085,0.022554400154053522
"(2, 1, 8, 4, 3, 2, 3)",goods_receipt: ρ = type  │  invoice_receipt: ρ = CreditAmountBSEGWRBTR  │  material: ρ = StorageLocationEKPOLGORT  │  payment: ρ = type  │  purchase_order: ρ = type  │  purchase_requisition: ρ = type  │  quotation: ρ = type,True,,923,927,44.01294498381877,1,1.0043336944745396,2,0.004314994606256728,0.01790872328134019
"(2, 1, 9, 2, 3, 2, 3)",goods_receipt: ρ = type  │  invoice_receipt: ρ = CreditAmountBSEGWRBTR  │  material: ρ = type  │  payment: ρ = AmountDMBTR_band  │  purchase_order: ρ = type  │  purchase_requisition: ρ = type  │  quotation: ρ = type,True,,909,927,43.19093851132686,1,1.0198019801980198,2,0.01941747572815533,0.03625072212593872
"(2, 1, 9, 3, 3, 2, 3)",goods_receipt: ρ = type  │  invoice_receipt: ρ = CreditAmountBSEGWRBTR  │  material: ρ = type  │  payment: ρ = PaymentMethodZLSCH  │  purchase_order: ρ = type  │  purchase_requisition: ρ = type  │  quotation: ρ = type,True,,922,927,43.19093851132686,1,1.0054229934924077,2,0.005393743257820938,0.03625072212593872
"(2, 1, 9, 4, 1, 2, 3)",goods_receipt: ρ = type  │  invoice_receipt: ρ = CreditAmountBSEGWRBTR  │  material: ρ = type  │  payment: ρ = type  │  purchase_order: ρ = PurchasingGroupEKKOEKGRP  │  purchase_requisition: ρ = type  │  quotation: ρ = type,True,,918,927,43.19093851132686,1,1.0098039215686274,2,0.009708737864077666,0.03625072212593872
"(2, 1, 9, 4, 3, 1, 3)",goods_receipt: ρ = type  │  invoice_receipt: ρ = CreditAmountBSEGWRBTR  │  material: ρ = type  │  payment: ρ = type  │  purchase_order: ρ = type  │  purchase_requisition: ρ = PurchasingGroupEBANEKGRP  │  quotation: ρ = type,True,,918,927,43.19093851132686,1,1.0098039215686274,2,0.009708737864077666,0.03625072212593872
"(2, 1, 9, 4, 3, 2, 1)",goods_receipt: ρ = type  │  invoice_receipt: ρ = CreditAmountBSEGWRBTR  │  material: ρ = type  │  payment: ρ = type  │  purchase_order: ρ = type  │  purchase_requisition: ρ = type  │  quotation: ρ = PurchasingGroupEBANEKGRP,True,,918,927,43.19093851132686,1,1.0098039215686274,2,0.009708737864077666,0.03625072212593872
"(2, 2, 3, 4, 3, 2, 3)",goods_receipt: ρ = type  │  invoice_receipt: ρ = CreditAmountBSEGWRBTR_band  │  material: ρ = NetPriceEKPONETPR  │  payment: ρ = type  │  purchase_order: ρ = type  │  purchase_requisition: ρ = type  │  quotation: ρ = type,True,,716,927,44.13484358144552,1,1.2946927374301676,38,0.22761596548004315,0.015188715578663525
"(2, 2, 4, 2, 3, 2, 3)",goods_receipt: ρ = type  │  invoice_receipt: ρ = CreditAmountBSEGWRBTR_band  │  material: ρ = NetPriceEKPONETPR_band  │  payment: ρ = AmountDMBTR_band  │  purchase_order: ρ = type  │  purchase_requisition: ρ = type  │  quotation: ρ = type,True,,598,927,43.0873786407767,1,1.5501672240802675,39,0.354908306364617,0.03856152512998268
"(2, 2, 4, 3, 3, 2, 3)",goods_receipt: ρ = type  │  invoice_receipt: ρ = CreditAmountBSEGWRBTR_band  │  material: ρ = NetPriceEKPONETPR_band  │  payment: ρ = PaymentMethodZLSCH  │  purchase_order: ρ = type  │  purchase_requisition: ρ = type  │  quotation: ρ = type,True,,665,927,43.34519956850054,1,1.393984962406015,16,0.2826321467098166,0.0328085884844983
"(2, 2, 4, 4, 1, 2, 3)",goods_receipt: ρ = type  │  invoice_receipt: ρ = CreditAmountBSEGWRBTR_band  │  material: ρ = NetPriceEKPONETPR_band  │  payment: ρ = type  │  purchase_order: ρ = PurchasingGroupEKKOEKGRP  │  purchase_requisition: ρ = type  │  quotation: ρ = type,True,,630,927,43.34519956850054,1,1.4714285714285715,29,0.3203883495145631,0.0328085884844983
"(2, 2, 4, 4, 3, 1, 3)",goods_receipt: ρ = type  │  invoice_receipt: ρ = CreditAmountBSEGWRBTR_band  │  material: ρ = NetPriceEKPONETPR_band  │  payment: ρ = type  │  purchase_order: ρ = type  │  purchase_requisition: ρ = PurchasingGroupEBANEKGRP  │  quotation: ρ = type,True,,630,927,43.34519956850054,1,1.4714285714285715,29,0.3203883495145631,0.0328085884844983
"(2, 2, 4, 4, 3, 2, 1)",goods_receipt: ρ = type  │  invoice_receipt: ρ = CreditAmountBSEGWRBTR_band  │  material: ρ = NetPriceEKPONETPR_band  │  payment: ρ = type  │  purchase_order: ρ = type  │  purchase_requisition: ρ = type  │  quotation: ρ = PurchasingGroupEBANEKGRP,True,,630,927,43.34519956850054,1,1.4714285714285715,29,0.3203883495145631,0.0328085884844983
"(2, 2, 1, 4, 3, 2, 3)",goods_receipt: ρ = type  │  invoice_receipt: ρ = CreditAmountBSEGWRBTR_band  │  material: ρ = DeliveryDateEKPOBEDAT  │  payment: ρ = type  │  purchase_order: ρ = type  │  purchase_requisition: ρ = type  │  quotation: ρ = type,True,,850,927,44.353829557713055,1,1.0905882352941176,38,0.08306364617044226,0.010302330059695608
"(2, 2, 5, 2, 3, 2, 3)",goods_receipt: ρ = type  │  invoice_receipt: ρ = CreditAmountBSEGWRBTR_band  │  material: ρ = PlantEKPOWERKS  │  payment: ρ = AmountDMBTR_band  │  purchase_order: ρ = type  │  purchase_requisition: ρ = type  │  quotation: ρ = type,True,,685,927,43.75512405609493,1,1.3532846715328468,36,0.2610571736785329,0.023661659926824563
"(2, 2, 5, 3, 3, 2, 3)",goods_receipt: ρ = type  │  invoice_receipt: ρ = CreditAmountBSEGWRBTR_band  │  material: ρ = PlantEKPOWERKS  │  payment: ρ = PaymentMethodZLSCH  │  purchase_order: ρ = type  │  purchase_requisition: ρ = type  │  quotation: ρ = type,True,,738,927,44.01294498381877,1,1.2560975609756098,15,0.2038834951456311,0.01790872328134019
"(2, 2, 5, 4, 1, 2, 3)",goods_receipt: ρ = type  │  invoice_receipt: ρ = CreditAmountBSEGWRBTR_band  │  material: ρ = PlantEKPOWERKS  │  payment: ρ = type  │  purchase_order: ρ = PurchasingGroupEKKOEKGRP  │  purchase_requisition: ρ = type  │  quotation: ρ = type,True,,741,927,44.01294498381877,1,1.2510121457489878,12,0.20064724919093846,0.01790872328134019
"(2, 2, 5, 4, 3, 1, 3)",goods_receipt: ρ = type  │  invoice_receipt: ρ = CreditAmountBSEGWRBTR_band  │  material: ρ = PlantEKPOWERKS  │  payment: ρ = type  │  purchase_order: ρ = type  │  purchase_requisition: ρ = PurchasingGroupEBANEKGRP  │  quotation: ρ = type,True,,741,927,44.01294498381877,1,1.2510121457489878,12,0.20064724919093846,0.01790872328134019
"(2, 2, 5, 4, 3, 2, 1)",goods_receipt: ρ = type  │  invoice_receipt: ρ = CreditAmountBSEGWRBTR_band  │  material: ρ = PlantEKPOWERKS  │  payment: ρ = type  │  purchase_order: ρ = type  │  purchase_requisition: ρ = type  │  quotation: ρ = PurchasingGroupEBANEKGRP,True,,741,927,44.01294498381877,1,1.2510121457489878,12,0.20064724919093846,0.01790872328134019
"(2, 2, 6, 4, 3, 2, 3)",goods_receipt: ρ = type  │  invoice_receipt: ρ = CreditAmountBSEGWRBTR_band  │  material: ρ = QuantityEKPOMENGE  │  payment: ρ = type  │  purchase_order: ρ = type  │  purchase_requisition: ρ = type  │  quotation: ρ = type,True,,800,927,44.33009708737864,1,1.15875,38,0.13700107874865153,0.010831889081455826
"(2, 2, 7, 2, 3, 2, 3)",goods_receipt: ρ = type  │  invoice_receipt: ρ = CreditAmountBSEGWRBTR_band  │  material: ρ = QuantityEKPOMENGE_band  │  payment: ρ = AmountDMBTR_band  │  purchase_order: ρ = type  │  purchase_requisition: ρ = type  │  quotation: ρ = type,True,,640,927,43.54692556634304,1,1.4484375,46,0.3096008629989212,0.028307336799537786
"(2, 2, 7, 3, 3, 2, 3)",goods_receipt: ρ = type  │  invoice_receipt: ρ = CreditAmountBSEGWRBTR_band  │  material: ρ = QuantityEKPOMENGE_band  │  payment: ρ = PaymentMethodZLSCH  │  purchase_order: ρ = type  │  purchase_requisition: ρ = type  │  quotation: ρ = type,True,,701,927,43.80474649406688,1,1.3223965763195435,17,0.24379719525350596,0.022554400154053522
"(2, 2, 7, 4, 1, 2, 3)",goods_receipt: ρ = type  │  invoice_receipt: ρ = CreditAmountBSEGWRBTR_band  │  material: ρ = QuantityEKPOMENGE_band  │  payment: ρ = type  │  purchase_order: ρ = PurchasingGroupEKKOEKGRP  │  purchase_requisition: ρ = type  │  quotation: ρ = type,True,,701,927,43.80474649406688,1,1.3223965763195435,17,0.24379719525350596,0.022554400154053522
"(2, 2, 7, 4, 3, 1, 3)",goods_receipt: ρ = type  │  invoice_receipt: ρ = CreditAmountBSEGWRBTR_band  │  material: ρ = QuantityEKPOMENGE_band  │  payment: ρ = type  │  purchase_order: ρ = type  │  purchase_requisition: ρ = PurchasingGroupEBANEKGRP  │  quotation: ρ = type,True,,701,927,43.80474649406688,1,1.3223965763195435,17,0.24379719525350596,0.022554400154053522
"(2, 2, 7, 4, 3, 2, 1)",goods_receipt: ρ = type  │  invoice_receipt: ρ = CreditAmountBSEGWRBTR_band  │  material: ρ = QuantityEKPOMENGE_band  │  payment: ρ = type  │  purchase_order: ρ = type  │  purchase_requisition: ρ = type  │  quotation: ρ = PurchasingGroupEBANEKGRP,True,,701,927,43.80474649406688,1,1.3223965763195435,17,0.24379719525350596,0.022554400154053522
"(2, 2, 8, 2, 3, 2, 3)",goods_receipt: ρ = type  │  invoice_receipt: ρ = CreditAmountBSEGWRBTR_band  │  material: ρ = StorageLocationEKPOLGORT  │  payment: ρ = AmountDMBTR_band  │  purchase_order: ρ = type  │  purchase_requisition: ρ = type  │  quotation: ρ = type,True,,686,927,43.75512405609493,1,1.3513119533527698,36,0.25997842502696866,0.023661659926824563
"(2, 2, 8, 3, 3, 2, 3)",goods_receipt: ρ = type  │  invoice_receipt: ρ = CreditAmountBSEGWRBTR_band  │  material: ρ = StorageLocationEKPOLGORT  │  payment: ρ = PaymentMethodZLSCH  │  purchase_order: ρ = type  │  purchase_requisition: ρ = type  │  quotation: ρ = type,True,,737,927,44.01294498381877,1,1.2578018995929443,15,0.2049622437971953,0.01790872328134019
"(2, 2, 8, 4, 1, 2, 3)",goods_receipt: ρ = type  │  invoice_receipt: ρ = CreditAmountBSEGWRBTR_band  │  material: ρ = StorageLocationEKPOLGORT  │  payment: ρ = type  │  purchase_order: ρ = PurchasingGroupEKKOEKGRP  │  purchase_requisition: ρ = type  │  quotation: ρ = type,True,,741,927,44.01294498381877,1,1.2510121457489878,12,0.20064724919093846,0.01790872328134019
"(2, 2, 8, 4, 3, 1, 3)",goods_receipt: ρ = type  │  invoice_receipt: ρ = CreditAmountBSEGWRBTR_band  │  material: ρ = StorageLocationEKPOLGORT  │  payment: ρ = type  │  purchase_order: ρ = type  │  purchase_requisition: ρ = PurchasingGroupEBANEKGRP  │  quotation: ρ = type,True,,741,927,44.01294498381877,1,1.2510121457489878,12,0.20064724919093846,0.01790872328134019
"(2, 2, 8, 4, 3, 2, 1)",goods_receipt: ρ = type  │  invoice_receipt: ρ = CreditAmountBSEGWRBTR_band  │  material: ρ = StorageLocationEKPOLGORT  │  payment: ρ = type  │  purchase_order: ρ = type  │  purchase_requisition: ρ = type  │  quotation: ρ = PurchasingGroupEBANEKGRP,True,,741,927,44.01294498381877,1,1.2510121457489878,12,0.20064724919093846,0.01790872328134019
"(2, 2, 9, 1, 3, 2, 3)",goods_receipt: ρ = type  │  invoice_receipt: ρ = CreditAmountBSEGWRBTR_band  │  material: ρ = type  │  payment: ρ = AmountDMBTR  │  purchase_order: ρ = type  │  purchase_requisition: ρ = type  │  quotation: ρ = type,True,,909,927,43.19093851132686,1,1.0198019801980198,2,0.01941747572815533,0.03625072212593872
"(2, 2, 9, 2, 1, 2, 3)",goods_receipt: ρ = type  │  invoice_receipt: ρ = CreditAmountBSEGWRBTR_band  │  material: ρ = type  │  payment: ρ = AmountDMBTR_band  │  purchase_order: ρ = PurchasingGroupEKKOEKGRP  │  purchase_requisition: ρ = type  │  quotation: ρ = type,True,,606,927,42.93311758360302,1,1.5297029702970297,31,0.34627831715210355,0.04200365877142298
"(2, 2, 9, 2, 3, 1, 3)",goods_receipt: ρ = type  │  invoice_receipt: ρ = CreditAmountBSEGWRBTR_band  │  material: ρ = type  │  payment: ρ = AmountDMBTR_band  │  purchase_order: ρ = type  │  purchase_requisition: ρ = PurchasingGroupEBANEKGRP  │  quotation: ρ = type,True,,606,927,42.93311758360302,1,1.5297029702970297,31,0.34627831715210355,0.04200365877142298
"(2, 2, 9, 2, 3, 2, 1)",goods_receipt: ρ = type  │  invoice_receipt: ρ = CreditAmountBSEGWRBTR_band  │  material: ρ = type  │  payment: ρ = AmountDMBTR_band  │  purchase_order: ρ = type  │  purchase_requisition: ρ = type  │  quotation: ρ = PurchasingGroupEBANEKGRP,True,,606,927,42.93311758360302,1,1.5297029702970297,31,0.34627831715210355,0.04200365877142298
"(2, 2, 9, 3, 1, 2, 3)",goods_receipt: ρ = type  │  invoice_receipt: ρ = CreditAmountBSEGWRBTR_band  │  material: ρ = type  │  payment: ρ = PaymentMethodZLSCH  │  purchase_order: ρ = PurchasingGroupEKKOEKGRP  │  purchase_requisition: ρ = type  │  quotation: ρ = type,True,,686,927,43.19093851132686,1,1.3513119533527698,14,0.25997842502696866,0.03625072212593872
"(2, 2, 9, 3, 3, 1, 3)",goods_receipt: ρ = type  │  invoice_receipt: ρ = CreditAmountBSEGWRBTR_band  │  material: ρ = type  │  payment: ρ = PaymentMethodZLSCH  │  purchase_order: ρ = type  │  purchase_requisition: ρ = PurchasingGroupEBANEKGRP  │  quotation: ρ = type,True,,686,927,43.19093851132686,1,1.3513119533527698,14,0.25997842502696866,0.03625072212593872
"(2, 2, 9, 3, 3, 2, 1)",goods_receipt: ρ = type  │  invoice_receipt: ρ = CreditAmountBSEGWRBTR_band  │  material: ρ = type  │  payment: ρ = PaymentMethodZLSCH  │  purchase_order: ρ = type  │  purchase_requisition: ρ = type  │  quotation: ρ = PurchasingGroupEBANEKGRP,True,,686,927,43.19093851132686,1,1.3513119533527698,14,0.25997842502696866,0.03625072212593872
"(2, 2, 9, 4, 1, 1, 3)",goods_receipt: ρ = type  │  invoice_receipt: ρ = CreditAmountBSEGWRBTR_band  │  material: ρ = type  │  payment: ρ = type  │  purchase_order: ρ = PurchasingGroupEKKOEKGRP  │  purchase_requisition: ρ = PurchasingGroupEBANEKGRP  │  quotation: ρ = type,True,,602,927,43.19093851132686,1,1.5398671096345515,31,0.3505933117583603,0.03625072212593872
"(2, 2, 9, 4, 1, 2, 1)",goods_receipt: ρ = type  │  invoice_receipt: ρ = CreditAmountBSEGWRBTR_band  │  material: ρ = type  │  payment: ρ = type  │  purchase_order: ρ = PurchasingGroupEKKOEKGRP  │  purchase_requisition: ρ = type  │  quotation: ρ = PurchasingGroupEBANEKGRP,True,,602,927,42.36785329018339,1,1.5398671096345515,31,0.3505933117583603,0.05461679183516266
"(2, 2, 9, 4, 2, 2, 3)",goods_receipt: ρ = type  │  invoice_receipt: ρ = CreditAmountBSEGWRBTR_band  │  material: ρ = type  │  payment: ρ = type  │  purchase_order: ρ = VendorEKKOLIFNR  │  purchase_requisition: ρ = type  │  quotation: ρ = type,True,,791,927,43.19093851132686,1,1.1719342604298357,7,0.1467098166127292,0.03625072212593872
"(2, 2, 9, 4, 3, 1, 1)",goods_receipt: ρ = type  │  invoice_receipt: ρ = CreditAmountBSEGWRBTR_band  │  material: ρ = type  │  payment: ρ = type  │  purchase_order: ρ = type  │  purchase_requisition: ρ = PurchasingGroupEBANEKGRP  │  quotation: ρ = PurchasingGroupEBANEKGRP,True,,602,927,43.19093851132686,1,1.5398671096345515,31,0.3505933117583603,0.03625072212593872
"(2, 2, 9, 4, 3, 2, 2)",goods_receipt: ρ = type  │  invoice_receipt: ρ = CreditAmountBSEGWRBTR_band  │  material: ρ = type  │  payment: ρ = type  │  purchase_order: ρ = type  │  purchase_requisition: ρ = type  │  quotation: ρ = VendorEBANLIFNR,True,,791,927,43.19093851132686,1,1.1719342604298357,7,0.1467098166127292,0.03625072212593872
"(2, 3, 2, 4, 3, 2, 3)",goods_receipt: ρ = type  │  invoice_receipt: ρ = type  │  material: ρ = MaterialEKPOMATNR  │  payment: ρ = type  │  purchase_order: ρ = type  │  purchase_requisition: ρ = type  │  quotation: ρ = type,True,,726,927,44.353829557713055,1,1.2768595041322315,63,0.21682847896440127,0.010302330059695608
"(2, 3, 3, 2, 3, 2, 3)",goods_receipt: ρ = type  │  invoice_receipt: ρ = type  │  material: ρ = NetPriceEKPONETPR  │  payment: ρ = AmountDMBTR_band  │  purchase_order: ρ = type  │  purchase_requisition: ρ = type  │  quotation: ρ = type,True,,717,927,44.13484358144552,1,1.292887029288703,36,0.22653721682847894,0.015188715578663525
"(2, 3, 3, 3, 3, 2, 3)",goods_receipt: ρ = type  │  invoice_receipt: ρ = type  │  material: ρ = NetPriceEKPONETPR  │  payment: ρ = PaymentMethodZLSCH  │  purchase_order: ρ = type  │  purchase_requisition: ρ = type  │  quotation: ρ = type,True,,748,927,44.13484358144552,1,1.2393048128342246,24,0.1930960086299892,0.015188715578663525
"(2, 3, 3, 4, 1, 2, 3)",goods_receipt: ρ = type  │  invoice_receipt: ρ = type  │  material: ρ = NetPriceEKPONETPR  │  payment: ρ = type  │  purchase_order: ρ = PurchasingGroupEKKOEKGRP  │  purchase_requisition: ρ = type  │  quotation: ρ = type,True,,705,927,44.13484358144552,1,1.3148936170212766,22,0.23948220064724923,0.015188715578663525
"(2, 3, 3, 4, 3, 1, 3)",goods_receipt: ρ = type  │  invoice_receipt: ρ = type  │  material: ρ = NetPriceEKPONETPR  │  payment: ρ = type  │  purchase_order: ρ = type  │  purchase_requisition: ρ = PurchasingGroupEBANEKGRP  │  quotation: ρ = type,True,,705,927,44.13484358144552,1,1.3148936170212766,22,0.23948220064724923,0.015188715578663525
"(2, 3, 3, 4, 3, 2, 1)",goods_receipt: ρ = type  │  invoice_receipt: ρ = type  │  material: ρ = NetPriceEKPONETPR  │  payment: ρ = type  │  purchase_order: ρ = type  │  purchase_requisition: ρ = type  │  quotation: ρ = PurchasingGroupEBANEKGRP,True,,705,927,44.13484358144552,1,1.3148936170212766,22,0.23948220064724923,0.015188715578663525
"(2, 3, 4, 1, 3, 2, 3)",goods_receipt: ρ = type  │  invoice_receipt: ρ = type  │  material: ρ = NetPriceEKPONETPR_band  │  payment: ρ = AmountDMBTR  │  purchase_order: ρ = type  │  purchase_requisition: ρ = type  │  quotation: ρ = type,True,,916,927,43.34519956850054,1,1.012008733624454,2,0.011866235167206085,0.0328085884844983
"(2, 3, 4, 2, 1, 2, 3)",goods_receipt: ρ = type  │  invoice_receipt: ρ = type  │  material: ρ = NetPriceEKPONETPR_band  │  payment: ρ = AmountDMBTR_band  │  purchase_order: ρ = PurchasingGroupEKKOEKGRP  │  purchase_requisition: ρ = type  │  quotation: ρ = type,True,,630,927,43.34519956850054,1,1.4714285714285715,29,0.3203883495145631,0.0328085884844983
"(2, 3, 4, 2, 3, 1, 3)",goods_receipt: ρ = type  │  invoice_receipt: ρ = type  │  material: ρ = NetPriceEKPONETPR_band  │  payment: ρ = AmountDMBTR_band  │  purchase_order: ρ = type  │  purchase_requisition: ρ = PurchasingGroupEBANEKGRP  │  quotation: ρ = type,True,,630,927,43.34519956850054,1,1.4714285714285715,29,0.3203883495145631,0.0328085884844983
"(2, 3, 4, 2, 3, 2, 1)",goods_receipt: ρ = type  │  invoice_receipt: ρ = type  │  material: ρ = NetPriceEKPONETPR_band  │  payment: ρ = AmountDMBTR_band  │  purchase_order: ρ = type  │  purchase_requisition: ρ = type  │  quotation: ρ = PurchasingGroupEBANEKGRP,True,,630,927,43.34519956850054,1,1.4714285714285715,29,0.3203883495145631,0.0328085884844983
"(2, 3, 4, 3, 1, 2, 3)",goods_receipt: ρ = type  │  invoice_receipt: ρ = type  │  material: ρ = NetPriceEKPONETPR_band  │  payment: ρ = PaymentMethodZLSCH  │  purchase_order: ρ = PurchasingGroupEKKOEKGRP  │  purchase_requisition: ρ = type  │  quotation: ρ = type,True,,669,927,43.34519956850054,1,1.3856502242152466,14,0.2783171521035599,0.0328085884844983
"(2, 3, 4, 3, 3, 1, 3)",goods_receipt: ρ = type  │  invoice_receipt: ρ = type  │  material: ρ = NetPriceEKPONETPR_band  │  payment: ρ = PaymentMethodZLSCH  │  purchase_order: ρ = type  │  purchase_requisition: ρ = PurchasingGroupEBANEKGRP  │  quotation: ρ = type,True,,669,927,43.34519956850054,1,1.3856502242152466,14,0.2783171521035599,0.0328085884844983
"(2, 3, 4, 3, 3, 2, 1)",goods_receipt: ρ = type  │  invoice_receipt: ρ = type  │  material: ρ = NetPriceEKPONETPR_band  │  payment: ρ = PaymentMethodZLSCH  │  purchase_order: ρ = type  │  purchase_requisition: ρ = type  │  quotation: ρ = PurchasingGroupEBANEKGRP,True,,669,927,43.34519956850054,1,1.3856502242152466,14,0.2783171521035599,0.0328085884844983
"(2, 3, 4, 4, 1, 1, 3)",goods_receipt: ρ = type  │  invoice_receipt: ρ = type  │  material: ρ = NetPriceEKPONETPR_band  │  payment: ρ = type  │  purchase_order: ρ = PurchasingGroupEKKOEKGRP  │  purchase_requisition: ρ = PurchasingGroupEBANEKGRP  │  quotation: ρ = type,True,,589,927,43.34519956850054,1,1.5738539898132429,34,0.3646170442286947,0.0328085884844983
"(2, 3, 4, 4, 1, 2, 1)",goods_receipt: ρ = type  │  invoice_receipt: ρ = type  │  material: ρ = NetPriceEKPONETPR_band  │  payment: ρ = type  │  purchase_order: ρ = PurchasingGroupEKKOEKGRP  │  purchase_requisition: ρ = type  │  quotation: ρ = PurchasingGroupEBANEKGRP,True,,589,927,42.52211434735707,1,1.5738539898132429,34,0.3646170442286947,0.051174658193722244
"(2, 3, 4, 4, 2, 2, 3)",goods_receipt: ρ = type  │  invoice_receipt: ρ = type  │  material: ρ = NetPriceEKPONETPR_band  │  payment: ρ = type  │  purchase_order: ρ = VendorEKKOLIFNR  │  purchase_requisition: ρ = type  │  quotation: ρ = type,True,,765,927,43.34519956850054,1,1.2117647058823529,7,0.1747572815533981,0.0328085884844983
"(2, 3, 4, 4, 3, 1, 1)",goods_receipt: ρ = type  │  invoice_receipt: ρ = type  │  material: ρ = NetPriceEKPONETPR_band  │  payment: ρ = type  │  purchase_order: ρ = type  │  purchase_requisition: ρ = PurchasingGroupEBANEKGRP  │  quotation: ρ = PurchasingGroupEBANEKGRP,True,,589,927,43.34519956850054,1,1.5738539898132429,34,0.3646170442286947,0.0328085884844983
"(2, 3, 4, 4, 3, 2, 2)",goods_receipt: ρ = type  │  invoice_receipt: ρ = type  │  material: ρ = NetPriceEKPONETPR_band  │  payment: ρ = type  │  purchase_order: ρ = type  │  purchase_requisition: ρ = type  │  quotation: ρ = VendorEBANLIFNR,True,,765,927,43.34519956850054,1,1.2117647058823529,7,0.1747572815533981,0.0328085884844983
"(2, 3, 0, 4, 3, 2, 3)",goods_receipt: ρ = type  │  invoice_receipt: ρ = type  │  material: ρ = id  │  payment: ρ = type  │  purchase_order: ρ = type  │  purchase_requisition: ρ = type  │  quotation: ρ = type,True,,839,927,44.353829557713055,1,1.104886769964243,63,0.09492988133764835,0.010302330059695608
"(2, 3, 1, 2, 3, 2, 3)",goods_receipt: ρ = type  │  invoice_receipt: ρ = type  │  material: ρ = DeliveryDateEKPOBEDAT  │  payment: ρ = AmountDMBTR_band  │  purchase_order: ρ = type  │  purchase_requisition: ρ = type  │  quotation: ρ = type,True,,850,927,44.353829557713055,1,1.0905882352941176,36,0.08306364617044226,0.010302330059695608
"(2, 3, 1, 3, 3, 2, 3)",goods_receipt: ρ = type  │  invoice_receipt: ρ = type  │  material: ρ = DeliveryDateEKPOBEDAT  │  payment: ρ = PaymentMethodZLSCH  │  purchase_order: ρ = type  │  purchase_requisition: ρ = type  │  quotation: ρ = type,True,,849,927,44.353829557713055,1,1.0918727915194346,24,0.08414239482200647,0.010302330059695608
"(2, 3, 1, 4, 1, 2, 3)",goods_receipt: ρ = type  │  invoice_receipt: ρ = type  │  material: ρ = DeliveryDateEKPOBEDAT  │  payment: ρ = type  │  purchase_order: ρ = PurchasingGroupEKKOEKGRP  │  purchase_requisition: ρ = type  │  quotation: ρ = type,True,,857,927,44.353829557713055,1,1.0816802800466745,22,0.07551240560949302,0.010302330059695608
"(2, 3, 1, 4, 3, 1, 3)",goods_receipt: ρ = type  │  invoice_receipt: ρ = type  │  material: ρ = DeliveryDateEKPOBEDAT  │  payment: ρ = type  │  purchase_order: ρ = type  │  purchase_requisition: ρ = PurchasingGroupEBANEKGRP  │  quotation: ρ = type,True,,857,927,44.353829557713055,1,1.0816802800466745,22,0.07551240560949302,0.010302330059695608
"(2, 3, 1, 4, 3, 2, 1)",goods_receipt: ρ = type  │  invoice_receipt: ρ = type  │  material: ρ = DeliveryDateEKPOBEDAT  │  payment: ρ = type  │  purchase_order: ρ = type  │  purchase_requisition: ρ = type  │  quotation: ρ = PurchasingGroupEBANEKGRP,True,,857,927,44.353829557713055,1,1.0816802800466745,22,0.07551240560949302,0.010302330059695608
"(2, 3, 5, 1, 3, 2, 3)",goods_receipt: ρ = type  │  invoice_receipt: ρ = type  │  material: ρ = PlantEKPOWERKS  │  payment: ρ = AmountDMBTR  │  purchase_order: ρ = type  │  purchase_requisition: ρ = type  │  quotation: ρ = type,True,,922,927,44.01294498381877,1,1.0054229934924077,2,0.005393743257820938,0.01790872328134019
"(2, 3, 5, 2, 1, 2, 3)",goods_receipt: ρ = type  │  invoice_receipt: ρ = type  │  material: ρ = PlantEKPOWERKS  │  payment: ρ = AmountDMBTR_band  │  purchase_order: ρ = PurchasingGroupEKKOEKGRP  │  purchase_requisition: ρ = type  │  quotation: ρ = type,True,,741,927,44.01294498381877,1,1.2510121457489878,12,0.20064724919093846,0.01790872328134019
"(2, 3, 5, 2, 3, 1, 3)",goods_receipt: ρ = type  │  invoice_receipt: ρ = type  │  material: ρ = PlantEKPOWERKS  │  payment: ρ = AmountDMBTR_band  │  purchase_order: ρ = type  │  purchase_requisition: ρ = PurchasingGroupEBANEKGRP  │  quotation: ρ = type,True,,741,927,44.01294498381877,1,1.2510121457489878,12,0.20064724919093846,0.01790872328134019
"(2, 3, 5, 2, 3, 2, 1)",goods_receipt: ρ = type  │  invoice_receipt: ρ = type  │  material: ρ = PlantEKPOWERKS  │  payment: ρ = AmountDMBTR_band  │  purchase_order: ρ = type  │  purchase_requisition: ρ = type  │  quotation: ρ = PurchasingGroupEBANEKGRP,True,,741,927,44.01294498381877,1,1.2510121457489878,12,0.20064724919093846,0.01790872328134019
"(2, 3, 5, 3, 1, 2, 3)",goods_receipt: ρ = type  │  invoice_receipt: ρ = type  │  material: ρ = PlantEKPOWERKS  │  payment: ρ = PaymentMethodZLSCH  │  purchase_order: ρ = PurchasingGroupEKKOEKGRP  │  purchase_requisition: ρ = type  │  quotation: ρ = type,True,,775,927,44.01294498381877,1,1.1961290322580644,10,0.16396979503775622,0.01790872328134019
"(2, 3, 5, 3, 3, 1, 3)",goods_receipt: ρ = type  │  invoice_receipt: ρ = type  │  material: ρ = PlantEKPOWERKS  │  payment: ρ = PaymentMethodZLSCH  │  purchase_order: ρ = type  │  purchase_requisition: ρ = PurchasingGroupEBANEKGRP  │  quotation: ρ = type,True,,775,927,44.01294498381877,1,1.1961290322580644,10,0.16396979503775622,0.01790872328134019
"(2, 3, 5, 3, 3, 2, 1)",goods_receipt: ρ = type  │  invoice_receipt: ρ = type  │  material: ρ = PlantEKPOWERKS  │  payment: ρ = PaymentMethodZLSCH  │  purchase_order: ρ = type  │  purchase_requisition: ρ = type  │  quotation: ρ = PurchasingGroupEBANEKGRP,True,,775,927,44.01294498381877,1,1.1961290322580644,10,0.16396979503775622,0.01790872328134019
"(2, 3, 5, 4, 1, 1, 3)",goods_receipt: ρ = type  │  invoice_receipt: ρ = type  │  material: ρ = PlantEKPOWERKS  │  payment: ρ = type  │  purchase_order: ρ = PurchasingGroupEKKOEKGRP  │  purchase_requisition: ρ = PurchasingGroupEBANEKGRP  │  quotation: ρ = type,True,,710,927,44.01294498381877,1,1.3056338028169014,22,0.2340884573894283,0.01790872328134019
"(2, 3, 5, 4, 1, 2, 1)",goods_receipt: ρ = type  │  invoice_receipt: ρ = type  │  material: ρ = PlantEKPOWERKS  │  payment: ρ = type  │  purchase_order: ρ = PurchasingGroupEKKOEKGRP  │  purchase_requisition: ρ = type  │  quotation: ρ = PurchasingGroupEBANEKGRP,True,,710,927,43.1898597626753,1,1.3056338028169014,22,0.2340884573894283,0.03627479299056413
"(2, 3, 5, 4, 2, 2, 3)",goods_receipt: ρ = type  │  invoice_receipt: ρ = type  │  material: ρ = PlantEKPOWERKS  │  payment: ρ = type  │  purchase_order: ρ = VendorEKKOLIFNR  │  purchase_requisition: ρ = type  │  quotation: ρ = type,True,,858,927,44.01294498381877,1,1.0804195804195804,4,0.0744336569579288,0.01790872328134019
"(2, 3, 5, 4, 3, 1, 1)",goods_receipt: ρ = type  │  invoice_receipt: ρ = type  │  material: ρ = PlantEKPOWERKS  │  payment: ρ = type  │  purchase_order: ρ = type  │  purchase_requisition: ρ = PurchasingGroupEBANEKGRP  │  quotation: ρ = PurchasingGroupEBANEKGRP,True,,710,927,44.01294498381877,1,1.3056338028169014,22,0.2340884573894283,0.01790872328134019
"(2, 3, 5, 4, 3, 2, 2)",goods_receipt: ρ = type  │  invoice_receipt: ρ = type  │  material: ρ = PlantEKPOWERKS  │  payment: ρ = type  │  purchase_order: ρ = type  │  purchase_requisition: ρ = type  │  quotation: ρ = VendorEBANLIFNR,True,,858,927,44.01294498381877,1,1.0804195804195804,4,0.0744336569579288,0.01790872328134019
"(2, 3, 6, 2, 3, 2, 3)",goods_receipt: ρ = type  │  invoice_receipt: ρ = type  │  material: ρ = QuantityEKPOMENGE  │  payment: ρ = AmountDMBTR_band  │  purchase_order: ρ = type  │  purchase_requisition: ρ = type  │  quotation: ρ = type,True,,800,927,44.33009708737864,1,1.15875,36,0.13700107874865153,0.010831889081455826
"(2, 3, 6, 3, 3, 2, 3)",goods_receipt: ρ = type  │  invoice_receipt: ρ = type  │  material: ρ = QuantityEKPOMENGE  │  payment: ρ = PaymentMethodZLSCH  │  purchase_order: ρ = type  │  purchase_requisition: ρ = type  │  quotation: ρ = type,True,,818,927,44.33009708737864,1,1.1332518337408313,24,0.1175836030204962,0.010831889081455826
"(2, 3, 6, 4, 1, 2, 3)",goods_receipt: ρ = type  │  invoice_receipt: ρ = type  │  material: ρ = QuantityEKPOMENGE  │  payment: ρ = type  │  purchase_order: ρ = PurchasingGroupEKKOEKGRP  │  purchase_requisition: ρ = type  │  quotation: ρ = type,True,,837,927,44.33009708737864,1,1.10752688172043,22,0.09708737864077666,0.010831889081455826
"(2, 3, 6, 4, 3, 1, 3)",goods_receipt: ρ = type  │  invoice_receipt: ρ = type  │  material: ρ = QuantityEKPOMENGE  │  payment: ρ = type  │  purchase_order: ρ = type  │  purchase_requisition: ρ = PurchasingGroupEBANEKGRP  │  quotation: ρ = type,True,,837,927,44.33009708737864,1,1.10752688172043,22,0.09708737864077666,0.010831889081455826
"(2, 3, 6, 4, 3, 2, 1)",goods_receipt: ρ = type  │  invoice_receipt: ρ = type  │  material: ρ = QuantityEKPOMENGE  │  payment: ρ = type  │  purchase_order: ρ = type  │  purchase_requisition: ρ = type  │  quotation: ρ = PurchasingGroupEBANEKGRP,True,,837,927,44.33009708737864,1,1.10752688172043,22,0.09708737864077666,0.010831889081455826
"(2, 3, 7, 1, 3, 2, 3)",goods_receipt: ρ = type  │  invoice_receipt: ρ = type  │  material: ρ = QuantityEKPOMENGE_band  │  payment: ρ = AmountDMBTR  │  purchase_order: ρ = type  │  purchase_requisition: ρ = type  │  quotation: ρ = type,True,,916,927,43.80474649406688,1,1.012008733624454,2,0.011866235167206085,0.022554400154053522
"(2, 3, 7, 2, 1, 2, 3)",goods_receipt: ρ = type  │  invoice_receipt: ρ = type  │  material: ρ = QuantityEKPOMENGE_band  │  payment: ρ = AmountDMBTR_band  │  purchase_order: ρ = PurchasingGroupEKKOEKGRP  │  purchase_requisition: ρ = type  │  quotation: ρ = type,True,,700,927,43.80474649406688,1,1.3242857142857143,17,0.24487594390507017,0.022554400154053522
"(2, 3, 7, 2, 3, 1, 3)",goods_receipt: ρ = type  │  invoice_receipt: ρ = type  │  material: ρ = QuantityEKPOMENGE_band  │  payment: ρ = AmountDMBTR_band  │  purchase_order: ρ = type  │  purchase_requisition: ρ = PurchasingGroupEBANEKGRP  │  quotation: ρ = type,True,,700,927,43.80474649406688,1,1.3242857142857143,17,0.24487594390507017,0.022554400154053522
"(2, 3, 7, 2, 3, 2, 1)",goods_receipt: ρ = type  │  invoice_receipt: ρ = type  │  material: ρ = QuantityEKPOMENGE_band  │  payment: ρ = AmountDMBTR_band  │  purchase_order: ρ = type  │  purchase_requisition: ρ = type  │  quotation: ρ = PurchasingGroupEBANEKGRP,True,,700,927,43.80474649406688,1,1.3242857142857143,17,0.24487594390507017,0.022554400154053522
"(2, 3, 7, 3, 1, 2, 3)",goods_receipt: ρ = type  │  invoice_receipt: ρ = type  │  material: ρ = QuantityEKPOMENGE_band  │  payment: ρ = PaymentMethodZLSCH  │  purchase_order: ρ = PurchasingGroupEKKOEKGRP  │  purchase_requisition: ρ = type  │  quotation: ρ = type,True,,748,927,43.80474649406688,1,1.2393048128342246,10,0.1930960086299892,0.022554400154053522
"(2, 3, 7, 3, 3, 1, 3)",goods_receipt: ρ = type  │  invoice_receipt: ρ = type  │  material: ρ = QuantityEKPOMENGE_band  │  payment: ρ = PaymentMethodZLSCH  │  purchase_order: ρ = type  │  purchase_requisition: ρ = PurchasingGroupEBANEKGRP  │  quotation: ρ = type,True,,748,927,43.80474649406688,1,1.2393048128342246,10,0.1930960086299892,0.022554400154053522
"(2, 3, 7, 3, 3, 2, 1)",goods_receipt: ρ = type  │  invoice_receipt: ρ = type  │  material: ρ = QuantityEKPOMENGE_band  │  payment: ρ = PaymentMethodZLSCH  │  purchase_order: ρ = type  │  purchase_requisition: ρ = type  │  quotation: ρ = PurchasingGroupEBANEKGRP,True,,748,927,43.80474649406688,1,1.2393048128342246,10,0.1930960086299892,0.022554400154053522
"(2, 3, 7, 4, 1, 1, 3)",goods_receipt: ρ = type  │  invoice_receipt: ρ = type  │  material: ρ = QuantityEKPOMENGE_band  │  payment: ρ = type  │  purchase_order: ρ = PurchasingGroupEKKOEKGRP  │  purchase_requisition: ρ = PurchasingGroupEBANEKGRP  │  quotation: ρ = type,True,,679,927,43.80474649406688,1,1.3652430044182622,22,0.267529665587918,0.022554400154053522
"(2, 3, 7, 4, 1, 2, 1)",goods_receipt: ρ = type  │  invoice_receipt: ρ = type  │  material: ρ = QuantityEKPOMENGE_band  │  payment: ρ = type  │  purchase_order: ρ = PurchasingGroupEKKOEKGRP  │  purchase_requisition: ρ = type  │  quotation: ρ = PurchasingGroupEBANEKGRP,True,,679,927,42.98166127292341,1,1.3652430044182622,22,0.267529665587918,0.04092046986327735
"(2, 3, 7, 4, 2, 2, 3)",goods_receipt: ρ = type  │  invoice_receipt: ρ = type  │  material: ρ = QuantityEKPOMENGE_band  │  payment: ρ = type  │  purchase_order: ρ = VendorEKKOLIFNR  │  purchase_requisition: ρ = type  │  quotation: ρ = type,True,,836,927,43.80474649406688,1,1.1088516746411483,4,0.09816612729234087,0.022554400154053522
"(2, 3, 7, 4, 3, 1, 1)",goods_receipt: ρ = type  │  invoice_receipt: ρ = type  │  material: ρ = QuantityEKPOMENGE_band  │  payment: ρ = type  │  purchase_order: ρ = type  │  purchase_requisition: ρ = PurchasingGroupEBANEKGRP  │  quotation: ρ = PurchasingGroupEBANEKGRP,True,,679,927,43.80474649406688,1,1.3652430044182622,22,0.267529665587918,0.022554400154053522
"(2, 3, 7, 4, 3, 2, 2)",goods_receipt: ρ = type  │  invoice_receipt: ρ = type  │  material: ρ = QuantityEKPOMENGE_band  │  payment: ρ = type  │  purchase_order: ρ = type  │  purchase_requisition: ρ = type  │  quotation: ρ = VendorEBANLIFNR,True,,836,927,43.80474649406688,1,1.1088516746411483,4,0.09816612729234087,0.022554400154053522
"(2, 3, 8, 1, 3, 2, 3)",goods_receipt: ρ = type  │  invoice_receipt: ρ = type  │  material: ρ = StorageLocationEKPOLGORT  │  payment: ρ = AmountDMBTR  │  purchase_order: ρ = type  │  purchase_requisition: ρ = type  │  quotation: ρ = type,True,,923,927,44.01294498381877,1,1.0043336944745396,2,0.004314994606256728,0.01790872328134019
"(2, 3, 8, 2, 1, 2, 3)",goods_receipt: ρ = type  │  invoice_receipt: ρ = type  │  material: ρ = StorageLocationEKPOLGORT  │  payment: ρ = AmountDMBTR_band  │  purchase_order: ρ = PurchasingGroupEKKOEKGRP  │  purchase_requisition: ρ = type  │  quotation: ρ = type,True,,741,927,44.01294498381877,1,1.2510121457489878,12,0.20064724919093846,0.01790872328134019
"(2, 3, 8, 2, 3, 1, 3)",goods_receipt: ρ = type  │  invoice_receipt: ρ = type  │  material: ρ = StorageLocationEKPOLGORT  │  payment: ρ = AmountDMBTR_band  │  purchase_order: ρ = type  │  purchase_requisition: ρ = PurchasingGroupEBANEKGRP  │  quotation: ρ = type,True,,741,927,44.01294498381877,1,1.2510121457489878,12,0.20064724919093846,0.01790872328134019
"(2, 3, 8, 2, 3, 2, 1)",goods_receipt: ρ = type  │  invoice_receipt: ρ = type  │  material: ρ = StorageLocationEKPOLGORT  │  payment: ρ = AmountDMBTR_band  │  purchase_order: ρ = type  │  purchase_requisition: ρ = type  │  quotation: ρ = PurchasingGroupEBANEKGRP,True,,741,927,44.01294498381877,1,1.2510121457489878,12,0.20064724919093846,0.01790872328134019
"(2, 3, 8, 3, 1, 2, 3)",goods_receipt: ρ = type  │  invoice_receipt: ρ = type  │  material: ρ = StorageLocationEKPOLGORT  │  payment: ρ = PaymentMethodZLSCH  │  purchase_order: ρ = PurchasingGroupEKKOEKGRP  │  purchase_requisition: ρ = type  │  quotation: ρ = type,True,,776,927,44.01294498381877,1,1.1945876288659794,10,0.162891046386192,0.01790872328134019
"(2, 3, 8, 3, 3, 1, 3)",goods_receipt: ρ = type  │  invoice_receipt: ρ = type  │  material: ρ = StorageLocationEKPOLGORT  │  payment: ρ = PaymentMethodZLSCH  │  purchase_order: ρ = type  │  purchase_requisition: ρ = PurchasingGroupEBANEKGRP  │  quotation: ρ = type,True,,776,927,44.01294498381877,1,1.1945876288659794,10,0.162891046386192,0.01790872328134019
"(2, 3, 8, 3, 3, 2, 1)",goods_receipt: ρ = type  │  invoice_receipt: ρ = type  │  material: ρ = StorageLocationEKPOLGORT  │  payment: ρ = PaymentMethodZLSCH  │  purchase_order: ρ = type  │  purchase_requisition: ρ = type  │  quotation: ρ = PurchasingGroupEBANEKGRP,True,,776,927,44.01294498381877,1,1.1945876288659794,10,0.162891046386192,0.01790872328134019
"(2, 3, 8, 4, 1, 1, 3)",goods_receipt: ρ = type  │  invoice_receipt: ρ = type  │  material: ρ = StorageLocationEKPOLGORT  │  payment: ρ = type  │  purchase_order: ρ = PurchasingGroupEKKOEKGRP  │  purchase_requisition: ρ = PurchasingGroupEBANEKGRP  │  quotation: ρ = type,True,,708,927,44.01294498381877,1,1.3093220338983051,22,0.2362459546925566,0.01790872328134019
"(2, 3, 8, 4, 1, 2, 1)",goods_receipt: ρ = type  │  invoice_receipt: ρ = type  │  material: ρ = StorageLocationEKPOLGORT  │  payment: ρ = type  │  purchase_order: ρ = PurchasingGroupEKKOEKGRP  │  purchase_requisition: ρ = type  │  quotation: ρ = PurchasingGroupEBANEKGRP,True,,708,927,43.1898597626753,1,1.3093220338983051,22,0.2362459546925566,0.03627479299056413
"(2, 3, 8, 4, 2, 2, 3)",goods_receipt: ρ = type  │  invoice_receipt: ρ = type  │  material: ρ = StorageLocationEKPOLGORT  │  payment: ρ = type  │  purchase_order: ρ = VendorEKKOLIFNR  │  purchase_requisition: ρ = type  │  quotation: ρ = type,True,,855,927,44.01294498381877,1,1.0842105263157895,4,0.07766990291262132,0.01790872328134019
"(2, 3, 8, 4, 3, 1, 1)",goods_receipt: ρ = type  │  invoice_receipt: ρ = type  │  material: ρ = StorageLocationEKPOLGORT  │  payment: ρ = type  │  purchase_order: ρ = type  │  purchase_requisition: ρ = PurchasingGroupEBANEKGRP  │  quotation: ρ = PurchasingGroupEBANEKGRP,True,,708,927,44.01294498381877,1,1.3093220338983051,22,0.2362459546925566,0.01790872328134019
"(2, 3, 8, 4, 3, 2, 2)",goods_receipt: ρ = type  │  invoice_receipt: ρ = type  │  material: ρ = StorageLocationEKPOLGORT  │  payment: ρ = type  │  purchase_order: ρ = type  │  purchase_requisition: ρ = type  │  quotation: ρ = VendorEBANLIFNR,True,,855,927,44.01294498381877,1,1.0842105263157895,4,0.07766990291262132,0.01790872328134019
"(2, 3, 9, 1, 1, 2, 3)",goods_receipt: ρ = type  │  invoice_receipt: ρ = type  │  material: ρ = type  │  payment: ρ = AmountDMBTR  │  purchase_order: ρ = PurchasingGroupEKKOEKGRP  │  purchase_requisition: ρ = type  │  quotation: ρ = type,True,,918,927,43.19093851132686,1,1.0098039215686274,2,0.009708737864077666,0.03625072212593872
"(2, 3, 9, 1, 3, 1, 3)",goods_receipt: ρ = type  │  invoice_receipt: ρ = type  │  material: ρ = type  │  payment: ρ = AmountDMBTR  │  purchase_order: ρ = type  │  purchase_requisition: ρ = PurchasingGroupEBANEKGRP  │  quotation: ρ = type,True,,918,927,43.19093851132686,1,1.0098039215686274,2,0.009708737864077666,0.03625072212593872
"(2, 3, 9, 1, 3, 2, 1)",goods_receipt: ρ = type  │  invoice_receipt: ρ = type  │  material: ρ = type  │  payment: ρ = AmountDMBTR  │  purchase_order: ρ = type  │  purchase_requisition: ρ = type  │  quotation: ρ = PurchasingGroupEBANEKGRP,True,,918,927,43.19093851132686,1,1.0098039215686274,2,0.009708737864077666,0.03625072212593872
"(2, 3, 9, 2, 1, 1, 3)",goods_receipt: ρ = type  │  invoice_receipt: ρ = type  │  material: ρ = type  │  payment: ρ = AmountDMBTR_band  │  purchase_order: ρ = PurchasingGroupEKKOEKGRP  │  purchase_requisition: ρ = PurchasingGroupEBANEKGRP  │  quotation: ρ = type,True,,603,927,43.19093851132686,1,1.537313432835821,31,0.3495145631067961,0.03625072212593872
"(2, 3, 9, 2, 1, 2, 1)",goods_receipt: ρ = type  │  invoice_receipt: ρ = type  │  material: ρ = type  │  payment: ρ = AmountDMBTR_band  │  purchase_order: ρ = PurchasingGroupEKKOEKGRP  │  purchase_requisition: ρ = type  │  quotation: ρ = PurchasingGroupEBANEKGRP,True,,603,927,42.36785329018339,1,1.537313432835821,31,0.3495145631067961,0.05461679183516266
"(2, 3, 9, 2, 2, 2, 3)",goods_receipt: ρ = type  │  invoice_receipt: ρ = type  │  material: ρ = type  │  payment: ρ = AmountDMBTR_band  │  purchase_order: ρ = VendorEKKOLIFNR  │  purchase_requisition: ρ = type  │  quotation: ρ = type,True,,792,927,43.19093851132686,1,1.1704545454545454,7,0.1456310679611651,0.03625072212593872
"(2, 3, 9, 2, 3, 1, 1)",goods_receipt: ρ = type  │  invoice_receipt: ρ = type  │  material: ρ = type  │  payment: ρ = AmountDMBTR_band  │  purchase_order: ρ = type  │  purchase_requisition: ρ = PurchasingGroupEBANEKGRP  │  quotation: ρ = PurchasingGroupEBANEKGRP,True,,603,927,43.19093851132686,1,1.537313432835821,31,0.3495145631067961,0.03625072212593872
"(2, 3, 9, 2, 3, 2, 2)",goods_receipt: ρ = type  │  invoice_receipt: ρ = type  │  material: ρ = type  │  payment: ρ = AmountDMBTR_band  │  purchase_order: ρ = type  │  purchase_requisition: ρ = type  │  quotation: ρ = VendorEBANLIFNR,True,,792,927,43.19093851132686,1,1.1704545454545454,7,0.1456310679611651,0.03625072212593872
"(2, 3, 9, 3, 1, 1, 3)",goods_receipt: ρ = type  │  invoice_receipt: ρ = type  │  material: ρ = type  │  payment: ρ = PaymentMethodZLSCH  │  purchase_order: ρ = PurchasingGroupEKKOEKGRP  │  purchase_requisition: ρ = PurchasingGroupEBANEKGRP  │  quotation: ρ = type,True,,638,927,43.19093851132686,1,1.4529780564263324,14,0.3117583603020496,0.03625072212593872
"(2, 3, 9, 3, 1, 2, 1)",goods_receipt: ρ = type  │  invoice_receipt: ρ = type  │  material: ρ = type  │  payment: ρ = PaymentMethodZLSCH  │  purchase_order: ρ = PurchasingGroupEKKOEKGRP  │  purchase_requisition: ρ = type  │  quotation: ρ = PurchasingGroupEBANEKGRP,True,,638,927,42.36785329018339,1,1.4529780564263324,14,0.3117583603020496,0.05461679183516266
"(2, 3, 9, 3, 2, 2, 3)",goods_receipt: ρ = type  │  invoice_receipt: ρ = type  │  material: ρ = type  │  payment: ρ = PaymentMethodZLSCH  │  purchase_order: ρ = VendorEKKOLIFNR  │  purchase_requisition: ρ = type  │  quotation: ρ = type,True,,844,927,43.19093851132686,1,1.0983412322274881,5,0.08953613807982741,0.03625072212593872
"(2, 3, 9, 3, 3, 1, 1)",goods_receipt: ρ = type  │  invoice_receipt: ρ = type  │  material: ρ = type  │  payment: ρ = PaymentMethodZLSCH  │  purchase_order: ρ = type  │  purchase_requisition: ρ = PurchasingGroupEBANEKGRP  │  quotation: ρ = PurchasingGroupEBANEKGRP,True,,638,927,43.19093851132686,1,1.4529780564263324,14,0.3117583603020496,0.03625072212593872
"(2, 3, 9, 3, 3, 2, 2)",goods_receipt: ρ = type  │  invoice_receipt: ρ = type  │  material: ρ = type  │  payment: ρ = PaymentMethodZLSCH  │  purchase_order: ρ = type  │  purchase_requisition: ρ = type  │  quotation: ρ = VendorEBANLIFNR,True,,844,927,43.19093851132686,1,1.0983412322274881,5,0.08953613807982741,0.03625072212593872
"(2, 3, 9, 4, 1, 1, 1)",goods_receipt: ρ = type  │  invoice_receipt: ρ = type  │  material: ρ = type  │  payment: ρ = type  │  purchase_order: ρ = PurchasingGroupEKKOEKGRP  │  purchase_requisition: ρ = PurchasingGroupEBANEKGRP  │  quotation: ρ = PurchasingGroupEBANEKGRP,True,,558,927,42.36785329018339,1,1.6612903225806452,34,0.3980582524271845,0.05461679183516266
"(2, 3, 9, 4, 2, 1, 3)",goods_receipt: ρ = type  │  invoice_receipt: ρ = type  │  material: ρ = type  │  payment: ρ = type  │  purchase_order: ρ = VendorEKKOLIFNR  │  purchase_requisition: ρ = PurchasingGroupEBANEKGRP  │  quotation: ρ = type,True,,748,927,43.19093851132686,1,1.2393048128342246,7,0.1930960086299892,0.03625072212593872
"(2, 3, 9, 4, 1, 2, 2)",goods_receipt: ρ = type  │  invoice_receipt: ρ = type  │  material: ρ = type  │  payment: ρ = type  │  purchase_order: ρ = PurchasingGroupEKKOEKGRP  │  purchase_requisition: ρ = type  │  quotation: ρ = VendorEBANLIFNR,True,,748,927,43.19093851132686,1,1.2393048128342246,7,0.1930960086299892,0.03625072212593872
"(2, 3, 9, 4, 2, 2, 1)",goods_receipt: ρ = type  │  invoice_receipt: ρ = type  │  material: ρ = type  │  payment: ρ = type  │  purchase_order: ρ = VendorEKKOLIFNR  │  purchase_requisition: ρ = type  │  quotation: ρ = PurchasingGroupEBANEKGRP,True,,748,927,43.19093851132686,1,1.2393048128342246,7,0.1930960086299892,0.03625072212593872
"(2, 3, 9, 4, 0, 2, 3)",goods_receipt: ρ = type  │  invoice_receipt: ρ = type  │  material: ρ = type  │  payment: ρ = type  │  purchase_order: ρ = id  │  purchase_requisition: ρ = type  │  quotation: ρ = type,False,no merging (K = n_executions),927,927,43.415318230852215,1,1.0,1,0.0,0.031243982283843508
"(2, 3, 9, 4, 3, 1, 2)",goods_receipt: ρ = type  │  invoice_receipt: ρ = type  │  material: ρ = type  │  payment: ρ = type  │  purchase_order: ρ = type  │  purchase_requisition: ρ = PurchasingGroupEBANEKGRP  │  quotation: ρ = VendorEBANLIFNR,True,,748,927,43.19093851132686,1,1.2393048128342246,7,0.1930960086299892,0.03625072212593872
"(2, 3, 9, 4, 3, 2, 0)",goods_receipt: ρ = type  │  invoice_receipt: ρ = type  │  material: ρ = type  │  payment: ρ = type  │  purchase_order: ρ = type  │  purchase_requisition: ρ = type  │  quotation: ρ = id,False,no merging (K = n_executions),927,927,43.19093851132686,1,1.0,1,0.0,0.03625072212593872
"(2, 1, 3, 4, 3, 2, 3)",goods_receipt: ρ = type  │  invoice_receipt: ρ = CreditAmountBSEGWRBTR  │  material: ρ = NetPriceEKPONETPR  │  payment: ρ = type  │  purchase_order: ρ = type  │  purchase_requisition: ρ = type  │  quotation: ρ = type,True,,917,927,44.13484358144552,1,1.0109051254089423,2,0.010787486515641875,0.015188715578663525
"(2, 1, 4, 2, 3, 2, 3)",goods_receipt: ρ = type  │  invoice_receipt: ρ = CreditAmountBSEGWRBTR  │  material: ρ = NetPriceEKPONETPR_band  │  payment: ρ = AmountDMBTR_band  │  purchase_order: ρ = type  │  purchase_requisition: ρ = type  │  quotation: ρ = type,True,,916,927,43.34519956850054,1,1.012008733624454,2,0.011866235167206085,0.0328085884844983
"(2, 1, 4, 3, 3, 2, 3)",goods_receipt: ρ = type  │  invoice_receipt: ρ = CreditAmountBSEGWRBTR  │  material: ρ = NetPriceEKPONETPR_band  │  payment: ρ = PaymentMethodZLSCH  │  purchase_order: ρ = type  │  purchase_requisition: ρ = type  │  quotation: ρ = type,True,,924,927,43.34519956850054,1,1.0032467532467533,2,0.003236245954692518,0.0328085884844983
"(2, 1, 4, 4, 1, 2, 3)",goods_receipt: ρ = type  │  invoice_receipt: ρ = CreditAmountBSEGWRBTR  │  material: ρ = NetPriceEKPONETPR_band  │  payment: ρ = type  │  purchase_order: ρ = PurchasingGroupEKKOEKGRP  │  purchase_requisition: ρ = type  │  quotation: ρ = type,True,,918,927,43.34519956850054,1,1.0098039215686274,2,0.009708737864077666,0.0328085884844983
"(2, 1, 4, 4, 3, 1, 3)",goods_receipt: ρ = type  │  invoice_receipt: ρ = CreditAmountBSEGWRBTR  │  material: ρ = NetPriceEKPONETPR_band  │  payment: ρ = type  │  purchase_order: ρ = type  │  purchase_requisition: ρ = PurchasingGroupEBANEKGRP  │  quotation: ρ = type,True,,918,927,43.34519956850054,1,1.0098039215686274,2,0.009708737864077666,0.0328085884844983
"(2, 1, 4, 4, 3, 2, 1)",goods_receipt: ρ = type  │  invoice_receipt: ρ = CreditAmountBSEGWRBTR  │  material: ρ = NetPriceEKPONETPR_band  │  payment: ρ = type  │  purchase_order: ρ = type  │  purchase_requisition: ρ = type  │  quotation: ρ = PurchasingGroupEBANEKGRP,True,,918,927,43.34519956850054,1,1.0098039215686274,2,0.009708737864077666,0.0328085884844983
"(2, 1, 1, 4, 3, 2, 3)",goods_receipt: ρ = type  │  invoice_receipt: ρ = CreditAmountBSEGWRBTR  │  material: ρ = DeliveryDateEKPOBEDAT  │  payment: ρ = type  │  purchase_order: ρ = type  │  purchase_requisition: ρ = type  │  quotation: ρ = type,True,,925,927,44.353829557713055,1,1.0021621621621621,2,0.0021574973031284195,0.010302330059695608
"(2, 1, 5, 2, 3, 2, 3)",goods_receipt: ρ = type  │  invoice_receipt: ρ = CreditAmountBSEGWRBTR  │  material: ρ = PlantEKPOWERKS  │  payment: ρ = AmountDMBTR_band  │  purchase_order: ρ = type  │  purchase_requisition: ρ = type  │  quotation: ρ = type,True,,922,927,44.01294498381877,1,1.0054229934924077,2,0.005393743257820938,0.01790872328134019
"(2, 1, 5, 3, 3, 2, 3)",goods_receipt: ρ = type  │  invoice_receipt: ρ = CreditAmountBSEGWRBTR  │  material: ρ = PlantEKPOWERKS  │  payment: ρ = PaymentMethodZLSCH  │  purchase_order: ρ = type  │  purchase_requisition: ρ = type  │  quotation: ρ = type,True,,924,927,44.01294498381877,1,1.0032467532467533,2,0.003236245954692518,0.01790872328134019
"(2, 1, 5, 4, 1, 2, 3)",goods_receipt: ρ = type  │  invoice_receipt: ρ = CreditAmountBSEGWRBTR  │  material: ρ = PlantEKPOWERKS  │  payment: ρ = type  │  purchase_order: ρ = PurchasingGroupEKKOEKGRP  │  purchase_requisition: ρ = type  │  quotation: ρ = type,True,,926,927,44.01294498381877,1,1.0010799136069115,2,0.0010787486515642097,0.01790872328134019
"(2, 1, 5, 4, 3, 1, 3)",goods_receipt: ρ = type  │  invoice_receipt: ρ = CreditAmountBSEGWRBTR  │  material: ρ = PlantEKPOWERKS  │  payment: ρ = type  │  purchase_order: ρ = type  │  purchase_requisition: ρ = PurchasingGroupEBANEKGRP  │  quotation: ρ = type,True,,926,927,44.01294498381877,1,1.0010799136069115,2,0.0010787486515642097,0.01790872328134019
"(2, 1, 5, 4, 3, 2, 1)",goods_receipt: ρ = type  │  invoice_receipt: ρ = CreditAmountBSEGWRBTR  │  material: ρ = PlantEKPOWERKS  │  payment: ρ = type  │  purchase_order: ρ = type  │  purchase_requisition: ρ = type  │  quotation: ρ = PurchasingGroupEBANEKGRP,True,,926,927,44.01294498381877,1,1.0010799136069115,2,0.0010787486515642097,0.01790872328134019
"(2, 1, 6, 4, 3, 2, 3)",goods_receipt: ρ = type  │  invoice_receipt: ρ = CreditAmountBSEGWRBTR  │  material: ρ = QuantityEKPOMENGE  │  payment: ρ = type  │  purchase_order: ρ = type  │  purchase_requisition: ρ = type  │  quotation: ρ = type,True,,917,927,44.33009708737864,1,1.0109051254089423,2,0.010787486515641875,0.010831889081455826
"(2, 1, 7, 2, 3, 2, 3)",goods_receipt: ρ = type  │  invoice_receipt: ρ = CreditAmountBSEGWRBTR  │  material: ρ = QuantityEKPOMENGE_band  │  payment: ρ = AmountDMBTR_band  │  purchase_order: ρ = type  │  purchase_requisition: ρ = type  │  quotation: ρ = type,True,,916,927,43.80474649406688,1,1.012008733624454,2,0.011866235167206085,0.022554400154053522
"(2, 1, 7, 3, 3, 2, 3)",goods_receipt: ρ = type  │  invoice_receipt: ρ = CreditAmountBSEGWRBTR  │  material: ρ = QuantityEKPOMENGE_band  │  payment: ρ = PaymentMethodZLSCH  │  purchase_order: ρ = type  │  purchase_requisition: ρ = type  │  quotation: ρ = type,True,,924,927,43.80474649406688,1,1.0032467532467533,2,0.003236245954692518,0.022554400154053522
"(2, 1, 7, 4, 1, 2, 3)",goods_receipt: ρ = type  │  invoice_receipt: ρ = CreditAmountBSEGWRBTR  │  material: ρ = QuantityEKPOMENGE_band  │  payment: ρ = type  │  purchase_order: ρ = PurchasingGroupEKKOEKGRP  │  purchase_requisition: ρ = type  │  quotation: ρ = type,True,,919,927,43.80474649406688,1,1.0087051142546246,2,0.008629989212513456,0.022554400154053522
"(2, 1, 7, 4, 3, 1, 3)",goods_receipt: ρ = type  │  invoice_receipt: ρ = CreditAmountBSEGWRBTR  │  material: ρ = QuantityEKPOMENGE_band  │  payment: ρ = type  │  purchase_order: ρ = type  │  purchase_requisition: ρ = PurchasingGroupEBANEKGRP  │  quotation: ρ = type,True,,919,927,43.80474649406688,1,1.0087051142546246,2,0.008629989212513456,0.022554400154053522
"(2, 1, 7, 4, 3, 2, 1)",goods_receipt: ρ = type  │  invoice_receipt: ρ = CreditAmountBSEGWRBTR  │  material: ρ = QuantityEKPOMENGE_band  │  payment: ρ = type  │  purchase_order: ρ = type  │  purchase_requisition: ρ = type  │  quotation: ρ = PurchasingGroupEBANEKGRP,True,,919,927,43.80474649406688,1,1.0087051142546246,2,0.008629989212513456,0.022554400154053522
"(2, 1, 8, 2, 3, 2, 3)",goods_receipt: ρ = type  │  invoice_receipt: ρ = CreditAmountBSEGWRBTR  │  material: ρ = StorageLocationEKPOLGORT  │  payment: ρ = AmountDMBTR_band  │  purchase_order: ρ = type  │  purchase_requisition: ρ = type  │  quotation: ρ = type,True,,923,927,44.01294498381877,1,1.0043336944745396,2,0.004314994606256728,0.01790872328134019
"(2, 1, 8, 3, 3, 2, 3)",goods_receipt: ρ = type  │  invoice_receipt: ρ = CreditAmountBSEGWRBTR  │  material: ρ = StorageLocationEKPOLGORT  │  payment: ρ = PaymentMethodZLSCH  │  purchase_order: ρ = type  │  purchase_requisition: ρ = type  │  quotation: ρ = type,False,no merging (K = n_executions),927,927,44.01294498381877,1,1.0,1,0.0,0.01790872328134019
"(2, 1, 8, 4, 1, 2, 3)",goods_receipt: ρ = type  │  invoice_receipt: ρ = CreditAmountBSEGWRBTR  │  material: ρ = StorageLocationEKPOLGORT  │  payment: ρ = type  │  purchase_order: ρ = PurchasingGroupEKKOEKGRP  │  purchase_requisition: ρ = type  │  quotation: ρ = type,True,,926,927,44.01294498381877,1,1.0010799136069115,2,0.0010787486515642097,0.01790872328134019
"(2, 1, 8, 4, 3, 1, 3)",goods_receipt: ρ = type  │  invoice_receipt: ρ = CreditAmountBSEGWRBTR  │  material: ρ = StorageLocationEKPOLGORT  │  payment: ρ = type  │  purchase_order: ρ = type  │  purchase_requisition: ρ = PurchasingGroupEBANEKGRP  │  quotation: ρ = type,True,,926,927,44.01294498381877,1,1.0010799136069115,2,0.0010787486515642097,0.01790872328134019
"(2, 1, 8, 4, 3, 2, 1)",goods_receipt: ρ = type  │  invoice_receipt: ρ = CreditAmountBSEGWRBTR  │  material: ρ = StorageLocationEKPOLGORT  │  payment: ρ = type  │  purchase_order: ρ = type  │  purchase_requisition: ρ = type  │  quotation: ρ = PurchasingGroupEBANEKGRP,True,,926,927,44.01294498381877,1,1.0010799136069115,2,0.0010787486515642097,0.01790872328134019
"(2, 1, 9, 1, 3, 2, 3)",goods_receipt: ρ = type  │  invoice_receipt: ρ = CreditAmountBSEGWRBTR  │  material: ρ = type  │  payment: ρ = AmountDMBTR  │  purchase_order: ρ = type  │  purchase_requisition: ρ = type  │  quotation: ρ = type,True,,909,927,42.93311758360302,1,1.0198019801980198,2,0.01941747572815533,0.04200365877142298
"(2, 1, 9, 2, 1, 2, 3)",goods_receipt: ρ = type  │  invoice_receipt: ρ = CreditAmountBSEGWRBTR  │  material: ρ = type  │  payment: ρ = AmountDMBTR_band  │  purchase_order: ρ = PurchasingGroupEKKOEKGRP  │  purchase_requisition: ρ = type  │  quotation: ρ = type,True,,918,927,43.19093851132686,1,1.0098039215686274,2,0.009708737864077666,0.03625072212593872
"(2, 1, 9, 2, 3, 1, 3)",goods_receipt: ρ = type  │  invoice_receipt: ρ = CreditAmountBSEGWRBTR  │  material: ρ = type  │  payment: ρ = AmountDMBTR_band  │  purchase_order: ρ = type  │  purchase_requisition: ρ = PurchasingGroupEBANEKGRP  │  quotation: ρ = type,True,,918,927,43.19093851132686,1,1.0098039215686274,2,0.009708737864077666,0.03625072212593872
"(2, 1, 9, 2, 3, 2, 1)",goods_receipt: ρ = type  │  invoice_receipt: ρ = CreditAmountBSEGWRBTR  │  material: ρ = type  │  payment: ρ = AmountDMBTR_band  │  purchase_order: ρ = type  │  purchase_requisition: ρ = type  │  quotation: ρ = PurchasingGroupEBANEKGRP,True,,918,927,43.19093851132686,1,1.0098039215686274,2,0.009708737864077666,0.03625072212593872
"(2, 1, 9, 3, 1, 2, 3)",goods_receipt: ρ = type  │  invoice_receipt: ρ = CreditAmountBSEGWRBTR  │  material: ρ = type  │  payment: ρ = PaymentMethodZLSCH  │  purchase_order: ρ = PurchasingGroupEKKOEKGRP  │  purchase_requisition: ρ = type  │  quotation: ρ = type,True,,924,927,43.19093851132686,1,1.0032467532467533,2,0.003236245954692518,0.03625072212593872
"(2, 1, 9, 3, 3, 1, 3)",goods_receipt: ρ = type  │  invoice_receipt: ρ = CreditAmountBSEGWRBTR  │  material: ρ = type  │  payment: ρ = PaymentMethodZLSCH  │  purchase_order: ρ = type  │  purchase_requisition: ρ = PurchasingGroupEBANEKGRP  │  quotation: ρ = type,True,,924,927,43.19093851132686,1,1.0032467532467533,2,0.003236245954692518,0.03625072212593872
"(2, 1, 9, 3, 3, 2, 1)",goods_receipt: ρ = type  │  invoice_receipt: ρ = CreditAmountBSEGWRBTR  │  material: ρ = type  │  payment: ρ = PaymentMethodZLSCH  │  purchase_order: ρ = type  │  purchase_requisition: ρ = type  │  quotation: ρ = PurchasingGroupEBANEKGRP,True,,924,927,43.19093851132686,1,1.0032467532467533,2,0.003236245954692518,0.03625072212593872
"(2, 1, 9, 4, 1, 1, 3)",goods_receipt: ρ = type  │  invoice_receipt: ρ = CreditAmountBSEGWRBTR  │  material: ρ = type  │  payment: ρ = type  │  purchase_order: ρ = PurchasingGroupEKKOEKGRP  │  purchase_requisition: ρ = PurchasingGroupEBANEKGRP  │  quotation: ρ = type,True,,918,927,43.19093851132686,1,1.0098039215686274,2,0.009708737864077666,0.03625072212593872
"(2, 1, 9, 4, 1, 2, 1)",goods_receipt: ρ = type  │  invoice_receipt: ρ = CreditAmountBSEGWRBTR  │  material: ρ = type  │  payment: ρ = type  │  purchase_order: ρ = PurchasingGroupEKKOEKGRP  │  purchase_requisition: ρ = type  │  quotation: ρ = PurchasingGroupEBANEKGRP,True,,918,927,42.36785329018339,1,1.0098039215686274,2,0.009708737864077666,0.05461679183516266
"(2, 1, 9, 4, 2, 2, 3)",goods_receipt: ρ = type  │  invoice_receipt: ρ = CreditAmountBSEGWRBTR  │  material: ρ = type  │  payment: ρ = type  │  purchase_order: ρ = VendorEKKOLIFNR  │  purchase_requisition: ρ = type  │  quotation: ρ = type,True,,926,927,43.19093851132686,1,1.0010799136069115,2,0.0010787486515642097,0.03625072212593872
"(2, 1, 9, 4, 3, 1, 1)",goods_receipt: ρ = type  │  invoice_receipt: ρ = CreditAmountBSEGWRBTR  │  material: ρ = type  │  payment: ρ = type  │  purchase_order: ρ = type  │  purchase_requisition: ρ = PurchasingGroupEBANEKGRP  │  quotation: ρ = PurchasingGroupEBANEKGRP,True,,918,927,43.19093851132686,1,1.0098039215686274,2,0.009708737864077666,0.03625072212593872
"(2, 1, 9, 4, 3, 2, 2)",goods_receipt: ρ = type  │  invoice_receipt: ρ = CreditAmountBSEGWRBTR  │  material: ρ = type  │  payment: ρ = type  │  purchase_order: ρ = type  │  purchase_requisition: ρ = type  │  quotation: ρ = VendorEBANLIFNR,True,,926,927,43.19093851132686,1,1.0010799136069115,2,0.0010787486515642097,0.03625072212593872
"(2, 2, 2, 4, 3, 2, 3)",goods_receipt: ρ = type  │  invoice_receipt: ρ = CreditAmountBSEGWRBTR_band  │  material: ρ = MaterialEKPOMATNR  │  payment: ρ = type  │  purchase_order: ρ = type  │  purchase_requisition: ρ = type  │  quotation: ρ = type,True,,756,927,44.353829557713055,1,1.2261904761904763,38,0.18446601941747576,0.010302330059695608
"(2, 2, 3, 2, 3, 2, 3)",goods_receipt: ρ = type  │  invoice_receipt: ρ = CreditAmountBSEGWRBTR_band  │  material: ρ = NetPriceEKPONETPR  │  payment: ρ = AmountDMBTR_band  │  purchase_order: ρ = type  │  purchase_requisition: ρ = type  │  quotation: ρ = type,True,,718,927,43.87702265372168,1,1.2910863509749304,36,0.22545846817691473,0.0209416522241479
"(2, 2, 3, 3, 3, 2, 3)",goods_receipt: ρ = type  │  invoice_receipt: ρ = CreditAmountBSEGWRBTR_band  │  material: ρ = NetPriceEKPONETPR  │  payment: ρ = PaymentMethodZLSCH  │  purchase_order: ρ = type  │  purchase_requisition: ρ = type  │  quotation: ρ = type,True,,783,927,44.13484358144552,1,1.1839080459770115,15,0.15533980582524276,0.015188715578663525
"(2, 2, 3, 4, 1, 2, 3)",goods_receipt: ρ = type  │  invoice_receipt: ρ = CreditAmountBSEGWRBTR_band  │  material: ρ = NetPriceEKPONETPR  │  payment: ρ = type  │  purchase_order: ρ = PurchasingGroupEKKOEKGRP  │  purchase_requisition: ρ = type  │  quotation: ρ = type,True,,736,927,44.13484358144552,1,1.2595108695652173,12,0.2060409924487594,0.015188715578663525
"(2, 2, 3, 4, 3, 1, 3)",goods_receipt: ρ = type  │  invoice_receipt: ρ = CreditAmountBSEGWRBTR_band  │  material: ρ = NetPriceEKPONETPR  │  payment: ρ = type  │  purchase_order: ρ = type  │  purchase_requisition: ρ = PurchasingGroupEBANEKGRP  │  quotation: ρ = type,True,,736,927,44.13484358144552,1,1.2595108695652173,12,0.2060409924487594,0.015188715578663525
"(2, 2, 3, 4, 3, 2, 1)",goods_receipt: ρ = type  │  invoice_receipt: ρ = CreditAmountBSEGWRBTR_band  │  material: ρ = NetPriceEKPONETPR  │  payment: ρ = type  │  purchase_order: ρ = type  │  purchase_requisition: ρ = type  │  quotation: ρ = PurchasingGroupEBANEKGRP,True,,736,927,44.13484358144552,1,1.2595108695652173,12,0.2060409924487594,0.015188715578663525
"(2, 2, 4, 1, 3, 2, 3)",goods_receipt: ρ = type  │  invoice_receipt: ρ = CreditAmountBSEGWRBTR_band  │  material: ρ = NetPriceEKPONETPR_band  │  payment: ρ = AmountDMBTR  │  purchase_order: ρ = type  │  purchase_requisition: ρ = type  │  quotation: ρ = type,True,,916,927,43.34519956850054,1,1.012008733624454,2,0.011866235167206085,0.0328085884844983
"(2, 2, 4, 2, 1, 2, 3)",goods_receipt: ρ = type  │  invoice_receipt: ρ = CreditAmountBSEGWRBTR_band  │  material: ρ = NetPriceEKPONETPR_band  │  payment: ρ = AmountDMBTR_band  │  purchase_order: ρ = PurchasingGroupEKKOEKGRP  │  purchase_requisition: ρ = type  │  quotation: ρ = type,True,,633,927,43.0873786407767,1,1.4644549763033174,29,0.31715210355987056,0.03856152512998268
"(2, 2, 4, 2, 3, 1, 3)",goods_receipt: ρ = type  │  invoice_receipt: ρ = CreditAmountBSEGWRBTR_band  │  material: ρ = NetPriceEKPONETPR_band  │  payment: ρ = AmountDMBTR_band  │  purchase_order: ρ = type  │  purchase_requisition: ρ = PurchasingGroupEBANEKGRP  │  quotation: ρ = type,True,,633,927,43.0873786407767,1,1.4644549763033174,29,0.31715210355987056,0.03856152512998268
"(2, 2, 4, 2, 3, 2, 1)",goods_receipt: ρ = type  │  invoice_receipt: ρ = CreditAmountBSEGWRBTR_band  │  material: ρ = NetPriceEKPONETPR_band  │  payment: ρ = AmountDMBTR_band  │  purchase_order: ρ = type  │  purchase_requisition: ρ = type  │  quotation: ρ = PurchasingGroupEBANEKGRP,True,,633,927,43.0873786407767,1,1.4644549763033174,29,0.31715210355987056,0.03856152512998268
"(2, 2, 4, 3, 1, 2, 3)",goods_receipt: ρ = type  │  invoice_receipt: ρ = CreditAmountBSEGWRBTR_band  │  material: ρ = NetPriceEKPONETPR_band  │  payment: ρ = PaymentMethodZLSCH  │  purchase_order: ρ = PurchasingGroupEKKOEKGRP  │  purchase_requisition: ρ = type  │  quotation: ρ = type,True,,709,927,43.34519956850054,1,1.307475317348378,13,0.2351672060409924,0.0328085884844983
"(2, 2, 4, 3, 3, 1, 3)",goods_receipt: ρ = type  │  invoice_receipt: ρ = CreditAmountBSEGWRBTR_band  │  material: ρ = NetPriceEKPONETPR_band  │  payment: ρ = PaymentMethodZLSCH  │  purchase_order: ρ = type  │  purchase_requisition: ρ = PurchasingGroupEBANEKGRP  │  quotation: ρ = type,True,,709,927,43.34519956850054,1,1.307475317348378,13,0.2351672060409924,0.0328085884844983
"(2, 2, 4, 3, 3, 2, 1)",goods_receipt: ρ = type  │  invoice_receipt: ρ = CreditAmountBSEGWRBTR_band  │  material: ρ = NetPriceEKPONETPR_band  │  payment: ρ = PaymentMethodZLSCH  │  purchase_order: ρ = type  │  purchase_requisition: ρ = type  │  quotation: ρ = PurchasingGroupEBANEKGRP,True,,709,927,43.34519956850054,1,1.307475317348378,13,0.2351672060409924,0.0328085884844983
"(2, 2, 4, 4, 1, 1, 3)",goods_receipt: ρ = type  │  invoice_receipt: ρ = CreditAmountBSEGWRBTR_band  │  material: ρ = NetPriceEKPONETPR_band  │  payment: ρ = type  │  purchase_order: ρ = PurchasingGroupEKKOEKGRP  │  purchase_requisition: ρ = PurchasingGroupEBANEKGRP  │  quotation: ρ = type,True,,630,927,43.34519956850054,1,1.4714285714285715,29,0.3203883495145631,0.0328085884844983
"(2, 2, 4, 4, 1, 2, 1)",goods_receipt: ρ = type  │  invoice_receipt: ρ = CreditAmountBSEGWRBTR_band  │  material: ρ = NetPriceEKPONETPR_band  │  payment: ρ = type  │  purchase_order: ρ = PurchasingGroupEKKOEKGRP  │  purchase_requisition: ρ = type  │  quotation: ρ = PurchasingGroupEBANEKGRP,True,,630,927,42.52211434735707,1,1.4714285714285715,29,0.3203883495145631,0.051174658193722244
"(2, 2, 4, 4, 2, 2, 3)",goods_receipt: ρ = type  │  invoice_receipt: ρ = CreditAmountBSEGWRBTR_band  │  material: ρ = NetPriceEKPONETPR_band  │  payment: ρ = type  │  purchase_order: ρ = VendorEKKOLIFNR  │  purchase_requisition: ρ = type  │  quotation: ρ = type,True,,803,927,43.34519956850054,1,1.1544209215442092,7,0.133764832793959,0.0328085884844983
"(2, 2, 4, 4, 3, 1, 1)",goods_receipt: ρ = type  │  invoice_receipt: ρ = CreditAmountBSEGWRBTR_band  │  material: ρ = NetPriceEKPONETPR_band  │  payment: ρ = type  │  purchase_order: ρ = type  │  purchase_requisition: ρ = PurchasingGroupEBANEKGRP  │  quotation: ρ = PurchasingGroupEBANEKGRP,True,,630,927,43.34519956850054,1,1.4714285714285715,29,0.3203883495145631,0.0328085884844983
"(2, 2, 4, 4, 3, 2, 2)",goods_receipt: ρ = type  │  invoice_receipt: ρ = CreditAmountBSEGWRBTR_band  │  material: ρ = NetPriceEKPONETPR_band  │  payment: ρ = type  │  purchase_order: ρ = type  │  purchase_requisition: ρ = type  │  quotation: ρ = VendorEBANLIFNR,True,,803,927,43.34519956850054,1,1.1544209215442092,7,0.133764832793959,0.0328085884844983
"(2, 2, 0, 4, 3, 2, 3)",goods_receipt: ρ = type  │  invoice_receipt: ρ = CreditAmountBSEGWRBTR_band  │  material: ρ = id  │  payment: ρ = type  │  purchase_order: ρ = type  │  purchase_requisition: ρ = type  │  quotation: ρ = type,True,,850,927,44.353829557713055,1,1.0905882352941176,38,0.08306364617044226,0.010302330059695608
"(2, 2, 1, 2, 3, 2, 3)",goods_receipt: ρ = type  │  invoice_receipt: ρ = CreditAmountBSEGWRBTR_band  │  material: ρ = DeliveryDateEKPOBEDAT  │  payment: ρ = AmountDMBTR_band  │  purchase_order: ρ = type  │  purchase_requisition: ρ = type  │  quotation: ρ = type,True,,851,927,44.096008629989214,1,1.0893066980023502,36,0.08198489751887805,0.016055266705179982
"(2, 2, 1, 3, 3, 2, 3)",goods_receipt: ρ = type  │  invoice_receipt: ρ = CreditAmountBSEGWRBTR_band  │  material: ρ = DeliveryDateEKPOBEDAT  │  payment: ρ = PaymentMethodZLSCH  │  purchase_order: ρ = type  │  purchase_requisition: ρ = type  │  quotation: ρ = type,True,,865,927,44.353829557713055,1,1.0716763005780348,15,0.06688241639697945,0.010302330059695608
"(2, 2, 1, 4, 1, 2, 3)",goods_receipt: ρ = type  │  invoice_receipt: ρ = CreditAmountBSEGWRBTR_band  │  material: ρ = DeliveryDateEKPOBEDAT  │  payment: ρ = type  │  purchase_order: ρ = PurchasingGroupEKKOEKGRP  │  purchase_requisition: ρ = type  │  quotation: ρ = type,True,,870,927,44.353829557713055,1,1.0655172413793104,12,0.06148867313915862,0.010302330059695608
"(2, 2, 1, 4, 3, 1, 3)",goods_receipt: ρ = type  │  invoice_receipt: ρ = CreditAmountBSEGWRBTR_band  │  material: ρ = DeliveryDateEKPOBEDAT  │  payment: ρ = type  │  purchase_order: ρ = type  │  purchase_requisition: ρ = PurchasingGroupEBANEKGRP  │  quotation: ρ = type,True,,870,927,44.353829557713055,1,1.0655172413793104,12,0.06148867313915862,0.010302330059695608
"(2, 2, 1, 4, 3, 2, 1)",goods_receipt: ρ = type  │  invoice_receipt: ρ = CreditAmountBSEGWRBTR_band  │  material: ρ = DeliveryDateEKPOBEDAT  │  payment: ρ = type  │  purchase_order: ρ = type  │  purchase_requisition: ρ = type  │  quotation: ρ = PurchasingGroupEBANEKGRP,True,,870,927,44.353829557713055,1,1.0655172413793104,12,0.06148867313915862,0.010302330059695608
"(2, 2, 5, 1, 3, 2, 3)",goods_receipt: ρ = type  │  invoice_receipt: ρ = CreditAmountBSEGWRBTR_band  │  material: ρ = PlantEKPOWERKS  │  payment: ρ = AmountDMBTR  │  purchase_order: ρ = type  │  purchase_requisition: ρ = type  │  quotation: ρ = type,True,,922,927,44.01294498381877,1,1.0054229934924077,2,0.005393743257820938,0.01790872328134019
"(2, 2, 5, 2, 1, 2, 3)",goods_receipt: ρ = type  │  invoice_receipt: ρ = CreditAmountBSEGWRBTR_band  │  material: ρ = PlantEKPOWERKS  │  payment: ρ = AmountDMBTR_band  │  purchase_order: ρ = PurchasingGroupEKKOEKGRP  │  purchase_requisition: ρ = type  │  quotation: ρ = type,True,,744,927,43.75512405609493,1,1.2459677419354838,12,0.19741100323624594,0.023661659926824563
"(2, 2, 5, 2, 3, 1, 3)",goods_receipt: ρ = type  │  invoice_receipt: ρ = CreditAmountBSEGWRBTR_band  │  material: ρ = PlantEKPOWERKS  │  payment: ρ = AmountDMBTR_band  │  purchase_order: ρ = type  │  purchase_requisition: ρ = PurchasingGroupEBANEKGRP  │  quotation: ρ = type,True,,744,927,43.75512405609493,1,1.2459677419354838,12,0.19741100323624594,0.023661659926824563
"(2, 2, 5, 2, 3, 2, 1)",goods_receipt: ρ = type  │  invoice_receipt: ρ = CreditAmountBSEGWRBTR_band  │  material: ρ = PlantEKPOWERKS  │  payment: ρ = AmountDMBTR_band  │  purchase_order: ρ = type  │  purchase_requisition: ρ = type  │  quotation: ρ = PurchasingGroupEBANEKGRP,True,,744,927,43.75512405609493,1,1.2459677419354838,12,0.19741100323624594,0.023661659926824563
"(2, 2, 5, 3, 1, 2, 3)",goods_receipt: ρ = type  │  invoice_receipt: ρ = CreditAmountBSEGWRBTR_band  │  material: ρ = PlantEKPOWERKS  │  payment: ρ = PaymentMethodZLSCH  │  purchase_order: ρ = PurchasingGroupEKKOEKGRP  │  purchase_requisition: ρ = type  │  quotation: ρ = type,True,,807,927,44.01294498381877,1,1.1486988847583643,6,0.12944983818770228,0.01790872328134019
"(2, 2, 5, 3, 3, 1, 3)",goods_receipt: ρ = type  │  invoice_receipt: ρ = CreditAmountBSEGWRBTR_band  │  material: ρ = PlantEKPOWERKS  │  payment: ρ = PaymentMethodZLSCH  │  purchase_order: ρ = type  │  purchase_requisition: ρ = PurchasingGroupEBANEKGRP  │  quotation: ρ = type,True,,807,927,44.01294498381877,1,1.1486988847583643,6,0.12944983818770228,0.01790872328134019
"(2, 2, 5, 3, 3, 2, 1)",goods_receipt: ρ = type  │  invoice_receipt: ρ = CreditAmountBSEGWRBTR_band  │  material: ρ = PlantEKPOWERKS  │  payment: ρ = PaymentMethodZLSCH  │  purchase_order: ρ = type  │  purchase_requisition: ρ = type  │  quotation: ρ = PurchasingGroupEBANEKGRP,True,,807,927,44.01294498381877,1,1.1486988847583643,6,0.12944983818770228,0.01790872328134019
"(2, 2, 5, 4, 1, 1, 3)",goods_receipt: ρ = type  │  invoice_receipt: ρ = CreditAmountBSEGWRBTR_band  │  material: ρ = PlantEKPOWERKS  │  payment: ρ = type  │  purchase_order: ρ = PurchasingGroupEKKOEKGRP  │  purchase_requisition: ρ = PurchasingGroupEBANEKGRP  │  quotation: ρ = type,True,,741,927,44.01294498381877,1,1.2510121457489878,12,0.20064724919093846,0.01790872328134019
"(2, 2, 5, 4, 1, 2, 1)",goods_receipt: ρ = type  │  invoice_receipt: ρ = CreditAmountBSEGWRBTR_band  │  material: ρ = PlantEKPOWERKS  │  payment: ρ = type  │  purchase_order: ρ = PurchasingGroupEKKOEKGRP  │  purchase_requisition: ρ = type  │  quotation: ρ = PurchasingGroupEBANEKGRP,True,,741,927,43.1898597626753,1,1.2510121457489878,12,0.20064724919093846,0.03627479299056413
"(2, 2, 5, 4, 2, 2, 3)",goods_receipt: ρ = type  │  invoice_receipt: ρ = CreditAmountBSEGWRBTR_band  │  material: ρ = PlantEKPOWERKS  │  payment: ρ = type  │  purchase_order: ρ = VendorEKKOLIFNR  │  purchase_requisition: ρ = type  │  quotation: ρ = type,True,,882,927,44.01294498381877,1,1.0510204081632653,4,0.04854368932038833,0.01790872328134019
"(2, 2, 5, 4, 3, 1, 1)",goods_receipt: ρ = type  │  invoice_receipt: ρ = CreditAmountBSEGWRBTR_band  │  material: ρ = PlantEKPOWERKS  │  payment: ρ = type  │  purchase_order: ρ = type  │  purchase_requisition: ρ = PurchasingGroupEBANEKGRP  │  quotation: ρ = PurchasingGroupEBANEKGRP,True,,741,927,44.01294498381877,1,1.2510121457489878,12,0.20064724919093846,0.01790872328134019
"(2, 2, 5, 4, 3, 2, 2)",goods_receipt: ρ = type  │  invoice_receipt: ρ = CreditAmountBSEGWRBTR_band  │  material: ρ = PlantEKPOWERKS  │  payment: ρ = type  │  purchase_order: ρ = type  │  purchase_requisition: ρ = type  │  quotation: ρ = VendorEBANLIFNR,True,,882,927,44.01294498381877,1,1.0510204081632653,4,0.04854368932038833,0.01790872328134019
"(2, 2, 6, 2, 3, 2, 3)",goods_receipt: ρ = type  │  invoice_receipt: ρ = CreditAmountBSEGWRBTR_band  │  material: ρ = QuantityEKPOMENGE  │  payment: ρ = AmountDMBTR_band  │  purchase_order: ρ = type  │  purchase_requisition: ρ = type  │  quotation: ρ = type,True,,801,927,44.0722761596548,1,1.1573033707865168,36,0.13592233009708743,0.01658482572694009
"(2, 2, 6, 3, 3, 2, 3)",goods_receipt: ρ = type  │  invoice_receipt: ρ = CreditAmountBSEGWRBTR_band  │  material: ρ = QuantityEKPOMENGE  │  payment: ρ = PaymentMethodZLSCH  │  purchase_order: ρ = type  │  purchase_requisition: ρ = type  │  quotation: ρ = type,True,,841,927,44.33009708737864,1,1.1022592152199762,15,0.09277238403451993,0.010831889081455826
"(2, 2, 6, 4, 1, 2, 3)",goods_receipt: ρ = type  │  invoice_receipt: ρ = CreditAmountBSEGWRBTR_band  │  material: ρ = QuantityEKPOMENGE  │  payment: ρ = type  │  purchase_order: ρ = PurchasingGroupEKKOEKGRP  │  purchase_requisition: ρ = type  │  quotation: ρ = type,True,,851,927,44.33009708737864,1,1.0893066980023502,12,0.08198489751887805,0.010831889081455826
"(2, 2, 6, 4, 3, 1, 3)",goods_receipt: ρ = type  │  invoice_receipt: ρ = CreditAmountBSEGWRBTR_band  │  material: ρ = QuantityEKPOMENGE  │  payment: ρ = type  │  purchase_order: ρ = type  │  purchase_requisition: ρ = PurchasingGroupEBANEKGRP  │  quotation: ρ = type,True,,851,927,44.33009708737864,1,1.0893066980023502,12,0.08198489751887805,0.010831889081455826
"(2, 2, 6, 4, 3, 2, 1)",goods_receipt: ρ = type  │  invoice_receipt: ρ = CreditAmountBSEGWRBTR_band  │  material: ρ = QuantityEKPOMENGE  │  payment: ρ = type  │  purchase_order: ρ = type  │  purchase_requisition: ρ = type  │  quotation: ρ = PurchasingGroupEBANEKGRP,True,,851,927,44.33009708737864,1,1.0893066980023502,12,0.08198489751887805,0.010831889081455826
"(2, 2, 7, 1, 3, 2, 3)",goods_receipt: ρ = type  │  invoice_receipt: ρ = CreditAmountBSEGWRBTR_band  │  material: ρ = QuantityEKPOMENGE_band  │  payment: ρ = AmountDMBTR  │  purchase_order: ρ = type  │  purchase_requisition: ρ = type  │  quotation: ρ = type,True,,916,927,43.80474649406688,1,1.012008733624454,2,0.011866235167206085,0.022554400154053522
"(2, 2, 7, 2, 1, 2, 3)",goods_receipt: ρ = type  │  invoice_receipt: ρ = CreditAmountBSEGWRBTR_band  │  material: ρ = QuantityEKPOMENGE_band  │  payment: ρ = AmountDMBTR_band  │  purchase_order: ρ = PurchasingGroupEKKOEKGRP  │  purchase_requisition: ρ = type  │  quotation: ρ = type,True,,703,927,43.54692556634304,1,1.3186344238975818,17,0.24163969795037754,0.028307336799537786
"(2, 2, 7, 2, 3, 1, 3)",goods_receipt: ρ = type  │  invoice_receipt: ρ = CreditAmountBSEGWRBTR_band  │  material: ρ = QuantityEKPOMENGE_band  │  payment: ρ = AmountDMBTR_band  │  purchase_order: ρ = type  │  purchase_requisition: ρ = PurchasingGroupEBANEKGRP  │  quotation: ρ = type,True,,703,927,43.54692556634304,1,1.3186344238975818,17,0.24163969795037754,0.028307336799537786
"(2, 2, 7, 2, 3, 2, 1)",goods_receipt: ρ = type  │  invoice_receipt: ρ = CreditAmountBSEGWRBTR_band  │  material: ρ = QuantityEKPOMENGE_band  │  payment: ρ = AmountDMBTR_band  │  purchase_order: ρ = type  │  purchase_requisition: ρ = type  │  quotation: ρ = PurchasingGroupEBANEKGRP,True,,703,927,43.54692556634304,1,1.3186344238975818,17,0.24163969795037754,0.028307336799537786
"(2, 2, 7, 3, 1, 2, 3)",goods_receipt: ρ = type  │  invoice_receipt: ρ = CreditAmountBSEGWRBTR_band  │  material: ρ = QuantityEKPOMENGE_band  │  payment: ρ = PaymentMethodZLSCH  │  purchase_order: ρ = PurchasingGroupEKKOEKGRP  │  purchase_requisition: ρ = type  │  quotation: ρ = type,True,,772,927,43.80474649406688,1,1.200777202072539,8,0.16720604099244873,0.022554400154053522
"(2, 2, 7, 3, 3, 1, 3)",goods_receipt: ρ = type  │  invoice_receipt: ρ = CreditAmountBSEGWRBTR_band  │  material: ρ = QuantityEKPOMENGE_band  │  payment: ρ = PaymentMethodZLSCH  │  purchase_order: ρ = type  │  purchase_requisition: ρ = PurchasingGroupEBANEKGRP  │  quotation: ρ = type,True,,772,927,43.80474649406688,1,1.200777202072539,8,0.16720604099244873,0.022554400154053522
"(2, 2, 7, 3, 3, 2, 1)",goods_receipt: ρ = type  │  invoice_receipt: ρ = CreditAmountBSEGWRBTR_band  │  material: ρ = QuantityEKPOMENGE_band  │  payment: ρ = PaymentMethodZLSCH  │  purchase_order: ρ = type  │  purchase_requisition: ρ = type  │  quotation: ρ = PurchasingGroupEBANEKGRP,True,,772,927,43.80474649406688,1,1.200777202072539,8,0.16720604099244873,0.022554400154053522
"(2, 2, 7, 4, 1, 1, 3)",goods_receipt: ρ = type  │  invoice_receipt: ρ = CreditAmountBSEGWRBTR_band  │  material: ρ = QuantityEKPOMENGE_band  │  payment: ρ = type  │  purchase_order: ρ = PurchasingGroupEKKOEKGRP  │  purchase_requisition: ρ = PurchasingGroupEBANEKGRP  │  quotation: ρ = type,True,,701,927,43.80474649406688,1,1.3223965763195435,17,0.24379719525350596,0.022554400154053522
"(2, 2, 7, 4, 1, 2, 1)",goods_receipt: ρ = type  │  invoice_receipt: ρ = CreditAmountBSEGWRBTR_band  │  material: ρ = QuantityEKPOMENGE_band  │  payment: ρ = type  │  purchase_order: ρ = PurchasingGroupEKKOEKGRP  │  purchase_requisition: ρ = type  │  quotation: ρ = PurchasingGroupEBANEKGRP,True,,701,927,42.98166127292341,1,1.3223965763195435,17,0.24379719525350596,0.04092046986327735
"(2, 2, 7, 4, 2, 2, 3)",goods_receipt: ρ = type  │  invoice_receipt: ρ = CreditAmountBSEGWRBTR_band  │  material: ρ = QuantityEKPOMENGE_band  │  payment: ρ = type  │  purchase_order: ρ = VendorEKKOLIFNR  │  purchase_requisition: ρ = type  │  quotation: ρ = type,True,,853,927,43.80474649406688,1,1.0867526377491208,4,0.07982740021574974,0.022554400154053522
"(2, 2, 7, 4, 3, 1, 1)",goods_receipt: ρ = type  │  invoice_receipt: ρ = CreditAmountBSEGWRBTR_band  │  material: ρ = QuantityEKPOMENGE_band  │  payment: ρ = type  │  purchase_order: ρ = type  │  purchase_requisition: ρ = PurchasingGroupEBANEKGRP  │  quotation: ρ = PurchasingGroupEBANEKGRP,True,,701,927,43.80474649406688,1,1.3223965763195435,17,0.24379719525350596,0.022554400154053522
"(2, 2, 7, 4, 3, 2, 2)",goods_receipt: ρ = type  │  invoice_receipt: ρ = CreditAmountBSEGWRBTR_band  │  material: ρ = QuantityEKPOMENGE_band  │  payment: ρ = type  │  purchase_order: ρ = type  │  purchase_requisition: ρ = type  │  quotation: ρ = VendorEBANLIFNR,True,,853,927,43.80474649406688,1,1.0867526377491208,4,0.07982740021574974,0.022554400154053522
"(2, 2, 8, 1, 3, 2, 3)",goods_receipt: ρ = type  │  invoice_receipt: ρ = CreditAmountBSEGWRBTR_band  │  material: ρ = StorageLocationEKPOLGORT  │  payment: ρ = AmountDMBTR  │  purchase_order: ρ = type  │  purchase_requisition: ρ = type  │  quotation: ρ = type,True,,923,927,44.01294498381877,1,1.0043336944745396,2,0.004314994606256728,0.01790872328134019
"(2, 2, 8, 2, 1, 2, 3)",goods_receipt: ρ = type  │  invoice_receipt: ρ = CreditAmountBSEGWRBTR_band  │  material: ρ = StorageLocationEKPOLGORT  │  payment: ρ = AmountDMBTR_band  │  purchase_order: ρ = PurchasingGroupEKKOEKGRP  │  purchase_requisition: ρ = type  │  quotation: ρ = type,True,,743,927,43.75512405609493,1,1.2476446837146702,12,0.19848975188781015,0.023661659926824563
"(2, 2, 8, 2, 3, 1, 3)",goods_receipt: ρ = type  │  invoice_receipt: ρ = CreditAmountBSEGWRBTR_band  │  material: ρ = StorageLocationEKPOLGORT  │  payment: ρ = AmountDMBTR_band  │  purchase_order: ρ = type  │  purchase_requisition: ρ = PurchasingGroupEBANEKGRP  │  quotation: ρ = type,True,,743,927,43.75512405609493,1,1.2476446837146702,12,0.19848975188781015,0.023661659926824563
"(2, 2, 8, 2, 3, 2, 1)",goods_receipt: ρ = type  │  invoice_receipt: ρ = CreditAmountBSEGWRBTR_band  │  material: ρ = StorageLocationEKPOLGORT  │  payment: ρ = AmountDMBTR_band  │  purchase_order: ρ = type  │  purchase_requisition: ρ = type  │  quotation: ρ = PurchasingGroupEBANEKGRP,True,,743,927,43.75512405609493,1,1.2476446837146702,12,0.19848975188781015,0.023661659926824563
"(2, 2, 8, 3, 1, 2, 3)",goods_receipt: ρ = type  │  invoice_receipt: ρ = CreditAmountBSEGWRBTR_band  │  material: ρ = StorageLocationEKPOLGORT  │  payment: ρ = PaymentMethodZLSCH  │  purchase_order: ρ = PurchasingGroupEKKOEKGRP  │  purchase_requisition: ρ = type  │  quotation: ρ = type,True,,808,927,44.01294498381877,1,1.1472772277227723,6,0.12837108953613807,0.01790872328134019
"(2, 2, 8, 3, 3, 1, 3)",goods_receipt: ρ = type  │  invoice_receipt: ρ = CreditAmountBSEGWRBTR_band  │  material: ρ = StorageLocationEKPOLGORT  │  payment: ρ = PaymentMethodZLSCH  │  purchase_order: ρ = type  │  purchase_requisition: ρ = PurchasingGroupEBANEKGRP  │  quotation: ρ = type,True,,808,927,44.01294498381877,1,1.1472772277227723,6,0.12837108953613807,0.01790872328134019
"(2, 2, 8, 3, 3, 2, 1)",goods_receipt: ρ = type  │  invoice_receipt: ρ = CreditAmountBSEGWRBTR_band  │  material: ρ = StorageLocationEKPOLGORT  │  payment: ρ = PaymentMethodZLSCH  │  purchase_order: ρ = type  │  purchase_requisition: ρ = type  │  quotation: ρ = PurchasingGroupEBANEKGRP,True,,808,927,44.01294498381877,1,1.1472772277227723,6,0.12837108953613807,0.01790872328134019
"(2, 2, 8, 4, 1, 1, 3)",goods_receipt: ρ = type  │  invoice_receipt: ρ = CreditAmountBSEGWRBTR_band  │  material: ρ = StorageLocationEKPOLGORT  │  payment: ρ = type  │  purchase_order: ρ = PurchasingGroupEKKOEKGRP  │  purchase_requisition: ρ = PurchasingGroupEBANEKGRP  │  quotation: ρ = type,True,,741,927,44.01294498381877,1,1.2510121457489878,12,0.20064724919093846,0.01790872328134019
"(2, 2, 8, 4, 1, 2, 1)",goods_receipt: ρ = type  │  invoice_receipt: ρ = CreditAmountBSEGWRBTR_band  │  material: ρ = StorageLocationEKPOLGORT  │  payment: ρ = type  │  purchase_order: ρ = PurchasingGroupEKKOEKGRP  │  purchase_requisition: ρ = type  │  quotation: ρ = PurchasingGroupEBANEKGRP,True,,741,927,43.1898597626753,1,1.2510121457489878,12,0.20064724919093846,0.03627479299056413
"(2, 2, 8, 4, 2, 2, 3)",goods_receipt: ρ = type  │  invoice_receipt: ρ = CreditAmountBSEGWRBTR_band  │  material: ρ = StorageLocationEKPOLGORT  │  payment: ρ = type  │  purchase_order: ρ = VendorEKKOLIFNR  │  purchase_requisition: ρ = type  │  quotation: ρ = type,True,,881,927,44.01294498381877,1,1.0522133938706015,3,0.04962243797195254,0.01790872328134019
"(2, 2, 8, 4, 3, 1, 1)",goods_receipt: ρ = type  │  invoice_receipt: ρ = CreditAmountBSEGWRBTR_band  │  material: ρ = StorageLocationEKPOLGORT  │  payment: ρ = type  │  purchase_order: ρ = type  │  purchase_requisition: ρ = PurchasingGroupEBANEKGRP  │  quotation: ρ = PurchasingGroupEBANEKGRP,True,,741,927,44.01294498381877,1,1.2510121457489878,12,0.20064724919093846,0.01790872328134019
"(2, 2, 8, 4, 3, 2, 2)",goods_receipt: ρ = type  │  invoice_receipt: ρ = CreditAmountBSEGWRBTR_band  │  material: ρ = StorageLocationEKPOLGORT  │  payment: ρ = type  │  purchase_order: ρ = type  │  purchase_requisition: ρ = type  │  quotation: ρ = VendorEBANLIFNR,True,,881,927,44.01294498381877,1,1.0522133938706015,3,0.04962243797195254,0.01790872328134019
"(2, 2, 9, 1, 1, 2, 3)",goods_receipt: ρ = type  │  invoice_receipt: ρ = CreditAmountBSEGWRBTR_band  │  material: ρ = type  │  payment: ρ = AmountDMBTR  │  purchase_order: ρ = PurchasingGroupEKKOEKGRP  │  purchase_requisition: ρ = type  │  quotation: ρ = type,True,,918,927,43.19093851132686,1,1.0098039215686274,2,0.009708737864077666,0.03625072212593872
"(2, 2, 9, 1, 3, 1, 3)",goods_receipt: ρ = type  │  invoice_receipt: ρ = CreditAmountBSEGWRBTR_band  │  material: ρ = type  │  payment: ρ = AmountDMBTR  │  purchase_order: ρ = type  │  purchase_requisition: ρ = PurchasingGroupEBANEKGRP  │  quotation: ρ = type,True,,918,927,43.19093851132686,1,1.0098039215686274,2,0.009708737864077666,0.03625072212593872
"(2, 2, 9, 1, 3, 2, 1)",goods_receipt: ρ = type  │  invoice_receipt: ρ = CreditAmountBSEGWRBTR_band  │  material: ρ = type  │  payment: ρ = AmountDMBTR  │  purchase_order: ρ = type  │  purchase_requisition: ρ = type  │  quotation: ρ = PurchasingGroupEBANEKGRP,True,,918,927,43.19093851132686,1,1.0098039215686274,2,0.009708737864077666,0.03625072212593872
"(2, 2, 9, 2, 1, 1, 3)",goods_receipt: ρ = type  │  invoice_receipt: ρ = CreditAmountBSEGWRBTR_band  │  material: ρ = type  │  payment: ρ = AmountDMBTR_band  │  purchase_order: ρ = PurchasingGroupEKKOEKGRP  │  purchase_requisition: ρ = PurchasingGroupEBANEKGRP  │  quotation: ρ = type,True,,606,927,42.93311758360302,1,1.5297029702970297,31,0.34627831715210355,0.04200365877142298
"(2, 2, 9, 2, 1, 2, 1)",goods_receipt: ρ = type  │  invoice_receipt: ρ = CreditAmountBSEGWRBTR_band  │  material: ρ = type  │  payment: ρ = AmountDMBTR_band  │  purchase_order: ρ = PurchasingGroupEKKOEKGRP  │  purchase_requisition: ρ = type  │  quotation: ρ = PurchasingGroupEBANEKGRP,True,,606,927,42.11003236245955,1,1.5297029702970297,31,0.34627831715210355,0.06036972848064692
"(2, 2, 9, 2, 2, 2, 3)",goods_receipt: ρ = type  │  invoice_receipt: ρ = CreditAmountBSEGWRBTR_band  │  material: ρ = type  │  payment: ρ = AmountDMBTR_band  │  purchase_order: ρ = VendorEKKOLIFNR  │  purchase_requisition: ρ = type  │  quotation: ρ = type,True,,794,927,42.93311758360302,1,1.1675062972292192,7,0.14347357065803668,0.04200365877142298
"(2, 2, 9, 2, 3, 1, 1)",goods_receipt: ρ = type  │  invoice_receipt: ρ = CreditAmountBSEGWRBTR_band  │  material: ρ = type  │  payment: ρ = AmountDMBTR_band  │  purchase_order: ρ = type  │  purchase_requisition: ρ = PurchasingGroupEBANEKGRP  │  quotation: ρ = PurchasingGroupEBANEKGRP,True,,606,927,42.93311758360302,1,1.5297029702970297,31,0.34627831715210355,0.04200365877142298
"(2, 2, 9, 2, 3, 2, 2)",goods_receipt: ρ = type  │  invoice_receipt: ρ = CreditAmountBSEGWRBTR_band  │  material: ρ = type  │  payment: ρ = AmountDMBTR_band  │  purchase_order: ρ = type  │  purchase_requisition: ρ = type  │  quotation: ρ = VendorEBANLIFNR,True,,794,927,42.93311758360302,1,1.1675062972292192,7,0.14347357065803668,0.04200365877142298
"(2, 2, 9, 3, 1, 1, 3)",goods_receipt: ρ = type  │  invoice_receipt: ρ = CreditAmountBSEGWRBTR_band  │  material: ρ = type  │  payment: ρ = PaymentMethodZLSCH  │  purchase_order: ρ = PurchasingGroupEKKOEKGRP  │  purchase_requisition: ρ = PurchasingGroupEBANEKGRP  │  quotation: ρ = type,True,,686,927,43.19093851132686,1,1.3513119533527698,14,0.25997842502696866,0.03625072212593872
"(2, 2, 9, 3, 1, 2, 1)",goods_receipt: ρ = type  │  invoice_receipt: ρ = CreditAmountBSEGWRBTR_band  │  material: ρ = type  │  payment: ρ = PaymentMethodZLSCH  │  purchase_order: ρ = PurchasingGroupEKKOEKGRP  │  purchase_requisition: ρ = type  │  quotation: ρ = PurchasingGroupEBANEKGRP,True,,686,927,42.36785329018339,1,1.3513119533527698,14,0.25997842502696866,0.05461679183516266
"(2, 2, 9, 3, 2, 2, 3)",goods_receipt: ρ = type  │  invoice_receipt: ρ = CreditAmountBSEGWRBTR_band  │  material: ρ = type  │  payment: ρ = PaymentMethodZLSCH  │  purchase_order: ρ = VendorEKKOLIFNR  │  purchase_requisition: ρ = type  │  quotation: ρ = type,True,,868,927,43.19093851132686,1,1.0679723502304148,4,0.06364617044228693,0.03625072212593872
"(2, 2, 9, 3, 3, 1, 1)",goods_receipt: ρ = type  │  invoice_receipt: ρ = CreditAmountBSEGWRBTR_band  │  material: ρ = type  │  payment: ρ = PaymentMethodZLSCH  │  purchase_order: ρ = type  │  purchase_requisition: ρ = PurchasingGroupEBANEKGRP  │  quotation: ρ = PurchasingGroupEBANEKGRP,True,,686,927,43.19093851132686,1,1.3513119533527698,14,0.25997842502696866,0.03625072212593872
"(2, 2, 9, 3, 3, 2, 2)",goods_receipt: ρ = type  │  invoice_receipt: ρ = CreditAmountBSEGWRBTR_band  │  material: ρ = type  │  payment: ρ = PaymentMethodZLSCH  │  purchase_order: ρ = type  │  purchase_requisition: ρ = type  │  quotation: ρ = VendorEBANLIFNR,True,,868,927,43.19093851132686,1,1.0679723502304148,4,0.06364617044228693,0.03625072212593872
"(2, 2, 9, 4, 1, 1, 1)",goods_receipt: ρ = type  │  invoice_receipt: ρ = CreditAmountBSEGWRBTR_band  │  material: ρ = type  │  payment: ρ = type  │  purchase_order: ρ = PurchasingGroupEKKOEKGRP  │  purchase_requisition: ρ = PurchasingGroupEBANEKGRP  │  quotation: ρ = PurchasingGroupEBANEKGRP,True,,602,927,42.36785329018339,1,1.5398671096345515,31,0.3505933117583603,0.05461679183516266
"(2, 2, 9, 4, 2, 1, 3)",goods_receipt: ρ = type  │  invoice_receipt: ρ = CreditAmountBSEGWRBTR_band  │  material: ρ = type  │  payment: ρ = type  │  purchase_order: ρ = VendorEKKOLIFNR  │  purchase_requisition: ρ = PurchasingGroupEBANEKGRP  │  quotation: ρ = type,True,,791,927,43.19093851132686,1,1.1719342604298357,7,0.1467098166127292,0.03625072212593872
"(2, 2, 9, 4, 1, 2, 2)",goods_receipt: ρ = type  │  invoice_receipt: ρ = CreditAmountBSEGWRBTR_band  │  material: ρ = type  │  payment: ρ = type  │  purchase_order: ρ = PurchasingGroupEKKOEKGRP  │  purchase_requisition: ρ = type  │  quotation: ρ = VendorEBANLIFNR,True,,791,927,43.19093851132686,1,1.1719342604298357,7,0.1467098166127292,0.03625072212593872
"(2, 2, 9, 4, 2, 2, 1)",goods_receipt: ρ = type  │  invoice_receipt: ρ = CreditAmountBSEGWRBTR_band  │  material: ρ = type  │  payment: ρ = type  │  purchase_order: ρ = VendorEKKOLIFNR  │  purchase_requisition: ρ = type  │  quotation: ρ = PurchasingGroupEBANEKGRP,True,,791,927,43.19093851132686,1,1.1719342604298357,7,0.1467098166127292,0.03625072212593872
"(2, 2, 9, 4, 3, 1, 2)",goods_receipt: ρ = type  │  invoice_receipt: ρ = CreditAmountBSEGWRBTR_band  │  material: ρ = type  │  payment: ρ = type  │  purchase_order: ρ = type  │  purchase_requisition: ρ = PurchasingGroupEBANEKGRP  │  quotation: ρ = VendorEBANLIFNR,True,,791,927,43.19093851132686,1,1.1719342604298357,7,0.1467098166127292,0.03625072212593872
"(2, 3, 2, 2, 3, 2, 3)",goods_receipt: ρ = type  │  invoice_receipt: ρ = type  │  material: ρ = MaterialEKPOMATNR  │  payment: ρ = AmountDMBTR_band  │  purchase_order: ρ = type  │  purchase_requisition: ρ = type  │  quotation: ρ = type,True,,756,927,44.353829557713055,1,1.2261904761904763,36,0.18446601941747576,0.010302330059695608
"(2, 3, 2, 3, 3, 2, 3)",goods_receipt: ρ = type  │  invoice_receipt: ρ = type  │  material: ρ = MaterialEKPOMATNR  │  payment: ρ = PaymentMethodZLSCH  │  purchase_order: ρ = type  │  purchase_requisition: ρ = type  │  quotation: ρ = type,True,,786,927,44.353829557713055,1,1.1793893129770991,24,0.15210355987055013,0.010302330059695608
"(2, 3, 2, 4, 1, 2, 3)",goods_receipt: ρ = type  │  invoice_receipt: ρ = type  │  material: ρ = MaterialEKPOMATNR  │  payment: ρ = type  │  purchase_order: ρ = PurchasingGroupEKKOEKGRP  │  purchase_requisition: ρ = type  │  quotation: ρ = type,True,,744,927,44.353829557713055,1,1.2459677419354838,22,0.19741100323624594,0.010302330059695608
"(2, 3, 2, 4, 3, 1, 3)",goods_receipt: ρ = type  │  invoice_receipt: ρ = type  │  material: ρ = MaterialEKPOMATNR  │  payment: ρ = type  │  purchase_order: ρ = type  │  purchase_requisition: ρ = PurchasingGroupEBANEKGRP  │  quotation: ρ = type,True,,744,927,44.353829557713055,1,1.2459677419354838,22,0.19741100323624594,0.010302330059695608
"(2, 3, 2, 4, 3, 2, 1)",goods_receipt: ρ = type  │  invoice_receipt: ρ = type  │  material: ρ = MaterialEKPOMATNR  │  payment: ρ = type  │  purchase_order: ρ = type  │  purchase_requisition: ρ = type  │  quotation: ρ = PurchasingGroupEBANEKGRP,True,,744,927,44.353829557713055,1,1.2459677419354838,22,0.19741100323624594,0.010302330059695608
"(2, 3, 3, 1, 3, 2, 3)",goods_receipt: ρ = type  │  invoice_receipt: ρ = type  │  material: ρ = NetPriceEKPONETPR  │  payment: ρ = AmountDMBTR  │  purchase_order: ρ = type  │  purchase_requisition: ρ = type  │  quotation: ρ = type,True,,917,927,44.13484358144552,1,1.0109051254089423,2,0.010787486515641875,0.015188715578663525
"(2, 3, 3, 2, 1, 2, 3)",goods_receipt: ρ = type  │  invoice_receipt: ρ = type  │  material: ρ = NetPriceEKPONETPR  │  payment: ρ = AmountDMBTR_band  │  purchase_order: ρ = PurchasingGroupEKKOEKGRP  │  purchase_requisition: ρ = type  │  quotation: ρ = type,True,,737,927,44.13484358144552,1,1.2578018995929443,12,0.2049622437971953,0.015188715578663525
"(2, 3, 3, 2, 3, 1, 3)",goods_receipt: ρ = type  │  invoice_receipt: ρ = type  │  material: ρ = NetPriceEKPONETPR  │  payment: ρ = AmountDMBTR_band  │  purchase_order: ρ = type  │  purchase_requisition: ρ = PurchasingGroupEBANEKGRP  │  quotation: ρ = type,True,,737,927,44.13484358144552,1,1.2578018995929443,12,0.2049622437971953,0.015188715578663525
"(2, 3, 3, 2, 3, 2, 1)",goods_receipt: ρ = type  │  invoice_receipt: ρ = type  │  material: ρ = NetPriceEKPONETPR  │  payment: ρ = AmountDMBTR_band  │  purchase_order: ρ = type  │  purchase_requisition: ρ = type  │  quotation: ρ = PurchasingGroupEBANEKGRP,True,,737,927,44.13484358144552,1,1.2578018995929443,12,0.2049622437971953,0.015188715578663525
"(2, 3, 3, 3, 1, 2, 3)",goods_receipt: ρ = type  │  invoice_receipt: ρ = type  │  material: ρ = NetPriceEKPONETPR  │  payment: ρ = PaymentMethodZLSCH  │  purchase_order: ρ = PurchasingGroupEKKOEKGRP  │  purchase_requisition: ρ = type  │  quotation: ρ = type,True,,773,927,44.13484358144552,1,1.1992238033635187,10,0.16612729234088452,0.015188715578663525
"(2, 3, 3, 3, 3, 1, 3)",goods_receipt: ρ = type  │  invoice_receipt: ρ = type  │  material: ρ = NetPriceEKPONETPR  │  payment: ρ = PaymentMethodZLSCH  │  purchase_order: ρ = type  │  purchase_requisition: ρ = PurchasingGroupEBANEKGRP  │  quotation: ρ = type,True,,773,927,44.13484358144552,1,1.1992238033635187,10,0.16612729234088452,0.015188715578663525
"(2, 3, 3, 3, 3, 2, 1)",goods_receipt: ρ = type  │  invoice_receipt: ρ = type  │  material: ρ = NetPriceEKPONETPR  │  payment: ρ = PaymentMethodZLSCH  │  purchase_order: ρ = type  │  purchase_requisition: ρ = type  │  quotation: ρ = PurchasingGroupEBANEKGRP,True,,773,927,44.13484358144552,1,1.1992238033635187,10,0.16612729234088452,0.015188715578663525
"(2, 3, 3, 4, 1, 1, 3)",goods_receipt: ρ = type  │  invoice_receipt: ρ = type  │  material: ρ = NetPriceEKPONETPR  │  payment: ρ = type  │  purchase_order: ρ = PurchasingGroupEKKOEKGRP  │  purchase_requisition: ρ = PurchasingGroupEBANEKGRP  │  quotation: ρ = type,True,,705,927,44.13484358144552,1,1.3148936170212766,22,0.23948220064724923,0.015188715578663525
"(2, 3, 3, 4, 1, 2, 1)",goods_receipt: ρ = type  │  invoice_receipt: ρ = type  │  material: ρ = NetPriceEKPONETPR  │  payment: ρ = type  │  purchase_order: ρ = PurchasingGroupEKKOEKGRP  │  purchase_requisition: ρ = type  │  quotation: ρ = PurchasingGroupEBANEKGRP,True,,705,927,43.31175836030205,1,1.3148936170212766,22,0.23948220064724923,0.03355478528788747
"(2, 3, 3, 4, 2, 2, 3)",goods_receipt: ρ = type  │  invoice_receipt: ρ = type  │  material: ρ = NetPriceEKPONETPR  │  payment: ρ = type  │  purchase_order: ρ = VendorEKKOLIFNR  │  purchase_requisition: ρ = type  │  quotation: ρ = type,True,,857,927,44.13484358144552,1,1.0816802800466745,5,0.07551240560949302,0.015188715578663525
"(2, 3, 3, 4, 3, 1, 1)",goods_receipt: ρ = type  │  invoice_receipt: ρ = type  │  material: ρ = NetPriceEKPONETPR  │  payment: ρ = type  │  purchase_order: ρ = type  │  purchase_requisition: ρ = PurchasingGroupEBANEKGRP  │  quotation: ρ = PurchasingGroupEBANEKGRP,True,,705,927,44.13484358144552,1,1.3148936170212766,22,0.23948220064724923,0.015188715578663525
"(2, 3, 3, 4, 3, 2, 2)",goods_receipt: ρ = type  │  invoice_receipt: ρ = type  │  material: ρ = NetPriceEKPONETPR  │  payment: ρ = type  │  purchase_order: ρ = type  │  purchase_requisition: ρ = type  │  quotation: ρ = VendorEBANLIFNR,True,,857,927,44.13484358144552,1,1.0816802800466745,5,0.07551240560949302,0.015188715578663525
"(2, 3, 4, 1, 1, 2, 3)",goods_receipt: ρ = type  │  invoice_receipt: ρ = type  │  material: ρ = NetPriceEKPONETPR_band  │  payment: ρ = AmountDMBTR  │  purchase_order: ρ = PurchasingGroupEKKOEKGRP  │  purchase_requisition: ρ = type  │  quotation: ρ = type,True,,918,927,43.34519956850054,1,1.0098039215686274,2,0.009708737864077666,0.0328085884844983
"(2, 3, 4, 1, 3, 1, 3)",goods_receipt: ρ = type  │  invoice_receipt: ρ = type  │  material: ρ = NetPriceEKPONETPR_band  │  payment: ρ = AmountDMBTR  │  purchase_order: ρ = type  │  purchase_requisition: ρ = PurchasingGroupEBANEKGRP  │  quotation: ρ = type,True,,918,927,43.34519956850054,1,1.0098039215686274,2,0.009708737864077666,0.0328085884844983
"(2, 3, 4, 1, 3, 2, 1)",goods_receipt: ρ = type  │  invoice_receipt: ρ = type  │  material: ρ = NetPriceEKPONETPR_band  │  payment: ρ = AmountDMBTR  │  purchase_order: ρ = type  │  purchase_requisition: ρ = type  │  quotation: ρ = PurchasingGroupEBANEKGRP,True,,918,927,43.34519956850054,1,1.0098039215686274,2,0.009708737864077666,0.0328085884844983
"(2, 3, 4, 2, 1, 1, 3)",goods_receipt: ρ = type  │  invoice_receipt: ρ = type  │  material: ρ = NetPriceEKPONETPR_band  │  payment: ρ = AmountDMBTR_band  │  purchase_order: ρ = PurchasingGroupEKKOEKGRP  │  purchase_requisition: ρ = PurchasingGroupEBANEKGRP  │  quotation: ρ = type,True,,630,927,43.34519956850054,1,1.4714285714285715,29,0.3203883495145631,0.0328085884844983
"(2, 3, 4, 2, 1, 2, 1)",goods_receipt: ρ = type  │  invoice_receipt: ρ = type  │  material: ρ = NetPriceEKPONETPR_band  │  payment: ρ = AmountDMBTR_band  │  purchase_order: ρ = PurchasingGroupEKKOEKGRP  │  purchase_requisition: ρ = type  │  quotation: ρ = PurchasingGroupEBANEKGRP,True,,630,927,42.52211434735707,1,1.4714285714285715,29,0.3203883495145631,0.051174658193722244
"(2, 3, 4, 2, 2, 2, 3)",goods_receipt: ρ = type  │  invoice_receipt: ρ = type  │  material: ρ = NetPriceEKPONETPR_band  │  payment: ρ = AmountDMBTR_band  │  purchase_order: ρ = VendorEKKOLIFNR  │  purchase_requisition: ρ = type  │  quotation: ρ = type,True,,803,927,43.34519956850054,1,1.1544209215442092,7,0.133764832793959,0.0328085884844983
"(2, 3, 4, 2, 3, 1, 1)",goods_receipt: ρ = type  │  invoice_receipt: ρ = type  │  material: ρ = NetPriceEKPONETPR_band  │  payment: ρ = AmountDMBTR_band  │  purchase_order: ρ = type  │  purchase_requisition: ρ = PurchasingGroupEBANEKGRP  │  quotation: ρ = PurchasingGroupEBANEKGRP,True,,630,927,43.34519956850054,1,1.4714285714285715,29,0.3203883495145631,0.0328085884844983
"(2, 3, 4, 2, 3, 2, 2)",goods_receipt: ρ = type  │  invoice_receipt: ρ = type  │  material: ρ = NetPriceEKPONETPR_band  │  payment: ρ = AmountDMBTR_band  │  purchase_order: ρ = type  │  purchase_requisition: ρ = type  │  quotation: ρ = VendorEBANLIFNR,True,,803,927,43.34519956850054,1,1.1544209215442092,7,0.133764832793959,0.0328085884844983
"(2, 3, 4, 3, 1, 1, 3)",goods_receipt: ρ = type  │  invoice_receipt: ρ = type  │  material: ρ = NetPriceEKPONETPR_band  │  payment: ρ = PaymentMethodZLSCH  │  purchase_order: ρ = PurchasingGroupEKKOEKGRP  │  purchase_requisition: ρ = PurchasingGroupEBANEKGRP  │  quotation: ρ = type,True,,669,927,43.34519956850054,1,1.3856502242152466,14,0.2783171521035599,0.0328085884844983
"(2, 3, 4, 3, 1, 2, 1)",goods_receipt: ρ = type  │  invoice_receipt: ρ = type  │  material: ρ = NetPriceEKPONETPR_band  │  payment: ρ = PaymentMethodZLSCH  │  purchase_order: ρ = PurchasingGroupEKKOEKGRP  │  purchase_requisition: ρ = type  │  quotation: ρ = PurchasingGroupEBANEKGRP,True,,669,927,42.52211434735707,1,1.3856502242152466,14,0.2783171521035599,0.051174658193722244
"(2, 3, 4, 3, 2, 2, 3)",goods_receipt: ρ = type  │  invoice_receipt: ρ = type  │  material: ρ = NetPriceEKPONETPR_band  │  payment: ρ = PaymentMethodZLSCH  │  purchase_order: ρ = VendorEKKOLIFNR  │  purchase_requisition: ρ = type  │  quotation: ρ = type,True,,856,927,43.34519956850054,1,1.0829439252336448,5,0.07659115426105723,0.0328085884844983
"(2, 3, 4, 3, 3, 1, 1)",goods_receipt: ρ = type  │  invoice_receipt: ρ = type  │  material: ρ = NetPriceEKPONETPR_band  │  payment: ρ = PaymentMethodZLSCH  │  purchase_order: ρ = type  │  purchase_requisition: ρ = PurchasingGroupEBANEKGRP  │  quotation: ρ = PurchasingGroupEBANEKGRP,True,,669,927,43.34519956850054,1,1.3856502242152466,14,0.2783171521035599,0.0328085884844983
"(2, 3, 4, 3, 3, 2, 2)",goods_receipt: ρ = type  │  invoice_receipt: ρ = type  │  material: ρ = NetPriceEKPONETPR_band  │  payment: ρ = PaymentMethodZLSCH  │  purchase_order: ρ = type  │  purchase_requisition: ρ = type  │  quotation: ρ = VendorEBANLIFNR,True,,856,927,43.34519956850054,1,1.0829439252336448,5,0.07659115426105723,0.0328085884844983
"(2, 3, 4, 4, 1, 1, 1)",goods_receipt: ρ = type  │  invoice_receipt: ρ = type  │  material: ρ = NetPriceEKPONETPR_band  │  payment: ρ = type  │  purchase_order: ρ = PurchasingGroupEKKOEKGRP  │  purchase_requisition: ρ = PurchasingGroupEBANEKGRP  │  quotation: ρ = PurchasingGroupEBANEKGRP,True,,589,927,42.52211434735707,1,1.5738539898132429,34,0.3646170442286947,0.051174658193722244
"(2, 3, 4, 4, 2, 1, 3)",goods_receipt: ρ = type  │  invoice_receipt: ρ = type  │  material: ρ = NetPriceEKPONETPR_band  │  payment: ρ = type  │  purchase_order: ρ = VendorEKKOLIFNR  │  purchase_requisition: ρ = PurchasingGroupEBANEKGRP  │  quotation: ρ = type,True,,765,927,43.34519956850054,1,1.2117647058823529,7,0.1747572815533981,0.0328085884844983
"(2, 3, 4, 4, 1, 2, 2)",goods_receipt: ρ = type  │  invoice_receipt: ρ = type  │  material: ρ = NetPriceEKPONETPR_band  │  payment: ρ = type  │  purchase_order: ρ = PurchasingGroupEKKOEKGRP  │  purchase_requisition: ρ = type  │  quotation: ρ = VendorEBANLIFNR,True,,765,927,43.34519956850054,1,1.2117647058823529,7,0.1747572815533981,0.0328085884844983
"(2, 3, 4, 4, 2, 2, 1)",goods_receipt: ρ = type  │  invoice_receipt: ρ = type  │  material: ρ = NetPriceEKPONETPR_band  │  payment: ρ = type  │  purchase_order: ρ = VendorEKKOLIFNR  │  purchase_requisition: ρ = type  │  quotation: ρ = PurchasingGroupEBANEKGRP,True,,765,927,43.34519956850054,1,1.2117647058823529,7,0.1747572815533981,0.0328085884844983
"(2, 3, 4, 4, 3, 1, 2)",goods_receipt: ρ = type  │  invoice_receipt: ρ = type  │  material: ρ = NetPriceEKPONETPR_band  │  payment: ρ = type  │  purchase_order: ρ = type  │  purchase_requisition: ρ = PurchasingGroupEBANEKGRP  │  quotation: ρ = VendorEBANLIFNR,True,,765,927,43.34519956850054,1,1.2117647058823529,7,0.1747572815533981,0.0328085884844983
"(2, 3, 0, 2, 3, 2, 3)",goods_receipt: ρ = type  │  invoice_receipt: ρ = type  │  material: ρ = id  │  payment: ρ = AmountDMBTR_band  │  purchase_order: ρ = type  │  purchase_requisition: ρ = type  │  quotation: ρ = type,True,,850,927,44.353829557713055,1,1.0905882352941176,36,0.08306364617044226,0.010302330059695608
"(2, 3, 0, 3, 3, 2, 3)",goods_receipt: ρ = type  │  invoice_receipt: ρ = type  │  material: ρ = id  │  payment: ρ = PaymentMethodZLSCH  │  purchase_order: ρ = type  │  purchase_requisition: ρ = type  │  quotation: ρ = type,True,,849,927,44.353829557713055,1,1.0918727915194346,24,0.08414239482200647,0.010302330059695608
"(2, 3, 0, 4, 1, 2, 3)",goods_receipt: ρ = type  │  invoice_receipt: ρ = type  │  material: ρ = id  │  payment: ρ = type  │  purchase_order: ρ = PurchasingGroupEKKOEKGRP  │  purchase_requisition: ρ = type  │  quotation: ρ = type,True,,857,927,44.353829557713055,1,1.0816802800466745,22,0.07551240560949302,0.010302330059695608
"(2, 3, 0, 4, 3, 1, 3)",goods_receipt: ρ = type  │  invoice_receipt: ρ = type  │  material: ρ = id  │  payment: ρ = type  │  purchase_order: ρ = type  │  purchase_requisition: ρ = PurchasingGroupEBANEKGRP  │  quotation: ρ = type,True,,857,927,44.353829557713055,1,1.0816802800466745,22,0.07551240560949302,0.010302330059695608
"(2, 3, 0, 4, 3, 2, 1)",goods_receipt: ρ = type  │  invoice_receipt: ρ = type  │  material: ρ = id  │  payment: ρ = type  │  purchase_order: ρ = type  │  purchase_requisition: ρ = type  │  quotation: ρ = PurchasingGroupEBANEKGRP,True,,857,927,44.353829557713055,1,1.0816802800466745,22,0.07551240560949302,0.010302330059695608
"(2, 3, 1, 1, 3, 2, 3)",goods_receipt: ρ = type  │  invoice_receipt: ρ = type  │  material: ρ = DeliveryDateEKPOBEDAT  │  payment: ρ = AmountDMBTR  │  purchase_order: ρ = type  │  purchase_requisition: ρ = type  │  quotation: ρ = type,True,,925,927,44.353829557713055,1,1.0021621621621621,2,0.0021574973031284195,0.010302330059695608
"(2, 3, 1, 2, 1, 2, 3)",goods_receipt: ρ = type  │  invoice_receipt: ρ = type  │  material: ρ = DeliveryDateEKPOBEDAT  │  payment: ρ = AmountDMBTR_band  │  purchase_order: ρ = PurchasingGroupEKKOEKGRP  │  purchase_requisition: ρ = type  │  quotation: ρ = type,True,,870,927,44.353829557713055,1,1.0655172413793104,12,0.06148867313915862,0.010302330059695608
"(2, 3, 1, 2, 3, 1, 3)",goods_receipt: ρ = type  │  invoice_receipt: ρ = type  │  material: ρ = DeliveryDateEKPOBEDAT  │  payment: ρ = AmountDMBTR_band  │  purchase_order: ρ = type  │  purchase_requisition: ρ = PurchasingGroupEBANEKGRP  │  quotation: ρ = type,True,,870,927,44.353829557713055,1,1.0655172413793104,12,0.06148867313915862,0.010302330059695608
"(2, 3, 1, 2, 3, 2, 1)",goods_receipt: ρ = type  │  invoice_receipt: ρ = type  │  material: ρ = DeliveryDateEKPOBEDAT  │  payment: ρ = AmountDMBTR_band  │  purchase_order: ρ = type  │  purchase_requisition: ρ = type  │  quotation: ρ = PurchasingGroupEBANEKGRP,True,,870,927,44.353829557713055,1,1.0655172413793104,12,0.06148867313915862,0.010302330059695608
"(2, 3, 1, 3, 1, 2, 3)",goods_receipt: ρ = type  │  invoice_receipt: ρ = type  │  material: ρ = DeliveryDateEKPOBEDAT  │  payment: ρ = PaymentMethodZLSCH  │  purchase_order: ρ = PurchasingGroupEKKOEKGRP  │  purchase_requisition: ρ = type  │  quotation: ρ = type,True,,874,927,44.353829557713055,1,1.0606407322654463,10,0.057173678532901784,0.010302330059695608
"(2, 3, 1, 3, 3, 1, 3)",goods_receipt: ρ = type  │  invoice_receipt: ρ = type  │  material: ρ = DeliveryDateEKPOBEDAT  │  payment: ρ = PaymentMethodZLSCH  │  purchase_order: ρ = type  │  purchase_requisition: ρ = PurchasingGroupEBANEKGRP  │  quotation: ρ = type,True,,874,927,44.353829557713055,1,1.0606407322654463,10,0.057173678532901784,0.010302330059695608
"(2, 3, 1, 3, 3, 2, 1)",goods_receipt: ρ = type  │  invoice_receipt: ρ = type  │  material: ρ = DeliveryDateEKPOBEDAT  │  payment: ρ = PaymentMethodZLSCH  │  purchase_order: ρ = type  │  purchase_requisition: ρ = type  │  quotation: ρ = PurchasingGroupEBANEKGRP,True,,874,927,44.353829557713055,1,1.0606407322654463,10,0.057173678532901784,0.010302330059695608
"(2, 3, 1, 4, 1, 1, 3)",goods_receipt: ρ = type  │  invoice_receipt: ρ = type  │  material: ρ = DeliveryDateEKPOBEDAT  │  payment: ρ = type  │  purchase_order: ρ = PurchasingGroupEKKOEKGRP  │  purchase_requisition: ρ = PurchasingGroupEBANEKGRP  │  quotation: ρ = type,True,,857,927,44.353829557713055,1,1.0816802800466745,22,0.07551240560949302,0.010302330059695608
"(2, 3, 1, 4, 1, 2, 1)",goods_receipt: ρ = type  │  invoice_receipt: ρ = type  │  material: ρ = DeliveryDateEKPOBEDAT  │  payment: ρ = type  │  purchase_order: ρ = PurchasingGroupEKKOEKGRP  │  purchase_requisition: ρ = type  │  quotation: ρ = PurchasingGroupEBANEKGRP,True,,857,927,43.530744336569576,1,1.0816802800466745,22,0.07551240560949302,0.028668399768919772
"(2, 3, 1, 4, 2, 2, 3)",goods_receipt: ρ = type  │  invoice_receipt: ρ = type  │  material: ρ = DeliveryDateEKPOBEDAT  │  payment: ρ = type  │  purchase_order: ρ = VendorEKKOLIFNR  │  purchase_requisition: ρ = type  │  quotation: ρ = type,True,,901,927,44.353829557713055,1,1.0288568257491675,4,0.028047464940668787,0.010302330059695608
"(2, 3, 1, 4, 3, 1, 1)",goods_receipt: ρ = type  │  invoice_receipt: ρ = type  │  material: ρ = DeliveryDateEKPOBEDAT  │  payment: ρ = type  │  purchase_order: ρ = type  │  purchase_requisition: ρ = PurchasingGroupEBANEKGRP  │  quotation: ρ = PurchasingGroupEBANEKGRP,True,,857,927,44.353829557713055,1,1.0816802800466745,22,0.07551240560949302,0.010302330059695608
"(2, 3, 1, 4, 3, 2, 2)",goods_receipt: ρ = type  │  invoice_receipt: ρ = type  │  material: ρ = DeliveryDateEKPOBEDAT  │  payment: ρ = type  │  purchase_order: ρ = type  │  purchase_requisition: ρ = type  │  quotation: ρ = VendorEBANLIFNR,True,,901,927,44.353829557713055,1,1.0288568257491675,4,0.028047464940668787,0.010302330059695608
"(2, 3, 5, 1, 1, 2, 3)",goods_receipt: ρ = type  │  invoice_receipt: ρ = type  │  material: ρ = PlantEKPOWERKS  │  payment: ρ = AmountDMBTR  │  purchase_order: ρ = PurchasingGroupEKKOEKGRP  │  purchase_requisition: ρ = type  │  quotation: ρ = type,True,,926,927,44.01294498381877,1,1.0010799136069115,2,0.0010787486515642097,0.01790872328134019
"(2, 3, 5, 1, 3, 1, 3)",goods_receipt: ρ = type  │  invoice_receipt: ρ = type  │  material: ρ = PlantEKPOWERKS  │  payment: ρ = AmountDMBTR  │  purchase_order: ρ = type  │  purchase_requisition: ρ = PurchasingGroupEBANEKGRP  │  quotation: ρ = type,True,,926,927,44.01294498381877,1,1.0010799136069115,2,0.0010787486515642097,0.01790872328134019
"(2, 3, 5, 1, 3, 2, 1)",goods_receipt: ρ = type  │  invoice_receipt: ρ = type  │  material: ρ = PlantEKPOWERKS  │  payment: ρ = AmountDMBTR  │  purchase_order: ρ = type  │  purchase_requisition: ρ = type  │  quotation: ρ = PurchasingGroupEBANEKGRP,True,,926,927,44.01294498381877,1,1.0010799136069115,2,0.0010787486515642097,0.01790872328134019
"(2, 3, 5, 2, 1, 1, 3)",goods_receipt: ρ = type  │  invoice_receipt: ρ = type  │  material: ρ = PlantEKPOWERKS  │  payment: ρ = AmountDMBTR_band  │  purchase_order: ρ = PurchasingGroupEKKOEKGRP  │  purchase_requisition: ρ = PurchasingGroupEBANEKGRP  │  quotation: ρ = type,True,,741,927,44.01294498381877,1,1.2510121457489878,12,0.20064724919093846,0.01790872328134019
"(2, 3, 5, 2, 1, 2, 1)",goods_receipt: ρ = type  │  invoice_receipt: ρ = type  │  material: ρ = PlantEKPOWERKS  │  payment: ρ = AmountDMBTR_band  │  purchase_order: ρ = PurchasingGroupEKKOEKGRP  │  purchase_requisition: ρ = type  │  quotation: ρ = PurchasingGroupEBANEKGRP,True,,741,927,43.1898597626753,1,1.2510121457489878,12,0.20064724919093846,0.03627479299056413
"(2, 3, 5, 2, 2, 2, 3)",goods_receipt: ρ = type  │  invoice_receipt: ρ = type  │  material: ρ = PlantEKPOWERKS  │  payment: ρ = AmountDMBTR_band  │  purchase_order: ρ = VendorEKKOLIFNR  │  purchase_requisition: ρ = type  │  quotation: ρ = type,True,,881,927,44.01294498381877,1,1.0522133938706015,4,0.04962243797195254,0.01790872328134019
"(2, 3, 5, 2, 3, 1, 1)",goods_receipt: ρ = type  │  invoice_receipt: ρ = type  │  material: ρ = PlantEKPOWERKS  │  payment: ρ = AmountDMBTR_band  │  purchase_order: ρ = type  │  purchase_requisition: ρ = PurchasingGroupEBANEKGRP  │  quotation: ρ = PurchasingGroupEBANEKGRP,True,,741,927,44.01294498381877,1,1.2510121457489878,12,0.20064724919093846,0.01790872328134019
"(2, 3, 5, 2, 3, 2, 2)",goods_receipt: ρ = type  │  invoice_receipt: ρ = type  │  material: ρ = PlantEKPOWERKS  │  payment: ρ = AmountDMBTR_band  │  purchase_order: ρ = type  │  purchase_requisition: ρ = type  │  quotation: ρ = VendorEBANLIFNR,True,,881,927,44.01294498381877,1,1.0522133938706015,4,0.04962243797195254,0.01790872328134019
"(2, 3, 5, 3, 1, 1, 3)",goods_receipt: ρ = type  │  invoice_receipt: ρ = type  │  material: ρ = PlantEKPOWERKS  │  payment: ρ = PaymentMethodZLSCH  │  purchase_order: ρ = PurchasingGroupEKKOEKGRP  │  purchase_requisition: ρ = PurchasingGroupEBANEKGRP  │  quotation: ρ = type,True,,775,927,44.01294498381877,1,1.1961290322580644,10,0.16396979503775622,0.01790872328134019
"(2, 3, 5, 3, 1, 2, 1)",goods_receipt: ρ = type  │  invoice_receipt: ρ = type  │  material: ρ = PlantEKPOWERKS  │  payment: ρ = PaymentMethodZLSCH  │  purchase_order: ρ = PurchasingGroupEKKOEKGRP  │  purchase_requisition: ρ = type  │  quotation: ρ = PurchasingGroupEBANEKGRP,True,,775,927,43.1898597626753,1,1.1961290322580644,10,0.16396979503775622,0.03627479299056413
"(2, 3, 5, 3, 2, 2, 3)",goods_receipt: ρ = type  │  invoice_receipt: ρ = type  │  material: ρ = PlantEKPOWERKS  │  payment: ρ = PaymentMethodZLSCH  │  purchase_order: ρ = VendorEKKOLIFNR  │  purchase_requisition: ρ = type  │  quotation: ρ = type,True,,902,927,44.01294498381877,1,1.0277161862527717,3,0.02696871628910469,0.01790872328134019
"(2, 3, 5, 3, 3, 1, 1)",goods_receipt: ρ = type  │  invoice_receipt: ρ = type  │  material: ρ = PlantEKPOWERKS  │  payment: ρ = PaymentMethodZLSCH  │  purchase_order: ρ = type  │  purchase_requisition: ρ = PurchasingGroupEBANEKGRP  │  quotation: ρ = PurchasingGroupEBANEKGRP,True,,775,927,44.01294498381877,1,1.1961290322580644,10,0.16396979503775622,0.01790872328134019
"(2, 3, 5, 3, 3, 2, 2)",goods_receipt: ρ = type  │  invoice_receipt: ρ = type  │  material: ρ = PlantEKPOWERKS  │  payment: ρ = PaymentMethodZLSCH  │  purchase_order: ρ = type  │  purchase_requisition: ρ = type  │  quotation: ρ = VendorEBANLIFNR,True,,902,927,44.01294498381877,1,1.0277161862527717,3,0.02696871628910469,0.01790872328134019
"(2, 3, 5, 4, 1, 1, 1)",goods_receipt: ρ = type  │  invoice_receipt: ρ = type  │  material: ρ = PlantEKPOWERKS  │  payment: ρ = type  │  purchase_order: ρ = PurchasingGroupEKKOEKGRP  │  purchase_requisition: ρ = PurchasingGroupEBANEKGRP  │  quotation: ρ = PurchasingGroupEBANEKGRP,True,,710,927,43.1898597626753,1,1.3056338028169014,22,0.2340884573894283,0.03627479299056413
"(2, 3, 5, 4, 2, 1, 3)",goods_receipt: ρ = type  │  invoice_receipt: ρ = type  │  material: ρ = PlantEKPOWERKS  │  payment: ρ = type  │  purchase_order: ρ = VendorEKKOLIFNR  │  purchase_requisition: ρ = PurchasingGroupEBANEKGRP  │  quotation: ρ = type,True,,858,927,44.01294498381877,1,1.0804195804195804,4,0.0744336569579288,0.01790872328134019
"(2, 3, 5, 4, 1, 2, 2)",goods_receipt: ρ = type  │  invoice_receipt: ρ = type  │  material: ρ = PlantEKPOWERKS  │  payment: ρ = type  │  purchase_order: ρ = PurchasingGroupEKKOEKGRP  │  purchase_requisition: ρ = type  │  quotation: ρ = VendorEBANLIFNR,True,,858,927,44.01294498381877,1,1.0804195804195804,4,0.0744336569579288,0.01790872328134019
"(2, 3, 5, 4, 2, 2, 1)",goods_receipt: ρ = type  │  invoice_receipt: ρ = type  │  material: ρ = PlantEKPOWERKS  │  payment: ρ = type  │  purchase_order: ρ = VendorEKKOLIFNR  │  purchase_requisition: ρ = type  │  quotation: ρ = PurchasingGroupEBANEKGRP,True,,858,927,44.01294498381877,1,1.0804195804195804,4,0.0744336569579288,0.01790872328134019
"(2, 3, 5, 4, 3, 1, 2)",goods_receipt: ρ = type  │  invoice_receipt: ρ = type  │  material: ρ = PlantEKPOWERKS  │  payment: ρ = type  │  purchase_order: ρ = type  │  purchase_requisition: ρ = PurchasingGroupEBANEKGRP  │  quotation: ρ = VendorEBANLIFNR,True,,858,927,44.01294498381877,1,1.0804195804195804,4,0.0744336569579288,0.01790872328134019
"(2, 3, 6, 1, 3, 2, 3)",goods_receipt: ρ = type  │  invoice_receipt: ρ = type  │  material: ρ = QuantityEKPOMENGE  │  payment: ρ = AmountDMBTR  │  purchase_order: ρ = type  │  purchase_requisition: ρ = type  │  quotation: ρ = type,True,,917,927,44.33009708737864,1,1.0109051254089423,2,0.010787486515641875,0.010831889081455826
"(2, 3, 6, 2, 1, 2, 3)",goods_receipt: ρ = type  │  invoice_receipt: ρ = type  │  material: ρ = QuantityEKPOMENGE  │  payment: ρ = AmountDMBTR_band  │  purchase_order: ρ = PurchasingGroupEKKOEKGRP  │  purchase_requisition: ρ = type  │  quotation: ρ = type,True,,851,927,44.33009708737864,1,1.0893066980023502,12,0.08198489751887805,0.010831889081455826
"(2, 3, 6, 2, 3, 1, 3)",goods_receipt: ρ = type  │  invoice_receipt: ρ = type  │  material: ρ = QuantityEKPOMENGE  │  payment: ρ = AmountDMBTR_band  │  purchase_order: ρ = type  │  purchase_requisition: ρ = PurchasingGroupEBANEKGRP  │  quotation: ρ = type,True,,851,927,44.33009708737864,1,1.0893066980023502,12,0.08198489751887805,0.010831889081455826
"(2, 3, 6, 2, 3, 2, 1)",goods_receipt: ρ = type  │  invoice_receipt: ρ = type  │  material: ρ = QuantityEKPOMENGE  │  payment: ρ = AmountDMBTR_band  │  purchase_order: ρ = type  │  purchase_requisition: ρ = type  │  quotation: ρ = PurchasingGroupEBANEKGRP,True,,851,927,44.33009708737864,1,1.0893066980023502,12,0.08198489751887805,0.010831889081455826
"(2, 3, 6, 3, 1, 2, 3)",goods_receipt: ρ = type  │  invoice_receipt: ρ = type  │  material: ρ = QuantityEKPOMENGE  │  payment: ρ = PaymentMethodZLSCH  │  purchase_order: ρ = PurchasingGroupEKKOEKGRP  │  purchase_requisition: ρ = type  │  quotation: ρ = type,True,,867,927,44.33009708737864,1,1.069204152249135,10,0.06472491909385114,0.010831889081455826
"(2, 3, 6, 3, 3, 1, 3)",goods_receipt: ρ = type  │  invoice_receipt: ρ = type  │  material: ρ = QuantityEKPOMENGE  │  payment: ρ = PaymentMethodZLSCH  │  purchase_order: ρ = type  │  purchase_requisition: ρ = PurchasingGroupEBANEKGRP  │  quotation: ρ = type,True,,867,927,44.33009708737864,1,1.069204152249135,10,0.06472491909385114,0.010831889081455826
"(2, 3, 6, 3, 3, 2, 1)",goods_receipt: ρ = type  │  invoice_receipt: ρ = type  │  material: ρ = QuantityEKPOMENGE  │  payment: ρ = PaymentMethodZLSCH  │  purchase_order: ρ = type  │  purchase_requisition: ρ = type  │  quotation: ρ = PurchasingGroupEBANEKGRP,True,,867,927,44.33009708737864,1,1.069204152249135,10,0.06472491909385114,0.010831889081455826
"(2, 3, 6, 4, 1, 1, 3)",goods_receipt: ρ = type  │  invoice_receipt: ρ = type  │  material: ρ = QuantityEKPOMENGE  │  payment: ρ = type  │  purchase_order: ρ = PurchasingGroupEKKOEKGRP  │  purchase_requisition: ρ = PurchasingGroupEBANEKGRP  │  quotation: ρ = type,True,,837,927,44.33009708737864,1,1.10752688172043,22,0.09708737864077666,0.010831889081455826
"(2, 3, 6, 4, 1, 2, 1)",goods_receipt: ρ = type  │  invoice_receipt: ρ = type  │  material: ρ = QuantityEKPOMENGE  │  payment: ρ = type  │  purchase_order: ρ = PurchasingGroupEKKOEKGRP  │  purchase_requisition: ρ = type  │  quotation: ρ = PurchasingGroupEBANEKGRP,True,,837,927,43.50701186623517,1,1.10752688172043,22,0.09708737864077666,0.029197958790679657
"(2, 3, 6, 4, 2, 2, 3)",goods_receipt: ρ = type  │  invoice_receipt: ρ = type  │  material: ρ = QuantityEKPOMENGE  │  payment: ρ = type  │  purchase_order: ρ = VendorEKKOLIFNR  │  purchase_requisition: ρ = type  │  quotation: ρ = type,True,,898,927,44.33009708737864,1,1.0322939866369711,4,0.031283710895361416,0.010831889081455826
"(2, 3, 6, 4, 3, 1, 1)",goods_receipt: ρ = type  │  invoice_receipt: ρ = type  │  material: ρ = QuantityEKPOMENGE  │  payment: ρ = type  │  purchase_order: ρ = type  │  purchase_requisition: ρ = PurchasingGroupEBANEKGRP  │  quotation: ρ = PurchasingGroupEBANEKGRP,True,,837,927,44.33009708737864,1,1.10752688172043,22,0.09708737864077666,0.010831889081455826
"(2, 3, 6, 4, 3, 2, 2)",goods_receipt: ρ = type  │  invoice_receipt: ρ = type  │  material: ρ = QuantityEKPOMENGE  │  payment: ρ = type  │  purchase_order: ρ = type  │  purchase_requisition: ρ = type  │  quotation: ρ = VendorEBANLIFNR,True,,898,927,44.33009708737864,1,1.0322939866369711,4,0.031283710895361416,0.010831889081455826
"(2, 3, 7, 1, 1, 2, 3)",goods_receipt: ρ = type  │  invoice_receipt: ρ = type  │  material: ρ = QuantityEKPOMENGE_band  │  payment: ρ = AmountDMBTR  │  purchase_order: ρ = PurchasingGroupEKKOEKGRP  │  purchase_requisition: ρ = type  │  quotation: ρ = type,True,,919,927,43.80474649406688,1,1.0087051142546246,2,0.008629989212513456,0.022554400154053522
"(2, 3, 7, 1, 3, 1, 3)",goods_receipt: ρ = type  │  invoice_receipt: ρ = type  │  material: ρ = QuantityEKPOMENGE_band  │  payment: ρ = AmountDMBTR  │  purchase_order: ρ = type  │  purchase_requisition: ρ = PurchasingGroupEBANEKGRP  │  quotation: ρ = type,True,,919,927,43.80474649406688,1,1.0087051142546246,2,0.008629989212513456,0.022554400154053522
"(2, 3, 7, 1, 3, 2, 1)",goods_receipt: ρ = type  │  invoice_receipt: ρ = type  │  material: ρ = QuantityEKPOMENGE_band  │  payment: ρ = AmountDMBTR  │  purchase_order: ρ = type  │  purchase_requisition: ρ = type  │  quotation: ρ = PurchasingGroupEBANEKGRP,True,,919,927,43.80474649406688,1,1.0087051142546246,2,0.008629989212513456,0.022554400154053522
"(2, 3, 7, 2, 1, 1, 3)",goods_receipt: ρ = type  │  invoice_receipt: ρ = type  │  material: ρ = QuantityEKPOMENGE_band  │  payment: ρ = AmountDMBTR_band  │  purchase_order: ρ = PurchasingGroupEKKOEKGRP  │  purchase_requisition: ρ = PurchasingGroupEBANEKGRP  │  quotation: ρ = type,True,,700,927,43.80474649406688,1,1.3242857142857143,17,0.24487594390507017,0.022554400154053522
"(2, 3, 7, 2, 1, 2, 1)",goods_receipt: ρ = type  │  invoice_receipt: ρ = type  │  material: ρ = QuantityEKPOMENGE_band  │  payment: ρ = AmountDMBTR_band  │  purchase_order: ρ = PurchasingGroupEKKOEKGRP  │  purchase_requisition: ρ = type  │  quotation: ρ = PurchasingGroupEBANEKGRP,True,,700,927,42.98166127292341,1,1.3242857142857143,17,0.24487594390507017,0.04092046986327735
"(2, 3, 7, 2, 2, 2, 3)",goods_receipt: ρ = type  │  invoice_receipt: ρ = type  │  material: ρ = QuantityEKPOMENGE_band  │  payment: ρ = AmountDMBTR_band  │  purchase_order: ρ = VendorEKKOLIFNR  │  purchase_requisition: ρ = type  │  quotation: ρ = type,True,,853,927,43.80474649406688,1,1.0867526377491208,4,0.07982740021574974,0.022554400154053522
"(2, 3, 7, 2, 3, 1, 1)",goods_receipt: ρ = type  │  invoice_receipt: ρ = type  │  material: ρ = QuantityEKPOMENGE_band  │  payment: ρ = AmountDMBTR_band  │  purchase_order: ρ = type  │  purchase_requisition: ρ = PurchasingGroupEBANEKGRP  │  quotation: ρ = PurchasingGroupEBANEKGRP,True,,700,927,43.80474649406688,1,1.3242857142857143,17,0.24487594390507017,0.022554400154053522
"(2, 3, 7, 2, 3, 2, 2)",goods_receipt: ρ = type  │  invoice_receipt: ρ = type  │  material: ρ = QuantityEKPOMENGE_band  │  payment: ρ = AmountDMBTR_band  │  purchase_order: ρ = type  │  purchase_requisition: ρ = type  │  quotation: ρ = VendorEBANLIFNR,True,,853,927,43.80474649406688,1,1.0867526377491208,4,0.07982740021574974,0.022554400154053522
"(2, 3, 7, 3, 1, 1, 3)",goods_receipt: ρ = type  │  invoice_receipt: ρ = type  │  material: ρ = QuantityEKPOMENGE_band  │  payment: ρ = PaymentMethodZLSCH  │  purchase_order: ρ = PurchasingGroupEKKOEKGRP  │  purchase_requisition: ρ = PurchasingGroupEBANEKGRP  │  quotation: ρ = type,True,,748,927,43.80474649406688,1,1.2393048128342246,10,0.1930960086299892,0.022554400154053522
"(2, 3, 7, 3, 1, 2, 1)",goods_receipt: ρ = type  │  invoice_receipt: ρ = type  │  material: ρ = QuantityEKPOMENGE_band  │  payment: ρ = PaymentMethodZLSCH  │  purchase_order: ρ = PurchasingGroupEKKOEKGRP  │  purchase_requisition: ρ = type  │  quotation: ρ = PurchasingGroupEBANEKGRP,True,,748,927,42.98166127292341,1,1.2393048128342246,10,0.1930960086299892,0.04092046986327735
"(2, 3, 7, 3, 2, 2, 3)",goods_receipt: ρ = type  │  invoice_receipt: ρ = type  │  material: ρ = QuantityEKPOMENGE_band  │  payment: ρ = PaymentMethodZLSCH  │  purchase_order: ρ = VendorEKKOLIFNR  │  purchase_requisition: ρ = type  │  quotation: ρ = type,True,,889,927,43.80474649406688,1,1.0427446569178853,3,0.04099244875943908,0.022554400154053522
"(2, 3, 7, 3, 3, 1, 1)",goods_receipt: ρ = type  │  invoice_receipt: ρ = type  │  material: ρ = QuantityEKPOMENGE_band  │  payment: ρ = PaymentMethodZLSCH  │  purchase_order: ρ = type  │  purchase_requisition: ρ = PurchasingGroupEBANEKGRP  │  quotation: ρ = PurchasingGroupEBANEKGRP,True,,748,927,43.80474649406688,1,1.2393048128342246,10,0.1930960086299892,0.022554400154053522
"(2, 3, 7, 3, 3, 2, 2)",goods_receipt: ρ = type  │  invoice_receipt: ρ = type  │  material: ρ = QuantityEKPOMENGE_band  │  payment: ρ = PaymentMethodZLSCH  │  purchase_order: ρ = type  │  purchase_requisition: ρ = type  │  quotation: ρ = VendorEBANLIFNR,True,,889,927,43.80474649406688,1,1.0427446569178853,3,0.04099244875943908,0.022554400154053522
"(2, 3, 7, 4, 1, 1, 1)",goods_receipt: ρ = type  │  invoice_receipt: ρ = type  │  material: ρ = QuantityEKPOMENGE_band  │  payment: ρ = type  │  purchase_order: ρ = PurchasingGroupEKKOEKGRP  │  purchase_requisition: ρ = PurchasingGroupEBANEKGRP  │  quotation: ρ = PurchasingGroupEBANEKGRP,True,,679,927,42.98166127292341,1,1.3652430044182622,22,0.267529665587918,0.04092046986327735
"(2, 3, 7, 4, 2, 1, 3)",goods_receipt: ρ = type  │  invoice_receipt: ρ = type  │  material: ρ = QuantityEKPOMENGE_band  │  payment: ρ = type  │  purchase_order: ρ = VendorEKKOLIFNR  │  purchase_requisition: ρ = PurchasingGroupEBANEKGRP  │  quotation: ρ = type,True,,836,927,43.80474649406688,1,1.1088516746411483,4,0.09816612729234087,0.022554400154053522
"(2, 3, 7, 4, 1, 2, 2)",goods_receipt: ρ = type  │  invoice_receipt: ρ = type  │  material: ρ = QuantityEKPOMENGE_band  │  payment: ρ = type  │  purchase_order: ρ = PurchasingGroupEKKOEKGRP  │  purchase_requisition: ρ = type  │  quotation: ρ = VendorEBANLIFNR,True,,836,927,43.80474649406688,1,1.1088516746411483,4,0.09816612729234087,0.022554400154053522
"(2, 3, 7, 4, 2, 2, 1)",goods_receipt: ρ = type  │  invoice_receipt: ρ = type  │  material: ρ = QuantityEKPOMENGE_band  │  payment: ρ = type  │  purchase_order: ρ = VendorEKKOLIFNR  │  purchase_requisition: ρ = type  │  quotation: ρ = PurchasingGroupEBANEKGRP,True,,836,927,43.80474649406688,1,1.1088516746411483,4,0.09816612729234087,0.022554400154053522
"(2, 3, 7, 4, 3, 1, 2)",goods_receipt: ρ = type  │  invoice_receipt: ρ = type  │  material: ρ = QuantityEKPOMENGE_band  │  payment: ρ = type  │  purchase_order: ρ = type  │  purchase_requisition: ρ = PurchasingGroupEBANEKGRP  │  quotation: ρ = VendorEBANLIFNR,True,,836,927,43.80474649406688,1,1.1088516746411483,4,0.09816612729234087,0.022554400154053522
"(2, 3, 8, 1, 1, 2, 3)",goods_receipt: ρ = type  │  invoice_receipt: ρ = type  │  material: ρ = StorageLocationEKPOLGORT  │  payment: ρ = AmountDMBTR  │  purchase_order: ρ = PurchasingGroupEKKOEKGRP  │  purchase_requisition: ρ = type  │  quotation: ρ = type,True,,926,927,44.01294498381877,1,1.0010799136069115,2,0.0010787486515642097,0.01790872328134019
"(2, 3, 8, 1, 3, 1, 3)",goods_receipt: ρ = type  │  invoice_receipt: ρ = type  │  material: ρ = StorageLocationEKPOLGORT  │  payment: ρ = AmountDMBTR  │  purchase_order: ρ = type  │  purchase_requisition: ρ = PurchasingGroupEBANEKGRP  │  quotation: ρ = type,True,,926,927,44.01294498381877,1,1.0010799136069115,2,0.0010787486515642097,0.01790872328134019
"(2, 3, 8, 1, 3, 2, 1)",goods_receipt: ρ = type  │  invoice_receipt: ρ = type  │  material: ρ = StorageLocationEKPOLGORT  │  payment: ρ = AmountDMBTR  │  purchase_order: ρ = type  │  purchase_requisition: ρ = type  │  quotation: ρ = PurchasingGroupEBANEKGRP,True,,926,927,44.01294498381877,1,1.0010799136069115,2,0.0010787486515642097,0.01790872328134019
"(2, 3, 8, 2, 1, 1, 3)",goods_receipt: ρ = type  │  invoice_receipt: ρ = type  │  material: ρ = StorageLocationEKPOLGORT  │  payment: ρ = AmountDMBTR_band  │  purchase_order: ρ = PurchasingGroupEKKOEKGRP  │  purchase_requisition: ρ = PurchasingGroupEBANEKGRP  │  quotation: ρ = type,True,,741,927,44.01294498381877,1,1.2510121457489878,12,0.20064724919093846,0.01790872328134019
"(2, 3, 8, 2, 1, 2, 1)",goods_receipt: ρ = type  │  invoice_receipt: ρ = type  │  material: ρ = StorageLocationEKPOLGORT  │  payment: ρ = AmountDMBTR_band  │  purchase_order: ρ = PurchasingGroupEKKOEKGRP  │  purchase_requisition: ρ = type  │  quotation: ρ = PurchasingGroupEBANEKGRP,True,,741,927,43.1898597626753,1,1.2510121457489878,12,0.20064724919093846,0.03627479299056413
"(2, 3, 8, 2, 2, 2, 3)",goods_receipt: ρ = type  │  invoice_receipt: ρ = type  │  material: ρ = StorageLocationEKPOLGORT  │  payment: ρ = AmountDMBTR_band  │  purchase_order: ρ = VendorEKKOLIFNR  │  purchase_requisition: ρ = type  │  quotation: ρ = type,True,,881,927,44.01294498381877,1,1.0522133938706015,3,0.04962243797195254,0.01790872328134019
"(2, 3, 8, 2, 3, 1, 1)",goods_receipt: ρ = type  │  invoice_receipt: ρ = type  │  material: ρ = StorageLocationEKPOLGORT  │  payment: ρ = AmountDMBTR_band  │  purchase_order: ρ = type  │  purchase_requisition: ρ = PurchasingGroupEBANEKGRP  │  quotation: ρ = PurchasingGroupEBANEKGRP,True,,741,927,44.01294498381877,1,1.2510121457489878,12,0.20064724919093846,0.01790872328134019
"(2, 3, 8, 2, 3, 2, 2)",goods_receipt: ρ = type  │  invoice_receipt: ρ = type  │  material: ρ = StorageLocationEKPOLGORT  │  payment: ρ = AmountDMBTR_band  │  purchase_order: ρ = type  │  purchase_requisition: ρ = type  │  quotation: ρ = VendorEBANLIFNR,True,,881,927,44.01294498381877,1,1.0522133938706015,3,0.04962243797195254,0.01790872328134019
"(2, 3, 8, 3, 1, 1, 3)",goods_receipt: ρ = type  │  invoice_receipt: ρ = type  │  material: ρ = StorageLocationEKPOLGORT  │  payment: ρ = PaymentMethodZLSCH  │  purchase_order: ρ = PurchasingGroupEKKOEKGRP  │  purchase_requisition: ρ = PurchasingGroupEBANEKGRP  │  quotation: ρ = type,True,,776,927,44.01294498381877,1,1.1945876288659794,10,0.162891046386192,0.01790872328134019
"(2, 3, 8, 3, 1, 2, 1)",goods_receipt: ρ = type  │  invoice_receipt: ρ = type  │  material: ρ = StorageLocationEKPOLGORT  │  payment: ρ = PaymentMethodZLSCH  │  purchase_order: ρ = PurchasingGroupEKKOEKGRP  │  purchase_requisition: ρ = type  │  quotation: ρ = PurchasingGroupEBANEKGRP,True,,776,927,43.1898597626753,1,1.1945876288659794,10,0.162891046386192,0.03627479299056413
"(2, 3, 8, 3, 2, 2, 3)",goods_receipt: ρ = type  │  invoice_receipt: ρ = type  │  material: ρ = StorageLocationEKPOLGORT  │  payment: ρ = PaymentMethodZLSCH  │  purchase_order: ρ = VendorEKKOLIFNR  │  purchase_requisition: ρ = type  │  quotation: ρ = type,True,,900,927,44.01294498381877,1,1.03,3,0.029126213592232997,0.01790872328134019
"(2, 3, 8, 3, 3, 1, 1)",goods_receipt: ρ = type  │  invoice_receipt: ρ = type  │  material: ρ = StorageLocationEKPOLGORT  │  payment: ρ = PaymentMethodZLSCH  │  purchase_order: ρ = type  │  purchase_requisition: ρ = PurchasingGroupEBANEKGRP  │  quotation: ρ = PurchasingGroupEBANEKGRP,True,,776,927,44.01294498381877,1,1.1945876288659794,10,0.162891046386192,0.01790872328134019
"(2, 3, 8, 3, 3, 2, 2)",goods_receipt: ρ = type  │  invoice_receipt: ρ = type  │  material: ρ = StorageLocationEKPOLGORT  │  payment: ρ = PaymentMethodZLSCH  │  purchase_order: ρ = type  │  purchase_requisition: ρ = type  │  quotation: ρ = VendorEBANLIFNR,True,,900,927,44.01294498381877,1,1.03,3,0.029126213592232997,0.01790872328134019
"(2, 3, 8, 4, 1, 1, 1)",goods_receipt: ρ = type  │  invoice_receipt: ρ = type  │  material: ρ = StorageLocationEKPOLGORT  │  payment: ρ = type  │  purchase_order: ρ = PurchasingGroupEKKOEKGRP  │  purchase_requisition: ρ = PurchasingGroupEBANEKGRP  │  quotation: ρ = PurchasingGroupEBANEKGRP,True,,708,927,43.1898597626753,1,1.3093220338983051,22,0.2362459546925566,0.03627479299056413
"(2, 3, 8, 4, 2, 1, 3)",goods_receipt: ρ = type  │  invoice_receipt: ρ = type  │  material: ρ = StorageLocationEKPOLGORT  │  payment: ρ = type  │  purchase_order: ρ = VendorEKKOLIFNR  │  purchase_requisition: ρ = PurchasingGroupEBANEKGRP  │  quotation: ρ = type,True,,855,927,44.01294498381877,1,1.0842105263157895,4,0.07766990291262132,0.01790872328134019
"(2, 3, 8, 4, 1, 2, 2)",goods_receipt: ρ = type  │  invoice_receipt: ρ = type  │  material: ρ = StorageLocationEKPOLGORT  │  payment: ρ = type  │  purchase_order: ρ = PurchasingGroupEKKOEKGRP  │  purchase_requisition: ρ = type  │  quotation: ρ = VendorEBANLIFNR,True,,855,927,44.01294498381877,1,1.0842105263157895,4,0.07766990291262132,0.01790872328134019
"(2, 3, 8, 4, 2, 2, 1)",goods_receipt: ρ = type  │  invoice_receipt: ρ = type  │  material: ρ = StorageLocationEKPOLGORT  │  payment: ρ = type  │  purchase_order: ρ = VendorEKKOLIFNR  │  purchase_requisition: ρ = type  │  quotation: ρ = PurchasingGroupEBANEKGRP,True,,855,927,44.01294498381877,1,1.0842105263157895,4,0.07766990291262132,0.01790872328134019
"(2, 3, 8, 4, 3, 1, 2)",goods_receipt: ρ = type  │  invoice_receipt: ρ = type  │  material: ρ = StorageLocationEKPOLGORT  │  payment: ρ = type  │  purchase_order: ρ = type  │  purchase_requisition: ρ = PurchasingGroupEBANEKGRP  │  quotation: ρ = VendorEBANLIFNR,True,,855,927,44.01294498381877,1,1.0842105263157895,4,0.07766990291262132,0.01790872328134019
"(2, 3, 9, 1, 1, 1, 3)",goods_receipt: ρ = type  │  invoice_receipt: ρ = type  │  material: ρ = type  │  payment: ρ = AmountDMBTR  │  purchase_order: ρ = PurchasingGroupEKKOEKGRP  │  purchase_requisition: ρ = PurchasingGroupEBANEKGRP  │  quotation: ρ = type,True,,918,927,43.19093851132686,1,1.0098039215686274,2,0.009708737864077666,0.03625072212593872
"(2, 3, 9, 1, 1, 2, 1)",goods_receipt: ρ = type  │  invoice_receipt: ρ = type  │  material: ρ = type  │  payment: ρ = AmountDMBTR  │  purchase_order: ρ = PurchasingGroupEKKOEKGRP  │  purchase_requisition: ρ = type  │  quotation: ρ = PurchasingGroupEBANEKGRP,True,,918,927,42.36785329018339,1,1.0098039215686274,2,0.009708737864077666,0.05461679183516266
"(2, 3, 9, 1, 2, 2, 3)",goods_receipt: ρ = type  │  invoice_receipt: ρ = type  │  material: ρ = type  │  payment: ρ = AmountDMBTR  │  purchase_order: ρ = VendorEKKOLIFNR  │  purchase_requisition: ρ = type  │  quotation: ρ = type,True,,926,927,43.19093851132686,1,1.0010799136069115,2,0.0010787486515642097,0.03625072212593872
"(2, 3, 9, 1, 3, 1, 1)",goods_receipt: ρ = type  │  invoice_receipt: ρ = type  │  material: ρ = type  │  payment: ρ = AmountDMBTR  │  purchase_order: ρ = type  │  purchase_requisition: ρ = PurchasingGroupEBANEKGRP  │  quotation: ρ = PurchasingGroupEBANEKGRP,True,,918,927,43.19093851132686,1,1.0098039215686274,2,0.009708737864077666,0.03625072212593872
"(2, 3, 9, 1, 3, 2, 2)",goods_receipt: ρ = type  │  invoice_receipt: ρ = type  │  material: ρ = type  │  payment: ρ = AmountDMBTR  │  purchase_order: ρ = type  │  purchase_requisition: ρ = type  │  quotation: ρ = VendorEBANLIFNR,True,,926,927,43.19093851132686,1,1.0010799136069115,2,0.0010787486515642097,0.03625072212593872
"(2, 3, 9, 2, 1, 1, 1)",goods_receipt: ρ = type  │  invoice_receipt: ρ = type  │  material: ρ = type  │  payment: ρ = AmountDMBTR_band  │  purchase_order: ρ = PurchasingGroupEKKOEKGRP  │  purchase_requisition: ρ = PurchasingGroupEBANEKGRP  │  quotation: ρ = PurchasingGroupEBANEKGRP,True,,603,927,42.36785329018339,1,1.537313432835821,31,0.3495145631067961,0.05461679183516266
"(2, 3, 9, 2, 2, 1, 3)",goods_receipt: ρ = type  │  invoice_receipt: ρ = type  │  material: ρ = type  │  payment: ρ = AmountDMBTR_band  │  purchase_order: ρ = VendorEKKOLIFNR  │  purchase_requisition: ρ = PurchasingGroupEBANEKGRP  │  quotation: ρ = type,True,,792,927,43.19093851132686,1,1.1704545454545454,7,0.1456310679611651,0.03625072212593872
"(2, 3, 9, 2, 1, 2, 2)",goods_receipt: ρ = type  │  invoice_receipt: ρ = type  │  material: ρ = type  │  payment: ρ = AmountDMBTR_band  │  purchase_order: ρ = PurchasingGroupEKKOEKGRP  │  purchase_requisition: ρ = type  │  quotation: ρ = VendorEBANLIFNR,True,,792,927,43.19093851132686,1,1.1704545454545454,7,0.1456310679611651,0.03625072212593872
"(2, 3, 9, 2, 2, 2, 1)",goods_receipt: ρ = type  │  invoice_receipt: ρ = type  │  material: ρ = type  │  payment: ρ = AmountDMBTR_band  │  purchase_order: ρ = VendorEKKOLIFNR  │  purchase_requisition: ρ = type  │  quotation: ρ = PurchasingGroupEBANEKGRP,True,,792,927,43.19093851132686,1,1.1704545454545454,7,0.1456310679611651,0.03625072212593872
"(2, 3, 9, 2, 3, 1, 2)",goods_receipt: ρ = type  │  invoice_receipt: ρ = type  │  material: ρ = type  │  payment: ρ = AmountDMBTR_band  │  purchase_order: ρ = type  │  purchase_requisition: ρ = PurchasingGroupEBANEKGRP  │  quotation: ρ = VendorEBANLIFNR,True,,792,927,43.19093851132686,1,1.1704545454545454,7,0.1456310679611651,0.03625072212593872
"(2, 3, 9, 3, 1, 1, 1)",goods_receipt: ρ = type  │  invoice_receipt: ρ = type  │  material: ρ = type  │  payment: ρ = PaymentMethodZLSCH  │  purchase_order: ρ = PurchasingGroupEKKOEKGRP  │  purchase_requisition: ρ = PurchasingGroupEBANEKGRP  │  quotation: ρ = PurchasingGroupEBANEKGRP,True,,638,927,42.36785329018339,1,1.4529780564263324,14,0.3117583603020496,0.05461679183516266
"(2, 3, 9, 3, 2, 1, 3)",goods_receipt: ρ = type  │  invoice_receipt: ρ = type  │  material: ρ = type  │  payment: ρ = PaymentMethodZLSCH  │  purchase_order: ρ = VendorEKKOLIFNR  │  purchase_requisition: ρ = PurchasingGroupEBANEKGRP  │  quotation: ρ = type,True,,844,927,43.19093851132686,1,1.0983412322274881,5,0.08953613807982741,0.03625072212593872
"(2, 3, 9, 3, 1, 2, 2)",goods_receipt: ρ = type  │  invoice_receipt: ρ = type  │  material: ρ = type  │  payment: ρ = PaymentMethodZLSCH  │  purchase_order: ρ = PurchasingGroupEKKOEKGRP  │  purchase_requisition: ρ = type  │  quotation: ρ = VendorEBANLIFNR,True,,844,927,43.19093851132686,1,1.0983412322274881,5,0.08953613807982741,0.03625072212593872
"(2, 3, 9, 3, 2, 2, 1)",goods_receipt: ρ = type  │  invoice_receipt: ρ = type  │  material: ρ = type  │  payment: ρ = PaymentMethodZLSCH  │  purchase_order: ρ = VendorEKKOLIFNR  │  purchase_requisition: ρ = type  │  quotation: ρ = PurchasingGroupEBANEKGRP,True,,844,927,43.19093851132686,1,1.0983412322274881,5,0.08953613807982741,0.03625072212593872
"(2, 3, 9, 3, 3, 1, 2)",goods_receipt: ρ = type  │  invoice_receipt: ρ = type  │  material: ρ = type  │  payment: ρ = PaymentMethodZLSCH  │  purchase_order: ρ = type  │  purchase_requisition: ρ = PurchasingGroupEBANEKGRP  │  quotation: ρ = VendorEBANLIFNR,True,,844,927,43.19093851132686,1,1.0983412322274881,5,0.08953613807982741,0.03625072212593872
"(2, 3, 9, 4, 1, 1, 2)",goods_receipt: ρ = type  │  invoice_receipt: ρ = type  │  material: ρ = type  │  payment: ρ = type  │  purchase_order: ρ = PurchasingGroupEKKOEKGRP  │  purchase_requisition: ρ = PurchasingGroupEBANEKGRP  │  quotation: ρ = VendorEBANLIFNR,True,,748,927,43.19093851132686,1,1.2393048128342246,7,0.1930960086299892,0.03625072212593872
"(2, 3, 9, 4, 2, 1, 1)",goods_receipt: ρ = type  │  invoice_receipt: ρ = type  │  material: ρ = type  │  payment: ρ = type  │  purchase_order: ρ = VendorEKKOLIFNR  │  purchase_requisition: ρ = PurchasingGroupEBANEKGRP  │  quotation: ρ = PurchasingGroupEBANEKGRP,True,,748,927,43.19093851132686,1,1.2393048128342246,7,0.1930960086299892,0.03625072212593872
"(2, 3, 9, 4, 2, 2, 2)",goods_receipt: ρ = type  │  invoice_receipt: ρ = type  │  material: ρ = type  │  payment: ρ = type  │  purchase_order: ρ = VendorEKKOLIFNR  │  purchase_requisition: ρ = type  │  quotation: ρ = VendorEBANLIFNR,True,,748,927,42.36785329018339,1,1.2393048128342246,7,0.1930960086299892,0.05461679183516266
"(2, 1, 2, 4, 3, 2, 3)",goods_receipt: ρ = type  │  invoice_receipt: ρ = CreditAmountBSEGWRBTR  │  material: ρ = MaterialEKPOMATNR  │  payment: ρ = type  │  purchase_order: ρ = type  │  purchase_requisition: ρ = type  │  quotation: ρ = type,True,,920,927,44.353829557713055,1,1.007608695652174,2,0.007551240560949246,0.010302330059695608
"(2, 1, 3, 2, 3, 2, 3)",goods_receipt: ρ = type  │  invoice_receipt: ρ = CreditAmountBSEGWRBTR  │  material: ρ = NetPriceEKPONETPR  │  payment: ρ = AmountDMBTR_band  │  purchase_order: ρ = type  │  purchase_requisition: ρ = type  │  quotation: ρ = type,True,,917,927,44.13484358144552,1,1.0109051254089423,2,0.010787486515641875,0.015188715578663525
"(2, 1, 3, 3, 3, 2, 3)",goods_receipt: ρ = type  │  invoice_receipt: ρ = CreditAmountBSEGWRBTR  │  material: ρ = NetPriceEKPONETPR  │  payment: ρ = PaymentMethodZLSCH  │  purchase_order: ρ = type  │  purchase_requisition: ρ = type  │  quotation: ρ = type,True,,924,927,44.13484358144552,1,1.0032467532467533,2,0.003236245954692518,0.015188715578663525
"(2, 1, 3, 4, 1, 2, 3)",goods_receipt: ρ = type  │  invoice_receipt: ρ = CreditAmountBSEGWRBTR  │  material: ρ = NetPriceEKPONETPR  │  payment: ρ = type  │  purchase_order: ρ = PurchasingGroupEKKOEKGRP  │  purchase_requisition: ρ = type  │  quotation: ρ = type,True,,919,927,44.13484358144552,1,1.0087051142546246,2,0.008629989212513456,0.015188715578663525
"(2, 1, 3, 4, 3, 1, 3)",goods_receipt: ρ = type  │  invoice_receipt: ρ = CreditAmountBSEGWRBTR  │  material: ρ = NetPriceEKPONETPR  │  payment: ρ = type  │  purchase_order: ρ = type  │  purchase_requisition: ρ = PurchasingGroupEBANEKGRP  │  quotation: ρ = type,True,,919,927,44.13484358144552,1,1.0087051142546246,2,0.008629989212513456,0.015188715578663525
"(2, 1, 3, 4, 3, 2, 1)",goods_receipt: ρ = type  │  invoice_receipt: ρ = CreditAmountBSEGWRBTR  │  material: ρ = NetPriceEKPONETPR  │  payment: ρ = type  │  purchase_order: ρ = type  │  purchase_requisition: ρ = type  │  quotation: ρ = PurchasingGroupEBANEKGRP,True,,919,927,44.13484358144552,1,1.0087051142546246,2,0.008629989212513456,0.015188715578663525
"(2, 1, 4, 1, 3, 2, 3)",goods_receipt: ρ = type  │  invoice_receipt: ρ = CreditAmountBSEGWRBTR  │  material: ρ = NetPriceEKPONETPR_band  │  payment: ρ = AmountDMBTR  │  purchase_order: ρ = type  │  purchase_requisition: ρ = type  │  quotation: ρ = type,True,,916,927,43.0873786407767,1,1.012008733624454,2,0.011866235167206085,0.03856152512998268
"(2, 1, 4, 2, 1, 2, 3)",goods_receipt: ρ = type  │  invoice_receipt: ρ = CreditAmountBSEGWRBTR  │  material: ρ = NetPriceEKPONETPR_band  │  payment: ρ = AmountDMBTR_band  │  purchase_order: ρ = PurchasingGroupEKKOEKGRP  │  purchase_requisition: ρ = type  │  quotation: ρ = type,True,,918,927,43.34519956850054,1,1.0098039215686274,2,0.009708737864077666,0.0328085884844983
"(2, 1, 4, 2, 3, 1, 3)",goods_receipt: ρ = type  │  invoice_receipt: ρ = CreditAmountBSEGWRBTR  │  material: ρ = NetPriceEKPONETPR_band  │  payment: ρ = AmountDMBTR_band  │  purchase_order: ρ = type  │  purchase_requisition: ρ = PurchasingGroupEBANEKGRP  │  quotation: ρ = type,True,,918,927,43.34519956850054,1,1.0098039215686274,2,0.009708737864077666,0.0328085884844983
"(2, 1, 4, 2, 3, 2, 1)",goods_receipt: ρ = type  │  invoice_receipt: ρ = CreditAmountBSEGWRBTR  │  material: ρ = NetPriceEKPONETPR_band  │  payment: ρ = AmountDMBTR_band  │  purchase_order: ρ = type  │  purchase_requisition: ρ = type  │  quotation: ρ = PurchasingGroupEBANEKGRP,True,,918,927,43.34519956850054,1,1.0098039215686274,2,0.009708737864077666,0.0328085884844983
"(2, 1, 4, 3, 1, 2, 3)",goods_receipt: ρ = type  │  invoice_receipt: ρ = CreditAmountBSEGWRBTR  │  material: ρ = NetPriceEKPONETPR_band  │  payment: ρ = PaymentMethodZLSCH  │  purchase_order: ρ = PurchasingGroupEKKOEKGRP  │  purchase_requisition: ρ = type  │  quotation: ρ = type,True,,924,927,43.34519956850054,1,1.0032467532467533,2,0.003236245954692518,0.0328085884844983
"(2, 1, 4, 3, 3, 1, 3)",goods_receipt: ρ = type  │  invoice_receipt: ρ = CreditAmountBSEGWRBTR  │  material: ρ = NetPriceEKPONETPR_band  │  payment: ρ = PaymentMethodZLSCH  │  purchase_order: ρ = type  │  purchase_requisition: ρ = PurchasingGroupEBANEKGRP  │  quotation: ρ = type,True,,924,927,43.34519956850054,1,1.0032467532467533,2,0.003236245954692518,0.0328085884844983
"(2, 1, 4, 3, 3, 2, 1)",goods_receipt: ρ = type  │  invoice_receipt: ρ = CreditAmountBSEGWRBTR  │  material: ρ = NetPriceEKPONETPR_band  │  payment: ρ = PaymentMethodZLSCH  │  purchase_order: ρ = type  │  purchase_requisition: ρ = type  │  quotation: ρ = PurchasingGroupEBANEKGRP,True,,924,927,43.34519956850054,1,1.0032467532467533,2,0.003236245954692518,0.0328085884844983
"(2, 1, 4, 4, 1, 1, 3)",goods_receipt: ρ = type  │  invoice_receipt: ρ = CreditAmountBSEGWRBTR  │  material: ρ = NetPriceEKPONETPR_band  │  payment: ρ = type  │  purchase_order: ρ = PurchasingGroupEKKOEKGRP  │  purchase_requisition: ρ = PurchasingGroupEBANEKGRP  │  quotation: ρ = type,True,,918,927,43.34519956850054,1,1.0098039215686274,2,0.009708737864077666,0.0328085884844983
"(2, 1, 4, 4, 1, 2, 1)",goods_receipt: ρ = type  │  invoice_receipt: ρ = CreditAmountBSEGWRBTR  │  material: ρ = NetPriceEKPONETPR_band  │  payment: ρ = type  │  purchase_order: ρ = PurchasingGroupEKKOEKGRP  │  purchase_requisition: ρ = type  │  quotation: ρ = PurchasingGroupEBANEKGRP,True,,918,927,42.52211434735707,1,1.0098039215686274,2,0.009708737864077666,0.051174658193722244
"(2, 1, 4, 4, 2, 2, 3)",goods_receipt: ρ = type  │  invoice_receipt: ρ = CreditAmountBSEGWRBTR  │  material: ρ = NetPriceEKPONETPR_band  │  payment: ρ = type  │  purchase_order: ρ = VendorEKKOLIFNR  │  purchase_requisition: ρ = type  │  quotation: ρ = type,True,,926,927,43.34519956850054,1,1.0010799136069115,2,0.0010787486515642097,0.0328085884844983
"(2, 1, 4, 4, 3, 1, 1)",goods_receipt: ρ = type  │  invoice_receipt: ρ = CreditAmountBSEGWRBTR  │  material: ρ = NetPriceEKPONETPR_band  │  payment: ρ = type  │  purchase_order: ρ = type  │  purchase_requisition: ρ = PurchasingGroupEBANEKGRP  │  quotation: ρ = PurchasingGroupEBANEKGRP,True,,918,927,43.34519956850054,1,1.0098039215686274,2,0.009708737864077666,0.0328085884844983
"(2, 1, 4, 4, 3, 2, 2)",goods_receipt: ρ = type  │  invoice_receipt: ρ = CreditAmountBSEGWRBTR  │  material: ρ = NetPriceEKPONETPR_band  │  payment: ρ = type  │  purchase_order: ρ = type  │  purchase_requisition: ρ = type  │  quotation: ρ = VendorEBANLIFNR,True,,926,927,43.34519956850054,1,1.0010799136069115,2,0.0010787486515642097,0.0328085884844983
"(2, 1, 0, 4, 3, 2, 3)",goods_receipt: ρ = type  │  invoice_receipt: ρ = CreditAmountBSEGWRBTR  │  material: ρ = id  │  payment: ρ = type  │  purchase_order: ρ = type  │  purchase_requisition: ρ = type  │  quotation: ρ = type,True,,925,927,44.353829557713055,1,1.0021621621621621,2,0.0021574973031284195,0.010302330059695608
"(2, 1, 1, 2, 3, 2, 3)",goods_receipt: ρ = type  │  invoice_receipt: ρ = CreditAmountBSEGWRBTR  │  material: ρ = DeliveryDateEKPOBEDAT  │  payment: ρ = AmountDMBTR_band  │  purchase_order: ρ = type  │  purchase_requisition: ρ = type  │  quotation: ρ = type,True,,925,927,44.353829557713055,1,1.0021621621621621,2,0.0021574973031284195,0.010302330059695608
"(2, 1, 1, 4, 1, 2, 3)",goods_receipt: ρ = type  │  invoice_receipt: ρ = CreditAmountBSEGWRBTR  │  material: ρ = DeliveryDateEKPOBEDAT  │  payment: ρ = type  │  purchase_order: ρ = PurchasingGroupEKKOEKGRP  │  purchase_requisition: ρ = type  │  quotation: ρ = type,False,no merging (K = n_executions),927,927,44.353829557713055,1,1.0,1,0.0,0.010302330059695608
"(2, 1, 1, 4, 3, 1, 3)",goods_receipt: ρ = type  │  invoice_receipt: ρ = CreditAmountBSEGWRBTR  │  material: ρ = DeliveryDateEKPOBEDAT  │  payment: ρ = type  │  purchase_order: ρ = type  │  purchase_requisition: ρ = PurchasingGroupEBANEKGRP  │  quotation: ρ = type,False,no merging (K = n_executions),927,927,44.353829557713055,1,1.0,1,0.0,0.010302330059695608
"(2, 1, 1, 4, 3, 2, 1)",goods_receipt: ρ = type  │  invoice_receipt: ρ = CreditAmountBSEGWRBTR  │  material: ρ = DeliveryDateEKPOBEDAT  │  payment: ρ = type  │  purchase_order: ρ = type  │  purchase_requisition: ρ = type  │  quotation: ρ = PurchasingGroupEBANEKGRP,False,no merging (K = n_executions),927,927,44.353829557713055,1,1.0,1,0.0,0.010302330059695608
"(2, 1, 5, 1, 3, 2, 3)",goods_receipt: ρ = type  │  invoice_receipt: ρ = CreditAmountBSEGWRBTR  │  material: ρ = PlantEKPOWERKS  │  payment: ρ = AmountDMBTR  │  purchase_order: ρ = type  │  purchase_requisition: ρ = type  │  quotation: ρ = type,True,,922,927,43.75512405609493,1,1.0054229934924077,2,0.005393743257820938,0.023661659926824563
"(2, 1, 5, 2, 1, 2, 3)",goods_receipt: ρ = type  │  invoice_receipt: ρ = CreditAmountBSEGWRBTR  │  material: ρ = PlantEKPOWERKS  │  payment: ρ = AmountDMBTR_band  │  purchase_order: ρ = PurchasingGroupEKKOEKGRP  │  purchase_requisition: ρ = type  │  quotation: ρ = type,True,,926,927,44.01294498381877,1,1.0010799136069115,2,0.0010787486515642097,0.01790872328134019
"(2, 1, 5, 2, 3, 1, 3)",goods_receipt: ρ = type  │  invoice_receipt: ρ = CreditAmountBSEGWRBTR  │  material: ρ = PlantEKPOWERKS  │  payment: ρ = AmountDMBTR_band  │  purchase_order: ρ = type  │  purchase_requisition: ρ = PurchasingGroupEBANEKGRP  │  quotation: ρ = type,True,,926,927,44.01294498381877,1,1.0010799136069115,2,0.0010787486515642097,0.01790872328134019
"(2, 1, 5, 2, 3, 2, 1)",goods_receipt: ρ = type  │  invoice_receipt: ρ = CreditAmountBSEGWRBTR  │  material: ρ = PlantEKPOWERKS  │  payment: ρ = AmountDMBTR_band  │  purchase_order: ρ = type  │  purchase_requisition: ρ = type  │  quotation: ρ = PurchasingGroupEBANEKGRP,True,,926,927,44.01294498381877,1,1.0010799136069115,2,0.0010787486515642097,0.01790872328134019
"(2, 1, 5, 3, 1, 2, 3)",goods_receipt: ρ = type  │  invoice_receipt: ρ = CreditAmountBSEGWRBTR  │  material: ρ = PlantEKPOWERKS  │  payment: ρ = PaymentMethodZLSCH  │  purchase_order: ρ = PurchasingGroupEKKOEKGRP  │  purchase_requisition: ρ = type  │  quotation: ρ = type,True,,926,927,44.01294498381877,1,1.0010799136069115,2,0.0010787486515642097,0.01790872328134019
"(2, 1, 5, 3, 3, 1, 3)",goods_receipt: ρ = type  │  invoice_receipt: ρ = CreditAmountBSEGWRBTR  │  material: ρ = PlantEKPOWERKS  │  payment: ρ = PaymentMethodZLSCH  │  purchase_order: ρ = type  │  purchase_requisition: ρ = PurchasingGroupEBANEKGRP  │  quotation: ρ = type,True,,926,927,44.01294498381877,1,1.0010799136069115,2,0.0010787486515642097,0.01790872328134019
"(2, 1, 5, 3, 3, 2, 1)",goods_receipt: ρ = type  │  invoice_receipt: ρ = CreditAmountBSEGWRBTR  │  material: ρ = PlantEKPOWERKS  │  payment: ρ = PaymentMethodZLSCH  │  purchase_order: ρ = type  │  purchase_requisition: ρ = type  │  quotation: ρ = PurchasingGroupEBANEKGRP,True,,926,927,44.01294498381877,1,1.0010799136069115,2,0.0010787486515642097,0.01790872328134019
"(2, 1, 5, 4, 1, 1, 3)",goods_receipt: ρ = type  │  invoice_receipt: ρ = CreditAmountBSEGWRBTR  │  material: ρ = PlantEKPOWERKS  │  payment: ρ = type  │  purchase_order: ρ = PurchasingGroupEKKOEKGRP  │  purchase_requisition: ρ = PurchasingGroupEBANEKGRP  │  quotation: ρ = type,True,,926,927,44.01294498381877,1,1.0010799136069115,2,0.0010787486515642097,0.01790872328134019
"(2, 1, 5, 4, 1, 2, 1)",goods_receipt: ρ = type  │  invoice_receipt: ρ = CreditAmountBSEGWRBTR  │  material: ρ = PlantEKPOWERKS  │  payment: ρ = type  │  purchase_order: ρ = PurchasingGroupEKKOEKGRP  │  purchase_requisition: ρ = type  │  quotation: ρ = PurchasingGroupEBANEKGRP,True,,926,927,43.1898597626753,1,1.0010799136069115,2,0.0010787486515642097,0.03627479299056413
"(2, 1, 5, 4, 2, 2, 3)",goods_receipt: ρ = type  │  invoice_receipt: ρ = CreditAmountBSEGWRBTR  │  material: ρ = PlantEKPOWERKS  │  payment: ρ = type  │  purchase_order: ρ = VendorEKKOLIFNR  │  purchase_requisition: ρ = type  │  quotation: ρ = type,True,,926,927,44.01294498381877,1,1.0010799136069115,2,0.0010787486515642097,0.01790872328134019
"(2, 1, 5, 4, 3, 1, 1)",goods_receipt: ρ = type  │  invoice_receipt: ρ = CreditAmountBSEGWRBTR  │  material: ρ = PlantEKPOWERKS  │  payment: ρ = type  │  purchase_order: ρ = type  │  purchase_requisition: ρ = PurchasingGroupEBANEKGRP  │  quotation: ρ = PurchasingGroupEBANEKGRP,True,,926,927,44.01294498381877,1,1.0010799136069115,2,0.0010787486515642097,0.01790872328134019
"(2, 1, 5, 4, 3, 2, 2)",goods_receipt: ρ = type  │  invoice_receipt: ρ = CreditAmountBSEGWRBTR  │  material: ρ = PlantEKPOWERKS  │  payment: ρ = type  │  purchase_order: ρ = type  │  purchase_requisition: ρ = type  │  quotation: ρ = VendorEBANLIFNR,True,,926,927,44.01294498381877,1,1.0010799136069115,2,0.0010787486515642097,0.01790872328134019
"(2, 1, 6, 2, 3, 2, 3)",goods_receipt: ρ = type  │  invoice_receipt: ρ = CreditAmountBSEGWRBTR  │  material: ρ = QuantityEKPOMENGE  │  payment: ρ = AmountDMBTR_band  │  purchase_order: ρ = type  │  purchase_requisition: ρ = type  │  quotation: ρ = type,True,,917,927,44.33009708737864,1,1.0109051254089423,2,0.010787486515641875,0.010831889081455826
"(2, 1, 6, 3, 3, 2, 3)",goods_receipt: ρ = type  │  invoice_receipt: ρ = CreditAmountBSEGWRBTR  │  material: ρ = QuantityEKPOMENGE  │  payment: ρ = PaymentMethodZLSCH  │  purchase_order: ρ = type  │  purchase_requisition: ρ = type  │  quotation: ρ = type,True,,924,927,44.33009708737864,1,1.0032467532467533,2,0.003236245954692518,0.010831889081455826
"(2, 1, 6, 4, 1, 2, 3)",goods_receipt: ρ = type  │  invoice_receipt: ρ = CreditAmountBSEGWRBTR  │  material: ρ = QuantityEKPOMENGE  │  payment: ρ = type  │  purchase_order: ρ = PurchasingGroupEKKOEKGRP  │  purchase_requisition: ρ = type  │  quotation: ρ = type,True,,919,927,44.33009708737864,1,1.0087051142546246,2,0.008629989212513456,0.010831889081455826
"(2, 1, 6, 4, 3, 1, 3)",goods_receipt: ρ = type  │  invoice_receipt: ρ = CreditAmountBSEGWRBTR  │  material: ρ = QuantityEKPOMENGE  │  payment: ρ = type  │  purchase_order: ρ = type  │  purchase_requisition: ρ = PurchasingGroupEBANEKGRP  │  quotation: ρ = type,True,,919,927,44.33009708737864,1,1.0087051142546246,2,0.008629989212513456,0.010831889081455826
"(2, 1, 6, 4, 3, 2, 1)",goods_receipt: ρ = type  │  invoice_receipt: ρ = CreditAmountBSEGWRBTR  │  material: ρ = QuantityEKPOMENGE  │  payment: ρ = type  │  purchase_order: ρ = type  │  purchase_requisition: ρ = type  │  quotation: ρ = PurchasingGroupEBANEKGRP,True,,919,927,44.33009708737864,1,1.0087051142546246,2,0.008629989212513456,0.010831889081455826
"(2, 1, 7, 1, 3, 2, 3)",goods_receipt: ρ = type  │  invoice_receipt: ρ = CreditAmountBSEGWRBTR  │  material: ρ = QuantityEKPOMENGE_band  │  payment: ρ = AmountDMBTR  │  purchase_order: ρ = type  │  purchase_requisition: ρ = type  │  quotation: ρ = type,True,,916,927,43.54692556634304,1,1.012008733624454,2,0.011866235167206085,0.028307336799537786
"(2, 1, 7, 2, 1, 2, 3)",goods_receipt: ρ = type  │  invoice_receipt: ρ = CreditAmountBSEGWRBTR  │  material: ρ = QuantityEKPOMENGE_band  │  payment: ρ = AmountDMBTR_band  │  purchase_order: ρ = PurchasingGroupEKKOEKGRP  │  purchase_requisition: ρ = type  │  quotation: ρ = type,True,,919,927,43.80474649406688,1,1.0087051142546246,2,0.008629989212513456,0.022554400154053522
"(2, 1, 7, 2, 3, 1, 3)",goods_receipt: ρ = type  │  invoice_receipt: ρ = CreditAmountBSEGWRBTR  │  material: ρ = QuantityEKPOMENGE_band  │  payment: ρ = AmountDMBTR_band  │  purchase_order: ρ = type  │  purchase_requisition: ρ = PurchasingGroupEBANEKGRP  │  quotation: ρ = type,True,,919,927,43.80474649406688,1,1.0087051142546246,2,0.008629989212513456,0.022554400154053522
"(2, 1, 7, 2, 3, 2, 1)",goods_receipt: ρ = type  │  invoice_receipt: ρ = CreditAmountBSEGWRBTR  │  material: ρ = QuantityEKPOMENGE_band  │  payment: ρ = AmountDMBTR_band  │  purchase_order: ρ = type  │  purchase_requisition: ρ = type  │  quotation: ρ = PurchasingGroupEBANEKGRP,True,,919,927,43.80474649406688,1,1.0087051142546246,2,0.008629989212513456,0.022554400154053522
"(2, 1, 7, 3, 1, 2, 3)",goods_receipt: ρ = type  │  invoice_receipt: ρ = CreditAmountBSEGWRBTR  │  material: ρ = QuantityEKPOMENGE_band  │  payment: ρ = PaymentMethodZLSCH  │  purchase_order: ρ = PurchasingGroupEKKOEKGRP  │  purchase_requisition: ρ = type  │  quotation: ρ = type,True,,924,927,43.80474649406688,1,1.0032467532467533,2,0.003236245954692518,0.022554400154053522
"(2, 1, 7, 3, 3, 1, 3)",goods_receipt: ρ = type  │  invoice_receipt: ρ = CreditAmountBSEGWRBTR  │  material: ρ = QuantityEKPOMENGE_band  │  payment: ρ = PaymentMethodZLSCH  │  purchase_order: ρ = type  │  purchase_requisition: ρ = PurchasingGroupEBANEKGRP  │  quotation: ρ = type,True,,924,927,43.80474649406688,1,1.0032467532467533,2,0.003236245954692518,0.022554400154053522
"(2, 1, 7, 3, 3, 2, 1)",goods_receipt: ρ = type  │  invoice_receipt: ρ = CreditAmountBSEGWRBTR  │  material: ρ = QuantityEKPOMENGE_band  │  payment: ρ = PaymentMethodZLSCH  │  purchase_order: ρ = type  │  purchase_requisition: ρ = type  │  quotation: ρ = PurchasingGroupEBANEKGRP,True,,924,927,43.80474649406688,1,1.0032467532467533,2,0.003236245954692518,0.022554400154053522
"(2, 1, 7, 4, 1, 1, 3)",goods_receipt: ρ = type  │  invoice_receipt: ρ = CreditAmountBSEGWRBTR  │  material: ρ = QuantityEKPOMENGE_band  │  payment: ρ = type  │  purchase_order: ρ = PurchasingGroupEKKOEKGRP  │  purchase_requisition: ρ = PurchasingGroupEBANEKGRP  │  quotation: ρ = type,True,,919,927,43.80474649406688,1,1.0087051142546246,2,0.008629989212513456,0.022554400154053522
"(2, 1, 7, 4, 1, 2, 1)",goods_receipt: ρ = type  │  invoice_receipt: ρ = CreditAmountBSEGWRBTR  │  material: ρ = QuantityEKPOMENGE_band  │  payment: ρ = type  │  purchase_order: ρ = PurchasingGroupEKKOEKGRP  │  purchase_requisition: ρ = type  │  quotation: ρ = PurchasingGroupEBANEKGRP,True,,919,927,42.98166127292341,1,1.0087051142546246,2,0.008629989212513456,0.04092046986327735
"(2, 1, 7, 4, 2, 2, 3)",goods_receipt: ρ = type  │  invoice_receipt: ρ = CreditAmountBSEGWRBTR  │  material: ρ = QuantityEKPOMENGE_band  │  payment: ρ = type  │  purchase_order: ρ = VendorEKKOLIFNR  │  purchase_requisition: ρ = type  │  quotation: ρ = type,True,,926,927,43.80474649406688,1,1.0010799136069115,2,0.0010787486515642097,0.022554400154053522
"(2, 1, 7, 4, 3, 1, 1)",goods_receipt: ρ = type  │  invoice_receipt: ρ = CreditAmountBSEGWRBTR  │  material: ρ = QuantityEKPOMENGE_band  │  payment: ρ = type  │  purchase_order: ρ = type  │  purchase_requisition: ρ = PurchasingGroupEBANEKGRP  │  quotation: ρ = PurchasingGroupEBANEKGRP,True,,919,927,43.80474649406688,1,1.0087051142546246,2,0.008629989212513456,0.022554400154053522
"(2, 1, 7, 4, 3, 2, 2)",goods_receipt: ρ = type  │  invoice_receipt: ρ = CreditAmountBSEGWRBTR  │  material: ρ = QuantityEKPOMENGE_band  │  payment: ρ = type  │  purchase_order: ρ = type  │  purchase_requisition: ρ = type  │  quotation: ρ = VendorEBANLIFNR,True,,926,927,43.80474649406688,1,1.0010799136069115,2,0.0010787486515642097,0.022554400154053522
"(2, 1, 8, 1, 3, 2, 3)",goods_receipt: ρ = type  │  invoice_receipt: ρ = CreditAmountBSEGWRBTR  │  material: ρ = StorageLocationEKPOLGORT  │  payment: ρ = AmountDMBTR  │  purchase_order: ρ = type  │  purchase_requisition: ρ = type  │  quotation: ρ = type,True,,923,927,43.75512405609493,1,1.0043336944745396,2,0.004314994606256728,0.023661659926824563
"(2, 1, 8, 2, 1, 2, 3)",goods_receipt: ρ = type  │  invoice_receipt: ρ = CreditAmountBSEGWRBTR  │  material: ρ = StorageLocationEKPOLGORT  │  payment: ρ = AmountDMBTR_band  │  purchase_order: ρ = PurchasingGroupEKKOEKGRP  │  purchase_requisition: ρ = type  │  quotation: ρ = type,True,,926,927,44.01294498381877,1,1.0010799136069115,2,0.0010787486515642097,0.01790872328134019
"(2, 1, 8, 2, 3, 1, 3)",goods_receipt: ρ = type  │  invoice_receipt: ρ = CreditAmountBSEGWRBTR  │  material: ρ = StorageLocationEKPOLGORT  │  payment: ρ = AmountDMBTR_band  │  purchase_order: ρ = type  │  purchase_requisition: ρ = PurchasingGroupEBANEKGRP  │  quotation: ρ = type,True,,926,927,44.01294498381877,1,1.0010799136069115,2,0.0010787486515642097,0.01790872328134019
"(2, 1, 8, 2, 3, 2, 1)",goods_receipt: ρ = type  │  invoice_receipt: ρ = CreditAmountBSEGWRBTR  │  material: ρ = StorageLocationEKPOLGORT  │  payment: ρ = AmountDMBTR_band  │  purchase_order: ρ = type  │  purchase_requisition: ρ = type  │  quotation: ρ = PurchasingGroupEBANEKGRP,True,,926,927,44.01294498381877,1,1.0010799136069115,2,0.0010787486515642097,0.01790872328134019
"(2, 1, 8, 4, 1, 1, 3)",goods_receipt: ρ = type  │  invoice_receipt: ρ = CreditAmountBSEGWRBTR  │  material: ρ = StorageLocationEKPOLGORT  │  payment: ρ = type  │  purchase_order: ρ = PurchasingGroupEKKOEKGRP  │  purchase_requisition: ρ = PurchasingGroupEBANEKGRP  │  quotation: ρ = type,True,,926,927,44.01294498381877,1,1.0010799136069115,2,0.0010787486515642097,0.01790872328134019
"(2, 1, 8, 4, 1, 2, 1)",goods_receipt: ρ = type  │  invoice_receipt: ρ = CreditAmountBSEGWRBTR  │  material: ρ = StorageLocationEKPOLGORT  │  payment: ρ = type  │  purchase_order: ρ = PurchasingGroupEKKOEKGRP  │  purchase_requisition: ρ = type  │  quotation: ρ = PurchasingGroupEBANEKGRP,True,,926,927,43.1898597626753,1,1.0010799136069115,2,0.0010787486515642097,0.03627479299056413
"(2, 1, 8, 4, 2, 2, 3)",goods_receipt: ρ = type  │  invoice_receipt: ρ = CreditAmountBSEGWRBTR  │  material: ρ = StorageLocationEKPOLGORT  │  payment: ρ = type  │  purchase_order: ρ = VendorEKKOLIFNR  │  purchase_requisition: ρ = type  │  quotation: ρ = type,False,no merging (K = n_executions),927,927,44.01294498381877,1,1.0,1,0.0,0.01790872328134019
"(2, 1, 8, 4, 3, 1, 1)",goods_receipt: ρ = type  │  invoice_receipt: ρ = CreditAmountBSEGWRBTR  │  material: ρ = StorageLocationEKPOLGORT  │  payment: ρ = type  │  purchase_order: ρ = type  │  purchase_requisition: ρ = PurchasingGroupEBANEKGRP  │  quotation: ρ = PurchasingGroupEBANEKGRP,True,,926,927,44.01294498381877,1,1.0010799136069115,2,0.0010787486515642097,0.01790872328134019
"(2, 1, 8, 4, 3, 2, 2)",goods_receipt: ρ = type  │  invoice_receipt: ρ = CreditAmountBSEGWRBTR  │  material: ρ = StorageLocationEKPOLGORT  │  payment: ρ = type  │  purchase_order: ρ = type  │  purchase_requisition: ρ = type  │  quotation: ρ = VendorEBANLIFNR,False,no merging (K = n_executions),927,927,44.01294498381877,1,1.0,1,0.0,0.01790872328134019
"(2, 1, 9, 1, 1, 2, 3)",goods_receipt: ρ = type  │  invoice_receipt: ρ = CreditAmountBSEGWRBTR  │  material: ρ = type  │  payment: ρ = AmountDMBTR  │  purchase_order: ρ = PurchasingGroupEKKOEKGRP  │  purchase_requisition: ρ = type  │  quotation: ρ = type,True,,918,927,42.93311758360302,1,1.0098039215686274,2,0.009708737864077666,0.04200365877142298
"(2, 1, 9, 1, 3, 1, 3)",goods_receipt: ρ = type  │  invoice_receipt: ρ = CreditAmountBSEGWRBTR  │  material: ρ = type  │  payment: ρ = AmountDMBTR  │  purchase_order: ρ = type  │  purchase_requisition: ρ = PurchasingGroupEBANEKGRP  │  quotation: ρ = type,True,,918,927,42.93311758360302,1,1.0098039215686274,2,0.009708737864077666,0.04200365877142298
"(2, 1, 9, 1, 3, 2, 1)",goods_receipt: ρ = type  │  invoice_receipt: ρ = CreditAmountBSEGWRBTR  │  material: ρ = type  │  payment: ρ = AmountDMBTR  │  purchase_order: ρ = type  │  purchase_requisition: ρ = type  │  quotation: ρ = PurchasingGroupEBANEKGRP,True,,918,927,42.93311758360302,1,1.0098039215686274,2,0.009708737864077666,0.04200365877142298
"(2, 1, 9, 2, 1, 1, 3)",goods_receipt: ρ = type  │  invoice_receipt: ρ = CreditAmountBSEGWRBTR  │  material: ρ = type  │  payment: ρ = AmountDMBTR_band  │  purchase_order: ρ = PurchasingGroupEKKOEKGRP  │  purchase_requisition: ρ = PurchasingGroupEBANEKGRP  │  quotation: ρ = type,True,,918,927,43.19093851132686,1,1.0098039215686274,2,0.009708737864077666,0.03625072212593872
"(2, 1, 9, 2, 1, 2, 1)",goods_receipt: ρ = type  │  invoice_receipt: ρ = CreditAmountBSEGWRBTR  │  material: ρ = type  │  payment: ρ = AmountDMBTR_band  │  purchase_order: ρ = PurchasingGroupEKKOEKGRP  │  purchase_requisition: ρ = type  │  quotation: ρ = PurchasingGroupEBANEKGRP,True,,918,927,42.36785329018339,1,1.0098039215686274,2,0.009708737864077666,0.05461679183516266
"(2, 1, 9, 2, 2, 2, 3)",goods_receipt: ρ = type  │  invoice_receipt: ρ = CreditAmountBSEGWRBTR  │  material: ρ = type  │  payment: ρ = AmountDMBTR_band  │  purchase_order: ρ = VendorEKKOLIFNR  │  purchase_requisition: ρ = type  │  quotation: ρ = type,True,,926,927,43.19093851132686,1,1.0010799136069115,2,0.0010787486515642097,0.03625072212593872
"(2, 1, 9, 2, 3, 1, 1)",goods_receipt: ρ = type  │  invoice_receipt: ρ = CreditAmountBSEGWRBTR  │  material: ρ = type  │  payment: ρ = AmountDMBTR_band  │  purchase_order: ρ = type  │  purchase_requisition: ρ = PurchasingGroupEBANEKGRP  │  quotation: ρ = PurchasingGroupEBANEKGRP,True,,918,927,43.19093851132686,1,1.0098039215686274,2,0.009708737864077666,0.03625072212593872
"(2, 1, 9, 2, 3, 2, 2)",goods_receipt: ρ = type  │  invoice_receipt: ρ = CreditAmountBSEGWRBTR  │  material: ρ = type  │  payment: ρ = AmountDMBTR_band  │  purchase_order: ρ = type  │  purchase_requisition: ρ = type  │  quotation: ρ = VendorEBANLIFNR,True,,926,927,43.19093851132686,1,1.0010799136069115,2,0.0010787486515642097,0.03625072212593872
"(2, 1, 9, 3, 1, 1, 3)",goods_receipt: ρ = type  │  invoice_receipt: ρ = CreditAmountBSEGWRBTR  │  material: ρ = type  │  payment: ρ = PaymentMethodZLSCH  │  purchase_order: ρ = PurchasingGroupEKKOEKGRP  │  purchase_requisition: ρ = PurchasingGroupEBANEKGRP  │  quotation: ρ = type,True,,924,927,43.19093851132686,1,1.0032467532467533,2,0.003236245954692518,0.03625072212593872
"(2, 1, 9, 3, 1, 2, 1)",goods_receipt: ρ = type  │  invoice_receipt: ρ = CreditAmountBSEGWRBTR  │  material: ρ = type  │  payment: ρ = PaymentMethodZLSCH  │  purchase_order: ρ = PurchasingGroupEKKOEKGRP  │  purchase_requisition: ρ = type  │  quotation: ρ = PurchasingGroupEBANEKGRP,True,,924,927,42.36785329018339,1,1.0032467532467533,2,0.003236245954692518,0.05461679183516266
"(2, 1, 9, 3, 2, 2, 3)",goods_receipt: ρ = type  │  invoice_receipt: ρ = CreditAmountBSEGWRBTR  │  material: ρ = type  │  payment: ρ = PaymentMethodZLSCH  │  purchase_order: ρ = VendorEKKOLIFNR  │  purchase_requisition: ρ = type  │  quotation: ρ = type,True,,926,927,43.19093851132686,1,1.0010799136069115,2,0.0010787486515642097,0.03625072212593872
"(2, 1, 9, 3, 3, 1, 1)",goods_receipt: ρ = type  │  invoice_receipt: ρ = CreditAmountBSEGWRBTR  │  material: ρ = type  │  payment: ρ = PaymentMethodZLSCH  │  purchase_order: ρ = type  │  purchase_requisition: ρ = PurchasingGroupEBANEKGRP  │  quotation: ρ = PurchasingGroupEBANEKGRP,True,,924,927,43.19093851132686,1,1.0032467532467533,2,0.003236245954692518,0.03625072212593872
"(2, 1, 9, 3, 3, 2, 2)",goods_receipt: ρ = type  │  invoice_receipt: ρ = CreditAmountBSEGWRBTR  │  material: ρ = type  │  payment: ρ = PaymentMethodZLSCH  │  purchase_order: ρ = type  │  purchase_requisition: ρ = type  │  quotation: ρ = VendorEBANLIFNR,True,,926,927,43.19093851132686,1,1.0010799136069115,2,0.0010787486515642097,0.03625072212593872
"(2, 1, 9, 4, 1, 1, 1)",goods_receipt: ρ = type  │  invoice_receipt: ρ = CreditAmountBSEGWRBTR  │  material: ρ = type  │  payment: ρ = type  │  purchase_order: ρ = PurchasingGroupEKKOEKGRP  │  purchase_requisition: ρ = PurchasingGroupEBANEKGRP  │  quotation: ρ = PurchasingGroupEBANEKGRP,True,,918,927,42.36785329018339,1,1.0098039215686274,2,0.009708737864077666,0.05461679183516266
"(2, 1, 9, 4, 2, 1, 3)",goods_receipt: ρ = type  │  invoice_receipt: ρ = CreditAmountBSEGWRBTR  │  material: ρ = type  │  payment: ρ = type  │  purchase_order: ρ = VendorEKKOLIFNR  │  purchase_requisition: ρ = PurchasingGroupEBANEKGRP  │  quotation: ρ = type,True,,926,927,43.19093851132686,1,1.0010799136069115,2,0.0010787486515642097,0.03625072212593872
"(2, 1, 9, 4, 1, 2, 2)",goods_receipt: ρ = type  │  invoice_receipt: ρ = CreditAmountBSEGWRBTR  │  material: ρ = type  │  payment: ρ = type  │  purchase_order: ρ = PurchasingGroupEKKOEKGRP  │  purchase_requisition: ρ = type  │  quotation: ρ = VendorEBANLIFNR,True,,926,927,43.19093851132686,1,1.0010799136069115,2,0.0010787486515642097,0.03625072212593872
"(2, 1, 9, 4, 2, 2, 1)",goods_receipt: ρ = type  │  invoice_receipt: ρ = CreditAmountBSEGWRBTR  │  material: ρ = type  │  payment: ρ = type  │  purchase_order: ρ = VendorEKKOLIFNR  │  purchase_requisition: ρ = type  │  quotation: ρ = PurchasingGroupEBANEKGRP,True,,926,927,43.19093851132686,1,1.0010799136069115,2,0.0010787486515642097,0.03625072212593872
"(2, 1, 9, 4, 3, 1, 2)",goods_receipt: ρ = type  │  invoice_receipt: ρ = CreditAmountBSEGWRBTR  │  material: ρ = type  │  payment: ρ = type  │  purchase_order: ρ = type  │  purchase_requisition: ρ = PurchasingGroupEBANEKGRP  │  quotation: ρ = VendorEBANLIFNR,True,,926,927,43.19093851132686,1,1.0010799136069115,2,0.0010787486515642097,0.03625072212593872
"(2, 2, 2, 2, 3, 2, 3)",goods_receipt: ρ = type  │  invoice_receipt: ρ = CreditAmountBSEGWRBTR_band  │  material: ρ = MaterialEKPOMATNR  │  payment: ρ = AmountDMBTR_band  │  purchase_order: ρ = type  │  purchase_requisition: ρ = type  │  quotation: ρ = type,True,,757,927,44.096008629989214,1,1.2245706737120212,36,0.18338727076591155,0.016055266705179982
"(2, 2, 2, 3, 3, 2, 3)",goods_receipt: ρ = type  │  invoice_receipt: ρ = CreditAmountBSEGWRBTR_band  │  material: ρ = MaterialEKPOMATNR  │  payment: ρ = PaymentMethodZLSCH  │  purchase_order: ρ = type  │  purchase_requisition: ρ = type  │  quotation: ρ = type,True,,818,927,44.353829557713055,1,1.1332518337408313,15,0.1175836030204962,0.010302330059695608
"(2, 2, 2, 4, 1, 2, 3)",goods_receipt: ρ = type  │  invoice_receipt: ρ = CreditAmountBSEGWRBTR_band  │  material: ρ = MaterialEKPOMATNR  │  payment: ρ = type  │  purchase_order: ρ = PurchasingGroupEKKOEKGRP  │  purchase_requisition: ρ = type  │  quotation: ρ = type,True,,776,927,44.353829557713055,1,1.1945876288659794,12,0.162891046386192,0.010302330059695608
"(2, 2, 2, 4, 3, 1, 3)",goods_receipt: ρ = type  │  invoice_receipt: ρ = CreditAmountBSEGWRBTR_band  │  material: ρ = MaterialEKPOMATNR  │  payment: ρ = type  │  purchase_order: ρ = type  │  purchase_requisition: ρ = PurchasingGroupEBANEKGRP  │  quotation: ρ = type,True,,776,927,44.353829557713055,1,1.1945876288659794,12,0.162891046386192,0.010302330059695608
"(2, 2, 2, 4, 3, 2, 1)",goods_receipt: ρ = type  │  invoice_receipt: ρ = CreditAmountBSEGWRBTR_band  │  material: ρ = MaterialEKPOMATNR  │  payment: ρ = type  │  purchase_order: ρ = type  │  purchase_requisition: ρ = type  │  quotation: ρ = PurchasingGroupEBANEKGRP,True,,776,927,44.353829557713055,1,1.1945876288659794,12,0.162891046386192,0.010302330059695608
"(2, 2, 3, 1, 3, 2, 3)",goods_receipt: ρ = type  │  invoice_receipt: ρ = CreditAmountBSEGWRBTR_band  │  material: ρ = NetPriceEKPONETPR  │  payment: ρ = AmountDMBTR  │  purchase_order: ρ = type  │  purchase_requisition: ρ = type  │  quotation: ρ = type,True,,917,927,44.13484358144552,1,1.0109051254089423,2,0.010787486515641875,0.015188715578663525
"(2, 2, 3, 2, 1, 2, 3)",goods_receipt: ρ = type  │  invoice_receipt: ρ = CreditAmountBSEGWRBTR_band  │  material: ρ = NetPriceEKPONETPR  │  payment: ρ = AmountDMBTR_band  │  purchase_order: ρ = PurchasingGroupEKKOEKGRP  │  purchase_requisition: ρ = type  │  quotation: ρ = type,True,,739,927,43.87702265372168,1,1.2543978349120433,12,0.20280474649406688,0.0209416522241479
"(2, 2, 3, 2, 3, 1, 3)",goods_receipt: ρ = type  │  invoice_receipt: ρ = CreditAmountBSEGWRBTR_band  │  material: ρ = NetPriceEKPONETPR  │  payment: ρ = AmountDMBTR_band  │  purchase_order: ρ = type  │  purchase_requisition: ρ = PurchasingGroupEBANEKGRP  │  quotation: ρ = type,True,,739,927,43.87702265372168,1,1.2543978349120433,12,0.20280474649406688,0.0209416522241479
"(2, 2, 3, 2, 3, 2, 1)",goods_receipt: ρ = type  │  invoice_receipt: ρ = CreditAmountBSEGWRBTR_band  │  material: ρ = NetPriceEKPONETPR  │  payment: ρ = AmountDMBTR_band  │  purchase_order: ρ = type  │  purchase_requisition: ρ = type  │  quotation: ρ = PurchasingGroupEBANEKGRP,True,,739,927,43.87702265372168,1,1.2543978349120433,12,0.20280474649406688,0.0209416522241479
"(2, 2, 3, 3, 1, 2, 3)",goods_receipt: ρ = type  │  invoice_receipt: ρ = CreditAmountBSEGWRBTR_band  │  material: ρ = NetPriceEKPONETPR  │  payment: ρ = PaymentMethodZLSCH  │  purchase_order: ρ = PurchasingGroupEKKOEKGRP  │  purchase_requisition: ρ = type  │  quotation: ρ = type,True,,806,927,44.13484358144552,1,1.150124069478908,6,0.1305285868392665,0.015188715578663525
"(2, 2, 3, 3, 3, 1, 3)",goods_receipt: ρ = type  │  invoice_receipt: ρ = CreditAmountBSEGWRBTR_band  │  material: ρ = NetPriceEKPONETPR  │  payment: ρ = PaymentMethodZLSCH  │  purchase_order: ρ = type  │  purchase_requisition: ρ = PurchasingGroupEBANEKGRP  │  quotation: ρ = type,True,,806,927,44.13484358144552,1,1.150124069478908,6,0.1305285868392665,0.015188715578663525
"(2, 2, 3, 3, 3, 2, 1)",goods_receipt: ρ = type  │  invoice_receipt: ρ = CreditAmountBSEGWRBTR_band  │  material: ρ = NetPriceEKPONETPR  │  payment: ρ = PaymentMethodZLSCH  │  purchase_order: ρ = type  │  purchase_requisition: ρ = type  │  quotation: ρ = PurchasingGroupEBANEKGRP,True,,806,927,44.13484358144552,1,1.150124069478908,6,0.1305285868392665,0.015188715578663525
"(2, 2, 3, 4, 1, 1, 3)",goods_receipt: ρ = type  │  invoice_receipt: ρ = CreditAmountBSEGWRBTR_band  │  material: ρ = NetPriceEKPONETPR  │  payment: ρ = type  │  purchase_order: ρ = PurchasingGroupEKKOEKGRP  │  purchase_requisition: ρ = PurchasingGroupEBANEKGRP  │  quotation: ρ = type,True,,736,927,44.13484358144552,1,1.2595108695652173,12,0.2060409924487594,0.015188715578663525
"(2, 2, 3, 4, 1, 2, 1)",goods_receipt: ρ = type  │  invoice_receipt: ρ = CreditAmountBSEGWRBTR_band  │  material: ρ = NetPriceEKPONETPR  │  payment: ρ = type  │  purchase_order: ρ = PurchasingGroupEKKOEKGRP  │  purchase_requisition: ρ = type  │  quotation: ρ = PurchasingGroupEBANEKGRP,True,,736,927,43.31175836030205,1,1.2595108695652173,12,0.2060409924487594,0.03355478528788747
"(2, 2, 3, 4, 2, 2, 3)",goods_receipt: ρ = type  │  invoice_receipt: ρ = CreditAmountBSEGWRBTR_band  │  material: ρ = NetPriceEKPONETPR  │  payment: ρ = type  │  purchase_order: ρ = VendorEKKOLIFNR  │  purchase_requisition: ρ = type  │  quotation: ρ = type,True,,877,927,44.13484358144552,1,1.057012542759407,5,0.053937432578209266,0.015188715578663525
"(2, 2, 3, 4, 3, 1, 1)",goods_receipt: ρ = type  │  invoice_receipt: ρ = CreditAmountBSEGWRBTR_band  │  material: ρ = NetPriceEKPONETPR  │  payment: ρ = type  │  purchase_order: ρ = type  │  purchase_requisition: ρ = PurchasingGroupEBANEKGRP  │  quotation: ρ = PurchasingGroupEBANEKGRP,True,,736,927,44.13484358144552,1,1.2595108695652173,12,0.2060409924487594,0.015188715578663525
"(2, 2, 3, 4, 3, 2, 2)",goods_receipt: ρ = type  │  invoice_receipt: ρ = CreditAmountBSEGWRBTR_band  │  material: ρ = NetPriceEKPONETPR  │  payment: ρ = type  │  purchase_order: ρ = type  │  purchase_requisition: ρ = type  │  quotation: ρ = VendorEBANLIFNR,True,,877,927,44.13484358144552,1,1.057012542759407,5,0.053937432578209266,0.015188715578663525
"(2, 2, 4, 1, 1, 2, 3)",goods_receipt: ρ = type  │  invoice_receipt: ρ = CreditAmountBSEGWRBTR_band  │  material: ρ = NetPriceEKPONETPR_band  │  payment: ρ = AmountDMBTR  │  purchase_order: ρ = PurchasingGroupEKKOEKGRP  │  purchase_requisition: ρ = type  │  quotation: ρ = type,True,,918,927,43.34519956850054,1,1.0098039215686274,2,0.009708737864077666,0.0328085884844983
"(2, 2, 4, 1, 3, 1, 3)",goods_receipt: ρ = type  │  invoice_receipt: ρ = CreditAmountBSEGWRBTR_band  │  material: ρ = NetPriceEKPONETPR_band  │  payment: ρ = AmountDMBTR  │  purchase_order: ρ = type  │  purchase_requisition: ρ = PurchasingGroupEBANEKGRP  │  quotation: ρ = type,True,,918,927,43.34519956850054,1,1.0098039215686274,2,0.009708737864077666,0.0328085884844983
"(2, 2, 4, 1, 3, 2, 1)",goods_receipt: ρ = type  │  invoice_receipt: ρ = CreditAmountBSEGWRBTR_band  │  material: ρ = NetPriceEKPONETPR_band  │  payment: ρ = AmountDMBTR  │  purchase_order: ρ = type  │  purchase_requisition: ρ = type  │  quotation: ρ = PurchasingGroupEBANEKGRP,True,,918,927,43.34519956850054,1,1.0098039215686274,2,0.009708737864077666,0.0328085884844983
"(2, 2, 4, 2, 1, 1, 3)",goods_receipt: ρ = type  │  invoice_receipt: ρ = CreditAmountBSEGWRBTR_band  │  material: ρ = NetPriceEKPONETPR_band  │  payment: ρ = AmountDMBTR_band  │  purchase_order: ρ = PurchasingGroupEKKOEKGRP  │  purchase_requisition: ρ = PurchasingGroupEBANEKGRP  │  quotation: ρ = type,True,,633,927,43.0873786407767,1,1.4644549763033174,29,0.31715210355987056,0.03856152512998268
"(2, 2, 4, 2, 1, 2, 1)",goods_receipt: ρ = type  │  invoice_receipt: ρ = CreditAmountBSEGWRBTR_band  │  material: ρ = NetPriceEKPONETPR_band  │  payment: ρ = AmountDMBTR_band  │  purchase_order: ρ = PurchasingGroupEKKOEKGRP  │  purchase_requisition: ρ = type  │  quotation: ρ = PurchasingGroupEBANEKGRP,True,,633,927,42.264293419633226,1,1.4644549763033174,29,0.31715210355987056,0.05692759483920651
"(2, 2, 4, 2, 2, 2, 3)",goods_receipt: ρ = type  │  invoice_receipt: ρ = CreditAmountBSEGWRBTR_band  │  material: ρ = NetPriceEKPONETPR_band  │  payment: ρ = AmountDMBTR_band  │  purchase_order: ρ = VendorEKKOLIFNR  │  purchase_requisition: ρ = type  │  quotation: ρ = type,True,,805,927,43.0873786407767,1,1.151552795031056,7,0.1316073354908306,0.03856152512998268
"(2, 2, 4, 2, 3, 1, 1)",goods_receipt: ρ = type  │  invoice_receipt: ρ = CreditAmountBSEGWRBTR_band  │  material: ρ = NetPriceEKPONETPR_band  │  payment: ρ = AmountDMBTR_band  │  purchase_order: ρ = type  │  purchase_requisition: ρ = PurchasingGroupEBANEKGRP  │  quotation: ρ = PurchasingGroupEBANEKGRP,True,,633,927,43.0873786407767,1,1.4644549763033174,29,0.31715210355987056,0.03856152512998268
"(2, 2, 4, 2, 3, 2, 2)",goods_receipt: ρ = type  │  invoice_receipt: ρ = CreditAmountBSEGWRBTR_band  │  material: ρ = NetPriceEKPONETPR_band  │  payment: ρ = AmountDMBTR_band  │  purchase_order: ρ = type  │  purchase_requisition: ρ = type  │  quotation: ρ = VendorEBANLIFNR,True,,805,927,43.0873786407767,1,1.151552795031056,7,0.1316073354908306,0.03856152512998268
"(2, 2, 4, 3, 1, 1, 3)",goods_receipt: ρ = type  │  invoice_receipt: ρ = CreditAmountBSEGWRBTR_band  │  material: ρ = NetPriceEKPONETPR_band  │  payment: ρ = PaymentMethodZLSCH  │  purchase_order: ρ = PurchasingGroupEKKOEKGRP  │  purchase_requisition: ρ = PurchasingGroupEBANEKGRP  │  quotation: ρ = type,True,,709,927,43.34519956850054,1,1.307475317348378,13,0.2351672060409924,0.0328085884844983
"(2, 2, 4, 3, 1, 2, 1)",goods_receipt: ρ = type  │  invoice_receipt: ρ = CreditAmountBSEGWRBTR_band  │  material: ρ = NetPriceEKPONETPR_band  │  payment: ρ = PaymentMethodZLSCH  │  purchase_order: ρ = PurchasingGroupEKKOEKGRP  │  purchase_requisition: ρ = type  │  quotation: ρ = PurchasingGroupEBANEKGRP,True,,709,927,42.52211434735707,1,1.307475317348378,13,0.2351672060409924,0.051174658193722244
"(2, 2, 4, 3, 2, 2, 3)",goods_receipt: ρ = type  │  invoice_receipt: ρ = CreditAmountBSEGWRBTR_band  │  material: ρ = NetPriceEKPONETPR_band  │  payment: ρ = PaymentMethodZLSCH  │  purchase_order: ρ = VendorEKKOLIFNR  │  purchase_requisition: ρ = type  │  quotation: ρ = type,True,,874,927,43.34519956850054,1,1.0606407322654463,4,0.057173678532901784,0.0328085884844983
"(2, 2, 4, 3, 3, 1, 1)",goods_receipt: ρ = type  │  invoice_receipt: ρ = CreditAmountBSEGWRBTR_band  │  material: ρ = NetPriceEKPONETPR_band  │  payment: ρ = PaymentMethodZLSCH  │  purchase_order: ρ = type  │  purchase_requisition: ρ = PurchasingGroupEBANEKGRP  │  quotation: ρ = PurchasingGroupEBANEKGRP,True,,709,927,43.34519956850054,1,1.307475317348378,13,0.2351672060409924,0.0328085884844983
"(2, 2, 4, 3, 3, 2, 2)",goods_receipt: ρ = type  │  invoice_receipt: ρ = CreditAmountBSEGWRBTR_band  │  material: ρ = NetPriceEKPONETPR_band  │  payment: ρ = PaymentMethodZLSCH  │  purchase_order: ρ = type  │  purchase_requisition: ρ = type  │  quotation: ρ = VendorEBANLIFNR,True,,874,927,43.34519956850054,1,1.0606407322654463,4,0.057173678532901784,0.0328085884844983
"(2, 2, 4, 4, 1, 1, 1)",goods_receipt: ρ = type  │  invoice_receipt: ρ = CreditAmountBSEGWRBTR_band  │  material: ρ = NetPriceEKPONETPR_band  │  payment: ρ = type  │  purchase_order: ρ = PurchasingGroupEKKOEKGRP  │  purchase_requisition: ρ = PurchasingGroupEBANEKGRP  │  quotation: ρ = PurchasingGroupEBANEKGRP,True,,630,927,42.52211434735707,1,1.4714285714285715,29,0.3203883495145631,0.051174658193722244
"(2, 2, 4, 4, 2, 1, 3)",goods_receipt: ρ = type  │  invoice_receipt: ρ = CreditAmountBSEGWRBTR_band  │  material: ρ = NetPriceEKPONETPR_band  │  payment: ρ = type  │  purchase_order: ρ = VendorEKKOLIFNR  │  purchase_requisition: ρ = PurchasingGroupEBANEKGRP  │  quotation: ρ = type,True,,803,927,43.34519956850054,1,1.1544209215442092,7,0.133764832793959,0.0328085884844983
"(2, 2, 4, 4, 1, 2, 2)",goods_receipt: ρ = type  │  invoice_receipt: ρ = CreditAmountBSEGWRBTR_band  │  material: ρ = NetPriceEKPONETPR_band  │  payment: ρ = type  │  purchase_order: ρ = PurchasingGroupEKKOEKGRP  │  purchase_requisition: ρ = type  │  quotation: ρ = VendorEBANLIFNR,True,,803,927,43.34519956850054,1,1.1544209215442092,7,0.133764832793959,0.0328085884844983
"(2, 2, 4, 4, 2, 2, 1)",goods_receipt: ρ = type  │  invoice_receipt: ρ = CreditAmountBSEGWRBTR_band  │  material: ρ = NetPriceEKPONETPR_band  │  payment: ρ = type  │  purchase_order: ρ = VendorEKKOLIFNR  │  purchase_requisition: ρ = type  │  quotation: ρ = PurchasingGroupEBANEKGRP,True,,803,927,43.34519956850054,1,1.1544209215442092,7,0.133764832793959,0.0328085884844983
"(2, 2, 4, 4, 3, 1, 2)",goods_receipt: ρ = type  │  invoice_receipt: ρ = CreditAmountBSEGWRBTR_band  │  material: ρ = NetPriceEKPONETPR_band  │  payment: ρ = type  │  purchase_order: ρ = type  │  purchase_requisition: ρ = PurchasingGroupEBANEKGRP  │  quotation: ρ = VendorEBANLIFNR,True,,803,927,43.34519956850054,1,1.1544209215442092,7,0.133764832793959,0.0328085884844983
"(2, 2, 0, 2, 3, 2, 3)",goods_receipt: ρ = type  │  invoice_receipt: ρ = CreditAmountBSEGWRBTR_band  │  material: ρ = id  │  payment: ρ = AmountDMBTR_band  │  purchase_order: ρ = type  │  purchase_requisition: ρ = type  │  quotation: ρ = type,True,,851,927,44.096008629989214,1,1.0893066980023502,36,0.08198489751887805,0.016055266705179982
"(2, 2, 0, 3, 3, 2, 3)",goods_receipt: ρ = type  │  invoice_receipt: ρ = CreditAmountBSEGWRBTR_band  │  material: ρ = id  │  payment: ρ = PaymentMethodZLSCH  │  purchase_order: ρ = type  │  purchase_requisition: ρ = type  │  quotation: ρ = type,True,,865,927,44.353829557713055,1,1.0716763005780348,15,0.06688241639697945,0.010302330059695608
"(2, 2, 0, 4, 1, 2, 3)",goods_receipt: ρ = type  │  invoice_receipt: ρ = CreditAmountBSEGWRBTR_band  │  material: ρ = id  │  payment: ρ = type  │  purchase_order: ρ = PurchasingGroupEKKOEKGRP  │  purchase_requisition: ρ = type  │  quotation: ρ = type,True,,870,927,44.353829557713055,1,1.0655172413793104,12,0.06148867313915862,0.010302330059695608
"(2, 2, 0, 4, 3, 1, 3)",goods_receipt: ρ = type  │  invoice_receipt: ρ = CreditAmountBSEGWRBTR_band  │  material: ρ = id  │  payment: ρ = type  │  purchase_order: ρ = type  │  purchase_requisition: ρ = PurchasingGroupEBANEKGRP  │  quotation: ρ = type,True,,870,927,44.353829557713055,1,1.0655172413793104,12,0.06148867313915862,0.010302330059695608
"(2, 2, 0, 4, 3, 2, 1)",goods_receipt: ρ = type  │  invoice_receipt: ρ = CreditAmountBSEGWRBTR_band  │  material: ρ = id  │  payment: ρ = type  │  purchase_order: ρ = type  │  purchase_requisition: ρ = type  │  quotation: ρ = PurchasingGroupEBANEKGRP,True,,870,927,44.353829557713055,1,1.0655172413793104,12,0.06148867313915862,0.010302330059695608
"(2, 2, 1, 1, 3, 2, 3)",goods_receipt: ρ = type  │  invoice_receipt: ρ = CreditAmountBSEGWRBTR_band  │  material: ρ = DeliveryDateEKPOBEDAT  │  payment: ρ = AmountDMBTR  │  purchase_order: ρ = type  │  purchase_requisition: ρ = type  │  quotation: ρ = type,True,,925,927,44.353829557713055,1,1.0021621621621621,2,0.0021574973031284195,0.010302330059695608
"(2, 2, 1, 2, 1, 2, 3)",goods_receipt: ρ = type  │  invoice_receipt: ρ = CreditAmountBSEGWRBTR_band  │  material: ρ = DeliveryDateEKPOBEDAT  │  payment: ρ = AmountDMBTR_band  │  purchase_order: ρ = PurchasingGroupEKKOEKGRP  │  purchase_requisition: ρ = type  │  quotation: ρ = type,True,,872,927,44.096008629989214,1,1.063073394495413,12,0.0593311758360302,0.016055266705179982
"(2, 2, 1, 2, 3, 1, 3)",goods_receipt: ρ = type  │  invoice_receipt: ρ = CreditAmountBSEGWRBTR_band  │  material: ρ = DeliveryDateEKPOBEDAT  │  payment: ρ = AmountDMBTR_band  │  purchase_order: ρ = type  │  purchase_requisition: ρ = PurchasingGroupEBANEKGRP  │  quotation: ρ = type,True,,872,927,44.096008629989214,1,1.063073394495413,12,0.0593311758360302,0.016055266705179982
"(2, 2, 1, 2, 3, 2, 1)",goods_receipt: ρ = type  │  invoice_receipt: ρ = CreditAmountBSEGWRBTR_band  │  material: ρ = DeliveryDateEKPOBEDAT  │  payment: ρ = AmountDMBTR_band  │  purchase_order: ρ = type  │  purchase_requisition: ρ = type  │  quotation: ρ = PurchasingGroupEBANEKGRP,True,,872,927,44.096008629989214,1,1.063073394495413,12,0.0593311758360302,0.016055266705179982
"(2, 2, 1, 3, 1, 2, 3)",goods_receipt: ρ = type  │  invoice_receipt: ρ = CreditAmountBSEGWRBTR_band  │  material: ρ = DeliveryDateEKPOBEDAT  │  payment: ρ = PaymentMethodZLSCH  │  purchase_order: ρ = PurchasingGroupEKKOEKGRP  │  purchase_requisition: ρ = type  │  quotation: ρ = type,True,,888,927,44.353829557713055,1,1.0439189189189189,6,0.04207119741100329,0.010302330059695608
"(2, 2, 1, 3, 3, 1, 3)",goods_receipt: ρ = type  │  invoice_receipt: ρ = CreditAmountBSEGWRBTR_band  │  material: ρ = DeliveryDateEKPOBEDAT  │  payment: ρ = PaymentMethodZLSCH  │  purchase_order: ρ = type  │  purchase_requisition: ρ = PurchasingGroupEBANEKGRP  │  quotation: ρ = type,True,,888,927,44.353829557713055,1,1.0439189189189189,6,0.04207119741100329,0.010302330059695608
"(2, 2, 1, 3, 3, 2, 1)",goods_receipt: ρ = type  │  invoice_receipt: ρ = CreditAmountBSEGWRBTR_band  │  material: ρ = DeliveryDateEKPOBEDAT  │  payment: ρ = PaymentMethodZLSCH  │  purchase_order: ρ = type  │  purchase_requisition: ρ = type  │  quotation: ρ = PurchasingGroupEBANEKGRP,True,,888,927,44.353829557713055,1,1.0439189189189189,6,0.04207119741100329,0.010302330059695608
"(2, 2, 1, 4, 1, 1, 3)",goods_receipt: ρ = type  │  invoice_receipt: ρ = CreditAmountBSEGWRBTR_band  │  material: ρ = DeliveryDateEKPOBEDAT  │  payment: ρ = type  │  purchase_order: ρ = PurchasingGroupEKKOEKGRP  │  purchase_requisition: ρ = PurchasingGroupEBANEKGRP  │  quotation: ρ = type,True,,870,927,44.353829557713055,1,1.0655172413793104,12,0.06148867313915862,0.010302330059695608
"(2, 2, 1, 4, 1, 2, 1)",goods_receipt: ρ = type  │  invoice_receipt: ρ = CreditAmountBSEGWRBTR_band  │  material: ρ = DeliveryDateEKPOBEDAT  │  payment: ρ = type  │  purchase_order: ρ = PurchasingGroupEKKOEKGRP  │  purchase_requisition: ρ = type  │  quotation: ρ = PurchasingGroupEBANEKGRP,True,,870,927,43.530744336569576,1,1.0655172413793104,12,0.06148867313915862,0.028668399768919772
"(2, 2, 1, 4, 2, 2, 3)",goods_receipt: ρ = type  │  invoice_receipt: ρ = CreditAmountBSEGWRBTR_band  │  material: ρ = DeliveryDateEKPOBEDAT  │  payment: ρ = type  │  purchase_order: ρ = VendorEKKOLIFNR  │  purchase_requisition: ρ = type  │  quotation: ρ = type,True,,912,927,44.353829557713055,1,1.0164473684210527,3,0.016181229773462813,0.010302330059695608
"(2, 2, 1, 4, 3, 1, 1)",goods_receipt: ρ = type  │  invoice_receipt: ρ = CreditAmountBSEGWRBTR_band  │  material: ρ = DeliveryDateEKPOBEDAT  │  payment: ρ = type  │  purchase_order: ρ = type  │  purchase_requisition: ρ = PurchasingGroupEBANEKGRP  │  quotation: ρ = PurchasingGroupEBANEKGRP,True,,870,927,44.353829557713055,1,1.0655172413793104,12,0.06148867313915862,0.010302330059695608
"(2, 2, 1, 4, 3, 2, 2)",goods_receipt: ρ = type  │  invoice_receipt: ρ = CreditAmountBSEGWRBTR_band  │  material: ρ = DeliveryDateEKPOBEDAT  │  payment: ρ = type  │  purchase_order: ρ = type  │  purchase_requisition: ρ = type  │  quotation: ρ = VendorEBANLIFNR,True,,912,927,44.353829557713055,1,1.0164473684210527,3,0.016181229773462813,0.010302330059695608
"(2, 2, 5, 1, 1, 2, 3)",goods_receipt: ρ = type  │  invoice_receipt: ρ = CreditAmountBSEGWRBTR_band  │  material: ρ = PlantEKPOWERKS  │  payment: ρ = AmountDMBTR  │  purchase_order: ρ = PurchasingGroupEKKOEKGRP  │  purchase_requisition: ρ = type  │  quotation: ρ = type,True,,926,927,44.01294498381877,1,1.0010799136069115,2,0.0010787486515642097,0.01790872328134019
"(2, 2, 5, 1, 3, 1, 3)",goods_receipt: ρ = type  │  invoice_receipt: ρ = CreditAmountBSEGWRBTR_band  │  material: ρ = PlantEKPOWERKS  │  payment: ρ = AmountDMBTR  │  purchase_order: ρ = type  │  purchase_requisition: ρ = PurchasingGroupEBANEKGRP  │  quotation: ρ = type,True,,926,927,44.01294498381877,1,1.0010799136069115,2,0.0010787486515642097,0.01790872328134019
"(2, 2, 5, 1, 3, 2, 1)",goods_receipt: ρ = type  │  invoice_receipt: ρ = CreditAmountBSEGWRBTR_band  │  material: ρ = PlantEKPOWERKS  │  payment: ρ = AmountDMBTR  │  purchase_order: ρ = type  │  purchase_requisition: ρ = type  │  quotation: ρ = PurchasingGroupEBANEKGRP,True,,926,927,44.01294498381877,1,1.0010799136069115,2,0.0010787486515642097,0.01790872328134019
"(2, 2, 5, 2, 1, 1, 3)",goods_receipt: ρ = type  │  invoice_receipt: ρ = CreditAmountBSEGWRBTR_band  │  material: ρ = PlantEKPOWERKS  │  payment: ρ = AmountDMBTR_band  │  purchase_order: ρ = PurchasingGroupEKKOEKGRP  │  purchase_requisition: ρ = PurchasingGroupEBANEKGRP  │  quotation: ρ = type,True,,744,927,43.75512405609493,1,1.2459677419354838,12,0.19741100323624594,0.023661659926824563
"(2, 2, 5, 2, 1, 2, 1)",goods_receipt: ρ = type  │  invoice_receipt: ρ = CreditAmountBSEGWRBTR_band  │  material: ρ = PlantEKPOWERKS  │  payment: ρ = AmountDMBTR_band  │  purchase_order: ρ = PurchasingGroupEKKOEKGRP  │  purchase_requisition: ρ = type  │  quotation: ρ = PurchasingGroupEBANEKGRP,True,,744,927,42.932038834951456,1,1.2459677419354838,12,0.19741100323624594,0.042027729636048505
"(2, 2, 5, 2, 2, 2, 3)",goods_receipt: ρ = type  │  invoice_receipt: ρ = CreditAmountBSEGWRBTR_band  │  material: ρ = PlantEKPOWERKS  │  payment: ρ = AmountDMBTR_band  │  purchase_order: ρ = VendorEKKOLIFNR  │  purchase_requisition: ρ = type  │  quotation: ρ = type,True,,883,927,43.75512405609493,1,1.0498301245753114,4,0.04746494066882412,0.023661659926824563
"(2, 2, 5, 2, 3, 1, 1)",goods_receipt: ρ = type  │  invoice_receipt: ρ = CreditAmountBSEGWRBTR_band  │  material: ρ = PlantEKPOWERKS  │  payment: ρ = AmountDMBTR_band  │  purchase_order: ρ = type  │  purchase_requisition: ρ = PurchasingGroupEBANEKGRP  │  quotation: ρ = PurchasingGroupEBANEKGRP,True,,744,927,43.75512405609493,1,1.2459677419354838,12,0.19741100323624594,0.023661659926824563
"(2, 2, 5, 2, 3, 2, 2)",goods_receipt: ρ = type  │  invoice_receipt: ρ = CreditAmountBSEGWRBTR_band  │  material: ρ = PlantEKPOWERKS  │  payment: ρ = AmountDMBTR_band  │  purchase_order: ρ = type  │  purchase_requisition: ρ = type  │  quotation: ρ = VendorEBANLIFNR,True,,883,927,43.75512405609493,1,1.0498301245753114,4,0.04746494066882412,0.023661659926824563
"(2, 2, 5, 3, 1, 1, 3)",goods_receipt: ρ = type  │  invoice_receipt: ρ = CreditAmountBSEGWRBTR_band  │  material: ρ = PlantEKPOWERKS  │  payment: ρ = PaymentMethodZLSCH  │  purchase_order: ρ = PurchasingGroupEKKOEKGRP  │  purchase_requisition: ρ = PurchasingGroupEBANEKGRP  │  quotation: ρ = type,True,,807,927,44.01294498381877,1,1.1486988847583643,6,0.12944983818770228,0.01790872328134019
"(2, 2, 5, 3, 1, 2, 1)",goods_receipt: ρ = type  │  invoice_receipt: ρ = CreditAmountBSEGWRBTR_band  │  material: ρ = PlantEKPOWERKS  │  payment: ρ = PaymentMethodZLSCH  │  purchase_order: ρ = PurchasingGroupEKKOEKGRP  │  purchase_requisition: ρ = type  │  quotation: ρ = PurchasingGroupEBANEKGRP,True,,807,927,43.1898597626753,1,1.1486988847583643,6,0.12944983818770228,0.03627479299056413
"(2, 2, 5, 3, 2, 2, 3)",goods_receipt: ρ = type  │  invoice_receipt: ρ = CreditAmountBSEGWRBTR_band  │  material: ρ = PlantEKPOWERKS  │  payment: ρ = PaymentMethodZLSCH  │  purchase_order: ρ = VendorEKKOLIFNR  │  purchase_requisition: ρ = type  │  quotation: ρ = type,True,,911,927,44.01294498381877,1,1.017563117453348,2,0.017259978425027023,0.01790872328134019
"(2, 2, 5, 3, 3, 1, 1)",goods_receipt: ρ = type  │  invoice_receipt: ρ = CreditAmountBSEGWRBTR_band  │  material: ρ = PlantEKPOWERKS  │  payment: ρ = PaymentMethodZLSCH  │  purchase_order: ρ = type  │  purchase_requisition: ρ = PurchasingGroupEBANEKGRP  │  quotation: ρ = PurchasingGroupEBANEKGRP,True,,807,927,44.01294498381877,1,1.1486988847583643,6,0.12944983818770228,0.01790872328134019
"(2, 2, 5, 3, 3, 2, 2)",goods_receipt: ρ = type  │  invoice_receipt: ρ = CreditAmountBSEGWRBTR_band  │  material: ρ = PlantEKPOWERKS  │  payment: ρ = PaymentMethodZLSCH  │  purchase_order: ρ = type  │  purchase_requisition: ρ = type  │  quotation: ρ = VendorEBANLIFNR,True,,911,927,44.01294498381877,1,1.017563117453348,2,0.017259978425027023,0.01790872328134019
"(2, 2, 5, 4, 1, 1, 1)",goods_receipt: ρ = type  │  invoice_receipt: ρ = CreditAmountBSEGWRBTR_band  │  material: ρ = PlantEKPOWERKS  │  payment: ρ = type  │  purchase_order: ρ = PurchasingGroupEKKOEKGRP  │  purchase_requisition: ρ = PurchasingGroupEBANEKGRP  │  quotation: ρ = PurchasingGroupEBANEKGRP,True,,741,927,43.1898597626753,1,1.2510121457489878,12,0.20064724919093846,0.03627479299056413
"(2, 2, 5, 4, 2, 1, 3)",goods_receipt: ρ = type  │  invoice_receipt: ρ = CreditAmountBSEGWRBTR_band  │  material: ρ = PlantEKPOWERKS  │  payment: ρ = type  │  purchase_order: ρ = VendorEKKOLIFNR  │  purchase_requisition: ρ = PurchasingGroupEBANEKGRP  │  quotation: ρ = type,True,,882,927,44.01294498381877,1,1.0510204081632653,4,0.04854368932038833,0.01790872328134019
"(2, 2, 5, 4, 1, 2, 2)",goods_receipt: ρ = type  │  invoice_receipt: ρ = CreditAmountBSEGWRBTR_band  │  material: ρ = PlantEKPOWERKS  │  payment: ρ = type  │  purchase_order: ρ = PurchasingGroupEKKOEKGRP  │  purchase_requisition: ρ = type  │  quotation: ρ = VendorEBANLIFNR,True,,882,927,44.01294498381877,1,1.0510204081632653,4,0.04854368932038833,0.01790872328134019
"(2, 2, 5, 4, 2, 2, 1)",goods_receipt: ρ = type  │  invoice_receipt: ρ = CreditAmountBSEGWRBTR_band  │  material: ρ = PlantEKPOWERKS  │  payment: ρ = type  │  purchase_order: ρ = VendorEKKOLIFNR  │  purchase_requisition: ρ = type  │  quotation: ρ = PurchasingGroupEBANEKGRP,True,,882,927,44.01294498381877,1,1.0510204081632653,4,0.04854368932038833,0.01790872328134019
"(2, 2, 5, 4, 3, 1, 2)",goods_receipt: ρ = type  │  invoice_receipt: ρ = CreditAmountBSEGWRBTR_band  │  material: ρ = PlantEKPOWERKS  │  payment: ρ = type  │  purchase_order: ρ = type  │  purchase_requisition: ρ = PurchasingGroupEBANEKGRP  │  quotation: ρ = VendorEBANLIFNR,True,,882,927,44.01294498381877,1,1.0510204081632653,4,0.04854368932038833,0.01790872328134019
"(2, 2, 6, 1, 3, 2, 3)",goods_receipt: ρ = type  │  invoice_receipt: ρ = CreditAmountBSEGWRBTR_band  │  material: ρ = QuantityEKPOMENGE  │  payment: ρ = AmountDMBTR  │  purchase_order: ρ = type  │  purchase_requisition: ρ = type  │  quotation: ρ = type,True,,917,927,44.33009708737864,1,1.0109051254089423,2,0.010787486515641875,0.010831889081455826
"(2, 2, 6, 2, 1, 2, 3)",goods_receipt: ρ = type  │  invoice_receipt: ρ = CreditAmountBSEGWRBTR_band  │  material: ρ = QuantityEKPOMENGE  │  payment: ρ = AmountDMBTR_band  │  purchase_order: ρ = PurchasingGroupEKKOEKGRP  │  purchase_requisition: ρ = type  │  quotation: ρ = type,True,,853,927,44.0722761596548,1,1.0867526377491208,12,0.07982740021574974,0.01658482572694009
"(2, 2, 6, 2, 3, 1, 3)",goods_receipt: ρ = type  │  invoice_receipt: ρ = CreditAmountBSEGWRBTR_band  │  material: ρ = QuantityEKPOMENGE  │  payment: ρ = AmountDMBTR_band  │  purchase_order: ρ = type  │  purchase_requisition: ρ = PurchasingGroupEBANEKGRP  │  quotation: ρ = type,True,,853,927,44.0722761596548,1,1.0867526377491208,12,0.07982740021574974,0.01658482572694009
"(2, 2, 6, 2, 3, 2, 1)",goods_receipt: ρ = type  │  invoice_receipt: ρ = CreditAmountBSEGWRBTR_band  │  material: ρ = QuantityEKPOMENGE  │  payment: ρ = AmountDMBTR_band  │  purchase_order: ρ = type  │  purchase_requisition: ρ = type  │  quotation: ρ = PurchasingGroupEBANEKGRP,True,,853,927,44.0722761596548,1,1.0867526377491208,12,0.07982740021574974,0.01658482572694009
"(2, 2, 6, 3, 1, 2, 3)",goods_receipt: ρ = type  │  invoice_receipt: ρ = CreditAmountBSEGWRBTR_band  │  material: ρ = QuantityEKPOMENGE  │  payment: ρ = PaymentMethodZLSCH  │  purchase_order: ρ = PurchasingGroupEKKOEKGRP  │  purchase_requisition: ρ = type  │  quotation: ρ = type,True,,882,927,44.33009708737864,1,1.0510204081632653,6,0.04854368932038833,0.010831889081455826
"(2, 2, 6, 3, 3, 1, 3)",goods_receipt: ρ = type  │  invoice_receipt: ρ = CreditAmountBSEGWRBTR_band  │  material: ρ = QuantityEKPOMENGE  │  payment: ρ = PaymentMethodZLSCH  │  purchase_order: ρ = type  │  purchase_requisition: ρ = PurchasingGroupEBANEKGRP  │  quotation: ρ = type,True,,882,927,44.33009708737864,1,1.0510204081632653,6,0.04854368932038833,0.010831889081455826
"(2, 2, 6, 3, 3, 2, 1)",goods_receipt: ρ = type  │  invoice_receipt: ρ = CreditAmountBSEGWRBTR_band  │  material: ρ = QuantityEKPOMENGE  │  payment: ρ = PaymentMethodZLSCH  │  purchase_order: ρ = type  │  purchase_requisition: ρ = type  │  quotation: ρ = PurchasingGroupEBANEKGRP,True,,882,927,44.33009708737864,1,1.0510204081632653,6,0.04854368932038833,0.010831889081455826
"(2, 2, 6, 4, 1, 1, 3)",goods_receipt: ρ = type  │  invoice_receipt: ρ = CreditAmountBSEGWRBTR_band  │  material: ρ = QuantityEKPOMENGE  │  payment: ρ = type  │  purchase_order: ρ = PurchasingGroupEKKOEKGRP  │  purchase_requisition: ρ = PurchasingGroupEBANEKGRP  │  quotation: ρ = type,True,,851,927,44.33009708737864,1,1.0893066980023502,12,0.08198489751887805,0.010831889081455826
"(2, 2, 6, 4, 1, 2, 1)",goods_receipt: ρ = type  │  invoice_receipt: ρ = CreditAmountBSEGWRBTR_band  │  material: ρ = QuantityEKPOMENGE  │  payment: ρ = type  │  purchase_order: ρ = PurchasingGroupEKKOEKGRP  │  purchase_requisition: ρ = type  │  quotation: ρ = PurchasingGroupEBANEKGRP,True,,851,927,43.50701186623517,1,1.0893066980023502,12,0.08198489751887805,0.029197958790679657
"(2, 2, 6, 4, 2, 2, 3)",goods_receipt: ρ = type  │  invoice_receipt: ρ = CreditAmountBSEGWRBTR_band  │  material: ρ = QuantityEKPOMENGE  │  payment: ρ = type  │  purchase_order: ρ = VendorEKKOLIFNR  │  purchase_requisition: ρ = type  │  quotation: ρ = type,True,,909,927,44.33009708737864,1,1.0198019801980198,3,0.01941747572815533,0.010831889081455826
"(2, 2, 6, 4, 3, 1, 1)",goods_receipt: ρ = type  │  invoice_receipt: ρ = CreditAmountBSEGWRBTR_band  │  material: ρ = QuantityEKPOMENGE  │  payment: ρ = type  │  purchase_order: ρ = type  │  purchase_requisition: ρ = PurchasingGroupEBANEKGRP  │  quotation: ρ = PurchasingGroupEBANEKGRP,True,,851,927,44.33009708737864,1,1.0893066980023502,12,0.08198489751887805,0.010831889081455826
"(2, 2, 6, 4, 3, 2, 2)",goods_receipt: ρ = type  │  invoice_receipt: ρ = CreditAmountBSEGWRBTR_band  │  material: ρ = QuantityEKPOMENGE  │  payment: ρ = type  │  purchase_order: ρ = type  │  purchase_requisition: ρ = type  │  quotation: ρ = VendorEBANLIFNR,True,,909,927,44.33009708737864,1,1.0198019801980198,3,0.01941747572815533,0.010831889081455826
"(2, 2, 7, 1, 1, 2, 3)",goods_receipt: ρ = type  │  invoice_receipt: ρ = CreditAmountBSEGWRBTR_band  │  material: ρ = QuantityEKPOMENGE_band  │  payment: ρ = AmountDMBTR  │  purchase_order: ρ = PurchasingGroupEKKOEKGRP  │  purchase_requisition: ρ = type  │  quotation: ρ = type,True,,919,927,43.80474649406688,1,1.0087051142546246,2,0.008629989212513456,0.022554400154053522
"(2, 2, 7, 1, 3, 1, 3)",goods_receipt: ρ = type  │  invoice_receipt: ρ = CreditAmountBSEGWRBTR_band  │  material: ρ = QuantityEKPOMENGE_band  │  payment: ρ = AmountDMBTR  │  purchase_order: ρ = type  │  purchase_requisition: ρ = PurchasingGroupEBANEKGRP  │  quotation: ρ = type,True,,919,927,43.80474649406688,1,1.0087051142546246,2,0.008629989212513456,0.022554400154053522
"(2, 2, 7, 1, 3, 2, 1)",goods_receipt: ρ = type  │  invoice_receipt: ρ = CreditAmountBSEGWRBTR_band  │  material: ρ = QuantityEKPOMENGE_band  │  payment: ρ = AmountDMBTR  │  purchase_order: ρ = type  │  purchase_requisition: ρ = type  │  quotation: ρ = PurchasingGroupEBANEKGRP,True,,919,927,43.80474649406688,1,1.0087051142546246,2,0.008629989212513456,0.022554400154053522
"(2, 2, 7, 2, 1, 1, 3)",goods_receipt: ρ = type  │  invoice_receipt: ρ = CreditAmountBSEGWRBTR_band  │  material: ρ = QuantityEKPOMENGE_band  │  payment: ρ = AmountDMBTR_band  │  purchase_order: ρ = PurchasingGroupEKKOEKGRP  │  purchase_requisition: ρ = PurchasingGroupEBANEKGRP  │  quotation: ρ = type,True,,703,927,43.54692556634304,1,1.3186344238975818,17,0.24163969795037754,0.028307336799537786
"(2, 2, 7, 2, 1, 2, 1)",goods_receipt: ρ = type  │  invoice_receipt: ρ = CreditAmountBSEGWRBTR_band  │  material: ρ = QuantityEKPOMENGE_band  │  payment: ρ = AmountDMBTR_band  │  purchase_order: ρ = PurchasingGroupEKKOEKGRP  │  purchase_requisition: ρ = type  │  quotation: ρ = PurchasingGroupEBANEKGRP,True,,703,927,42.72384034519957,1,1.3186344238975818,17,0.24163969795037754,0.04667340650876173
"(2, 2, 7, 2, 2, 2, 3)",goods_receipt: ρ = type  │  invoice_receipt: ρ = CreditAmountBSEGWRBTR_band  │  material: ρ = QuantityEKPOMENGE_band  │  payment: ρ = AmountDMBTR_band  │  purchase_order: ρ = VendorEKKOLIFNR  │  purchase_requisition: ρ = type  │  quotation: ρ = type,True,,854,927,43.54692556634304,1,1.085480093676815,4,0.07874865156418553,0.028307336799537786
"(2, 2, 7, 2, 3, 1, 1)",goods_receipt: ρ = type  │  invoice_receipt: ρ = CreditAmountBSEGWRBTR_band  │  material: ρ = QuantityEKPOMENGE_band  │  payment: ρ = AmountDMBTR_band  │  purchase_order: ρ = type  │  purchase_requisition: ρ = PurchasingGroupEBANEKGRP  │  quotation: ρ = PurchasingGroupEBANEKGRP,True,,703,927,43.54692556634304,1,1.3186344238975818,17,0.24163969795037754,0.028307336799537786
"(2, 2, 7, 2, 3, 2, 2)",goods_receipt: ρ = type  │  invoice_receipt: ρ = CreditAmountBSEGWRBTR_band  │  material: ρ = QuantityEKPOMENGE_band  │  payment: ρ = AmountDMBTR_band  │  purchase_order: ρ = type  │  purchase_requisition: ρ = type  │  quotation: ρ = VendorEBANLIFNR,True,,854,927,43.54692556634304,1,1.085480093676815,4,0.07874865156418553,0.028307336799537786
"(2, 2, 7, 3, 1, 1, 3)",goods_receipt: ρ = type  │  invoice_receipt: ρ = CreditAmountBSEGWRBTR_band  │  material: ρ = QuantityEKPOMENGE_band  │  payment: ρ = PaymentMethodZLSCH  │  purchase_order: ρ = PurchasingGroupEKKOEKGRP  │  purchase_requisition: ρ = PurchasingGroupEBANEKGRP  │  quotation: ρ = type,True,,772,927,43.80474649406688,1,1.200777202072539,8,0.16720604099244873,0.022554400154053522
"(2, 2, 7, 3, 1, 2, 1)",goods_receipt: ρ = type  │  invoice_receipt: ρ = CreditAmountBSEGWRBTR_band  │  material: ρ = QuantityEKPOMENGE_band  │  payment: ρ = PaymentMethodZLSCH  │  purchase_order: ρ = PurchasingGroupEKKOEKGRP  │  purchase_requisition: ρ = type  │  quotation: ρ = PurchasingGroupEBANEKGRP,True,,772,927,42.98166127292341,1,1.200777202072539,8,0.16720604099244873,0.04092046986327735
"(2, 2, 7, 3, 2, 2, 3)",goods_receipt: ρ = type  │  invoice_receipt: ρ = CreditAmountBSEGWRBTR_band  │  material: ρ = QuantityEKPOMENGE_band  │  payment: ρ = PaymentMethodZLSCH  │  purchase_order: ρ = VendorEKKOLIFNR  │  purchase_requisition: ρ = type  │  quotation: ρ = type,True,,897,927,43.80474649406688,1,1.0334448160535117,3,0.032362459546925515,0.022554400154053522
"(2, 2, 7, 3, 3, 1, 1)",goods_receipt: ρ = type  │  invoice_receipt: ρ = CreditAmountBSEGWRBTR_band  │  material: ρ = QuantityEKPOMENGE_band  │  payment: ρ = PaymentMethodZLSCH  │  purchase_order: ρ = type  │  purchase_requisition: ρ = PurchasingGroupEBANEKGRP  │  quotation: ρ = PurchasingGroupEBANEKGRP,True,,772,927,43.80474649406688,1,1.200777202072539,8,0.16720604099244873,0.022554400154053522
"(2, 2, 7, 3, 3, 2, 2)",goods_receipt: ρ = type  │  invoice_receipt: ρ = CreditAmountBSEGWRBTR_band  │  material: ρ = QuantityEKPOMENGE_band  │  payment: ρ = PaymentMethodZLSCH  │  purchase_order: ρ = type  │  purchase_requisition: ρ = type  │  quotation: ρ = VendorEBANLIFNR,True,,897,927,43.80474649406688,1,1.0334448160535117,3,0.032362459546925515,0.022554400154053522
"(2, 2, 7, 4, 1, 1, 1)",goods_receipt: ρ = type  │  invoice_receipt: ρ = CreditAmountBSEGWRBTR_band  │  material: ρ = QuantityEKPOMENGE_band  │  payment: ρ = type  │  purchase_order: ρ = PurchasingGroupEKKOEKGRP  │  purchase_requisition: ρ = PurchasingGroupEBANEKGRP  │  quotation: ρ = PurchasingGroupEBANEKGRP,True,,701,927,42.98166127292341,1,1.3223965763195435,17,0.24379719525350596,0.04092046986327735
"(2, 2, 7, 4, 2, 1, 3)",goods_receipt: ρ = type  │  invoice_receipt: ρ = CreditAmountBSEGWRBTR_band  │  material: ρ = QuantityEKPOMENGE_band  │  payment: ρ = type  │  purchase_order: ρ = VendorEKKOLIFNR  │  purchase_requisition: ρ = PurchasingGroupEBANEKGRP  │  quotation: ρ = type,True,,853,927,43.80474649406688,1,1.0867526377491208,4,0.07982740021574974,0.022554400154053522
"(2, 2, 7, 4, 1, 2, 2)",goods_receipt: ρ = type  │  invoice_receipt: ρ = CreditAmountBSEGWRBTR_band  │  material: ρ = QuantityEKPOMENGE_band  │  payment: ρ = type  │  purchase_order: ρ = PurchasingGroupEKKOEKGRP  │  purchase_requisition: ρ = type  │  quotation: ρ = VendorEBANLIFNR,True,,853,927,43.80474649406688,1,1.0867526377491208,4,0.07982740021574974,0.022554400154053522
"(2, 2, 7, 4, 2, 2, 1)",goods_receipt: ρ = type  │  invoice_receipt: ρ = CreditAmountBSEGWRBTR_band  │  material: ρ = QuantityEKPOMENGE_band  │  payment: ρ = type  │  purchase_order: ρ = VendorEKKOLIFNR  │  purchase_requisition: ρ = type  │  quotation: ρ = PurchasingGroupEBANEKGRP,True,,853,927,43.80474649406688,1,1.0867526377491208,4,0.07982740021574974,0.022554400154053522
"(2, 2, 7, 4, 3, 1, 2)",goods_receipt: ρ = type  │  invoice_receipt: ρ = CreditAmountBSEGWRBTR_band  │  material: ρ = QuantityEKPOMENGE_band  │  payment: ρ = type  │  purchase_order: ρ = type  │  purchase_requisition: ρ = PurchasingGroupEBANEKGRP  │  quotation: ρ = VendorEBANLIFNR,True,,853,927,43.80474649406688,1,1.0867526377491208,4,0.07982740021574974,0.022554400154053522
"(2, 2, 8, 1, 1, 2, 3)",goods_receipt: ρ = type  │  invoice_receipt: ρ = CreditAmountBSEGWRBTR_band  │  material: ρ = StorageLocationEKPOLGORT  │  payment: ρ = AmountDMBTR  │  purchase_order: ρ = PurchasingGroupEKKOEKGRP  │  purchase_requisition: ρ = type  │  quotation: ρ = type,True,,926,927,44.01294498381877,1,1.0010799136069115,2,0.0010787486515642097,0.01790872328134019
"(2, 2, 8, 1, 3, 1, 3)",goods_receipt: ρ = type  │  invoice_receipt: ρ = CreditAmountBSEGWRBTR_band  │  material: ρ = StorageLocationEKPOLGORT  │  payment: ρ = AmountDMBTR  │  purchase_order: ρ = type  │  purchase_requisition: ρ = PurchasingGroupEBANEKGRP  │  quotation: ρ = type,True,,926,927,44.01294498381877,1,1.0010799136069115,2,0.0010787486515642097,0.01790872328134019
"(2, 2, 8, 1, 3, 2, 1)",goods_receipt: ρ = type  │  invoice_receipt: ρ = CreditAmountBSEGWRBTR_band  │  material: ρ = StorageLocationEKPOLGORT  │  payment: ρ = AmountDMBTR  │  purchase_order: ρ = type  │  purchase_requisition: ρ = type  │  quotation: ρ = PurchasingGroupEBANEKGRP,True,,926,927,44.01294498381877,1,1.0010799136069115,2,0.0010787486515642097,0.01790872328134019
"(2, 2, 8, 2, 1, 1, 3)",goods_receipt: ρ = type  │  invoice_receipt: ρ = CreditAmountBSEGWRBTR_band  │  material: ρ = StorageLocationEKPOLGORT  │  payment: ρ = AmountDMBTR_band  │  purchase_order: ρ = PurchasingGroupEKKOEKGRP  │  purchase_requisition: ρ = PurchasingGroupEBANEKGRP  │  quotation: ρ = type,True,,743,927,43.75512405609493,1,1.2476446837146702,12,0.19848975188781015,0.023661659926824563
"(2, 2, 8, 2, 1, 2, 1)",goods_receipt: ρ = type  │  invoice_receipt: ρ = CreditAmountBSEGWRBTR_band  │  material: ρ = StorageLocationEKPOLGORT  │  payment: ρ = AmountDMBTR_band  │  purchase_order: ρ = PurchasingGroupEKKOEKGRP  │  purchase_requisition: ρ = type  │  quotation: ρ = PurchasingGroupEBANEKGRP,True,,743,927,42.932038834951456,1,1.2476446837146702,12,0.19848975188781015,0.042027729636048505
"(2, 2, 8, 2, 2, 2, 3)",goods_receipt: ρ = type  │  invoice_receipt: ρ = CreditAmountBSEGWRBTR_band  │  material: ρ = StorageLocationEKPOLGORT  │  payment: ρ = AmountDMBTR_band  │  purchase_order: ρ = VendorEKKOLIFNR  │  purchase_requisition: ρ = type  │  quotation: ρ = type,True,,882,927,43.75512405609493,1,1.0510204081632653,3,0.04854368932038833,0.023661659926824563
"(2, 2, 8, 2, 3, 1, 1)",goods_receipt: ρ = type  │  invoice_receipt: ρ = CreditAmountBSEGWRBTR_band  │  material: ρ = StorageLocationEKPOLGORT  │  payment: ρ = AmountDMBTR_band  │  purchase_order: ρ = type  │  purchase_requisition: ρ = PurchasingGroupEBANEKGRP  │  quotation: ρ = PurchasingGroupEBANEKGRP,True,,743,927,43.75512405609493,1,1.2476446837146702,12,0.19848975188781015,0.023661659926824563
"(2, 2, 8, 2, 3, 2, 2)",goods_receipt: ρ = type  │  invoice_receipt: ρ = CreditAmountBSEGWRBTR_band  │  material: ρ = StorageLocationEKPOLGORT  │  payment: ρ = AmountDMBTR_band  │  purchase_order: ρ = type  │  purchase_requisition: ρ = type  │  quotation: ρ = VendorEBANLIFNR,True,,882,927,43.75512405609493,1,1.0510204081632653,3,0.04854368932038833,0.023661659926824563
"(2, 2, 8, 3, 1, 1, 3)",goods_receipt: ρ = type  │  invoice_receipt: ρ = CreditAmountBSEGWRBTR_band  │  material: ρ = StorageLocationEKPOLGORT  │  payment: ρ = PaymentMethodZLSCH  │  purchase_order: ρ = PurchasingGroupEKKOEKGRP  │  purchase_requisition: ρ = PurchasingGroupEBANEKGRP  │  quotation: ρ = type,True,,808,927,44.01294498381877,1,1.1472772277227723,6,0.12837108953613807,0.01790872328134019
"(2, 2, 8, 3, 1, 2, 1)",goods_receipt: ρ = type  │  invoice_receipt: ρ = CreditAmountBSEGWRBTR_band  │  material: ρ = StorageLocationEKPOLGORT  │  payment: ρ = PaymentMethodZLSCH  │  purchase_order: ρ = PurchasingGroupEKKOEKGRP  │  purchase_requisition: ρ = type  │  quotation: ρ = PurchasingGroupEBANEKGRP,True,,808,927,43.1898597626753,1,1.1472772277227723,6,0.12837108953613807,0.03627479299056413
"(2, 2, 8, 3, 2, 2, 3)",goods_receipt: ρ = type  │  invoice_receipt: ρ = CreditAmountBSEGWRBTR_band  │  material: ρ = StorageLocationEKPOLGORT  │  payment: ρ = PaymentMethodZLSCH  │  purchase_order: ρ = VendorEKKOLIFNR  │  purchase_requisition: ρ = type  │  quotation: ρ = type,True,,910,927,44.01294498381877,1,1.0186813186813186,2,0.01833872707659112,0.01790872328134019
"(2, 2, 8, 3, 3, 1, 1)",goods_receipt: ρ = type  │  invoice_receipt: ρ = CreditAmountBSEGWRBTR_band  │  material: ρ = StorageLocationEKPOLGORT  │  payment: ρ = PaymentMethodZLSCH  │  purchase_order: ρ = type  │  purchase_requisition: ρ = PurchasingGroupEBANEKGRP  │  quotation: ρ = PurchasingGroupEBANEKGRP,True,,808,927,44.01294498381877,1,1.1472772277227723,6,0.12837108953613807,0.01790872328134019
"(2, 2, 8, 3, 3, 2, 2)",goods_receipt: ρ = type  │  invoice_receipt: ρ = CreditAmountBSEGWRBTR_band  │  material: ρ = StorageLocationEKPOLGORT  │  payment: ρ = PaymentMethodZLSCH  │  purchase_order: ρ = type  │  purchase_requisition: ρ = type  │  quotation: ρ = VendorEBANLIFNR,True,,910,927,44.01294498381877,1,1.0186813186813186,2,0.01833872707659112,0.01790872328134019
"(2, 2, 8, 4, 1, 1, 1)",goods_receipt: ρ = type  │  invoice_receipt: ρ = CreditAmountBSEGWRBTR_band  │  material: ρ = StorageLocationEKPOLGORT  │  payment: ρ = type  │  purchase_order: ρ = PurchasingGroupEKKOEKGRP  │  purchase_requisition: ρ = PurchasingGroupEBANEKGRP  │  quotation: ρ = PurchasingGroupEBANEKGRP,True,,741,927,43.1898597626753,1,1.2510121457489878,12,0.20064724919093846,0.03627479299056413
"(2, 2, 8, 4, 2, 1, 3)",goods_receipt: ρ = type  │  invoice_receipt: ρ = CreditAmountBSEGWRBTR_band  │  material: ρ = StorageLocationEKPOLGORT  │  payment: ρ = type  │  purchase_order: ρ = VendorEKKOLIFNR  │  purchase_requisition: ρ = PurchasingGroupEBANEKGRP  │  quotation: ρ = type,True,,881,927,44.01294498381877,1,1.0522133938706015,3,0.04962243797195254,0.01790872328134019
"(2, 2, 8, 4, 1, 2, 2)",goods_receipt: ρ = type  │  invoice_receipt: ρ = CreditAmountBSEGWRBTR_band  │  material: ρ = StorageLocationEKPOLGORT  │  payment: ρ = type  │  purchase_order: ρ = PurchasingGroupEKKOEKGRP  │  purchase_requisition: ρ = type  │  quotation: ρ = VendorEBANLIFNR,True,,881,927,44.01294498381877,1,1.0522133938706015,3,0.04962243797195254,0.01790872328134019
"(2, 2, 8, 4, 2, 2, 1)",goods_receipt: ρ = type  │  invoice_receipt: ρ = CreditAmountBSEGWRBTR_band  │  material: ρ = StorageLocationEKPOLGORT  │  payment: ρ = type  │  purchase_order: ρ = VendorEKKOLIFNR  │  purchase_requisition: ρ = type  │  quotation: ρ = PurchasingGroupEBANEKGRP,True,,881,927,44.01294498381877,1,1.0522133938706015,3,0.04962243797195254,0.01790872328134019
"(2, 2, 8, 4, 3, 1, 2)",goods_receipt: ρ = type  │  invoice_receipt: ρ = CreditAmountBSEGWRBTR_band  │  material: ρ = StorageLocationEKPOLGORT  │  payment: ρ = type  │  purchase_order: ρ = type  │  purchase_requisition: ρ = PurchasingGroupEBANEKGRP  │  quotation: ρ = VendorEBANLIFNR,True,,881,927,44.01294498381877,1,1.0522133938706015,3,0.04962243797195254,0.01790872328134019
"(2, 2, 9, 1, 1, 1, 3)",goods_receipt: ρ = type  │  invoice_receipt: ρ = CreditAmountBSEGWRBTR_band  │  material: ρ = type  │  payment: ρ = AmountDMBTR  │  purchase_order: ρ = PurchasingGroupEKKOEKGRP  │  purchase_requisition: ρ = PurchasingGroupEBANEKGRP  │  quotation: ρ = type,True,,918,927,43.19093851132686,1,1.0098039215686274,2,0.009708737864077666,0.03625072212593872
"(2, 2, 9, 1, 1, 2, 1)",goods_receipt: ρ = type  │  invoice_receipt: ρ = CreditAmountBSEGWRBTR_band  │  material: ρ = type  │  payment: ρ = AmountDMBTR  │  purchase_order: ρ = PurchasingGroupEKKOEKGRP  │  purchase_requisition: ρ = type  │  quotation: ρ = PurchasingGroupEBANEKGRP,True,,918,927,42.36785329018339,1,1.0098039215686274,2,0.009708737864077666,0.05461679183516266
"(2, 2, 9, 1, 2, 2, 3)",goods_receipt: ρ = type  │  invoice_receipt: ρ = CreditAmountBSEGWRBTR_band  │  material: ρ = type  │  payment: ρ = AmountDMBTR  │  purchase_order: ρ = VendorEKKOLIFNR  │  purchase_requisition: ρ = type  │  quotation: ρ = type,True,,926,927,43.19093851132686,1,1.0010799136069115,2,0.0010787486515642097,0.03625072212593872
"(2, 2, 9, 1, 3, 1, 1)",goods_receipt: ρ = type  │  invoice_receipt: ρ = CreditAmountBSEGWRBTR_band  │  material: ρ = type  │  payment: ρ = AmountDMBTR  │  purchase_order: ρ = type  │  purchase_requisition: ρ = PurchasingGroupEBANEKGRP  │  quotation: ρ = PurchasingGroupEBANEKGRP,True,,918,927,43.19093851132686,1,1.0098039215686274,2,0.009708737864077666,0.03625072212593872
"(2, 2, 9, 1, 3, 2, 2)",goods_receipt: ρ = type  │  invoice_receipt: ρ = CreditAmountBSEGWRBTR_band  │  material: ρ = type  │  payment: ρ = AmountDMBTR  │  purchase_order: ρ = type  │  purchase_requisition: ρ = type  │  quotation: ρ = VendorEBANLIFNR,True,,926,927,43.19093851132686,1,1.0010799136069115,2,0.0010787486515642097,0.03625072212593872
"(2, 2, 9, 2, 1, 1, 1)",goods_receipt: ρ = type  │  invoice_receipt: ρ = CreditAmountBSEGWRBTR_band  │  material: ρ = type  │  payment: ρ = AmountDMBTR_band  │  purchase_order: ρ = PurchasingGroupEKKOEKGRP  │  purchase_requisition: ρ = PurchasingGroupEBANEKGRP  │  quotation: ρ = PurchasingGroupEBANEKGRP,True,,606,927,42.11003236245955,1,1.5297029702970297,31,0.34627831715210355,0.06036972848064692
"(2, 2, 9, 2, 2, 1, 3)",goods_receipt: ρ = type  │  invoice_receipt: ρ = CreditAmountBSEGWRBTR_band  │  material: ρ = type  │  payment: ρ = AmountDMBTR_band  │  purchase_order: ρ = VendorEKKOLIFNR  │  purchase_requisition: ρ = PurchasingGroupEBANEKGRP  │  quotation: ρ = type,True,,794,927,42.93311758360302,1,1.1675062972292192,7,0.14347357065803668,0.04200365877142298
"(2, 2, 9, 2, 1, 2, 2)",goods_receipt: ρ = type  │  invoice_receipt: ρ = CreditAmountBSEGWRBTR_band  │  material: ρ = type  │  payment: ρ = AmountDMBTR_band  │  purchase_order: ρ = PurchasingGroupEKKOEKGRP  │  purchase_requisition: ρ = type  │  quotation: ρ = VendorEBANLIFNR,True,,794,927,42.93311758360302,1,1.1675062972292192,7,0.14347357065803668,0.04200365877142298
"(2, 2, 9, 2, 2, 2, 1)",goods_receipt: ρ = type  │  invoice_receipt: ρ = CreditAmountBSEGWRBTR_band  │  material: ρ = type  │  payment: ρ = AmountDMBTR_band  │  purchase_order: ρ = VendorEKKOLIFNR  │  purchase_requisition: ρ = type  │  quotation: ρ = PurchasingGroupEBANEKGRP,True,,794,927,42.93311758360302,1,1.1675062972292192,7,0.14347357065803668,0.04200365877142298
"(2, 2, 9, 2, 3, 1, 2)",goods_receipt: ρ = type  │  invoice_receipt: ρ = CreditAmountBSEGWRBTR_band  │  material: ρ = type  │  payment: ρ = AmountDMBTR_band  │  purchase_order: ρ = type  │  purchase_requisition: ρ = PurchasingGroupEBANEKGRP  │  quotation: ρ = VendorEBANLIFNR,True,,794,927,42.93311758360302,1,1.1675062972292192,7,0.14347357065803668,0.04200365877142298
"(2, 2, 9, 3, 1, 1, 1)",goods_receipt: ρ = type  │  invoice_receipt: ρ = CreditAmountBSEGWRBTR_band  │  material: ρ = type  │  payment: ρ = PaymentMethodZLSCH  │  purchase_order: ρ = PurchasingGroupEKKOEKGRP  │  purchase_requisition: ρ = PurchasingGroupEBANEKGRP  │  quotation: ρ = PurchasingGroupEBANEKGRP,True,,686,927,42.36785329018339,1,1.3513119533527698,14,0.25997842502696866,0.05461679183516266
"(2, 2, 9, 3, 2, 1, 3)",goods_receipt: ρ = type  │  invoice_receipt: ρ = CreditAmountBSEGWRBTR_band  │  material: ρ = type  │  payment: ρ = PaymentMethodZLSCH  │  purchase_order: ρ = VendorEKKOLIFNR  │  purchase_requisition: ρ = PurchasingGroupEBANEKGRP  │  quotation: ρ = type,True,,868,927,43.19093851132686,1,1.0679723502304148,4,0.06364617044228693,0.03625072212593872
"(2, 2, 9, 3, 1, 2, 2)",goods_receipt: ρ = type  │  invoice_receipt: ρ = CreditAmountBSEGWRBTR_band  │  material: ρ = type  │  payment: ρ = PaymentMethodZLSCH  │  purchase_order: ρ = PurchasingGroupEKKOEKGRP  │  purchase_requisition: ρ = type  │  quotation: ρ = VendorEBANLIFNR,True,,868,927,43.19093851132686,1,1.0679723502304148,4,0.06364617044228693,0.03625072212593872
"(2, 2, 9, 3, 2, 2, 1)",goods_receipt: ρ = type  │  invoice_receipt: ρ = CreditAmountBSEGWRBTR_band  │  material: ρ = type  │  payment: ρ = PaymentMethodZLSCH  │  purchase_order: ρ = VendorEKKOLIFNR  │  purchase_requisition: ρ = type  │  quotation: ρ = PurchasingGroupEBANEKGRP,True,,868,927,43.19093851132686,1,1.0679723502304148,4,0.06364617044228693,0.03625072212593872
"(2, 2, 9, 3, 3, 1, 2)",goods_receipt: ρ = type  │  invoice_receipt: ρ = CreditAmountBSEGWRBTR_band  │  material: ρ = type  │  payment: ρ = PaymentMethodZLSCH  │  purchase_order: ρ = type  │  purchase_requisition: ρ = PurchasingGroupEBANEKGRP  │  quotation: ρ = VendorEBANLIFNR,True,,868,927,43.19093851132686,1,1.0679723502304148,4,0.06364617044228693,0.03625072212593872
"(2, 2, 9, 4, 1, 1, 2)",goods_receipt: ρ = type  │  invoice_receipt: ρ = CreditAmountBSEGWRBTR_band  │  material: ρ = type  │  payment: ρ = type  │  purchase_order: ρ = PurchasingGroupEKKOEKGRP  │  purchase_requisition: ρ = PurchasingGroupEBANEKGRP  │  quotation: ρ = VendorEBANLIFNR,True,,791,927,43.19093851132686,1,1.1719342604298357,7,0.1467098166127292,0.03625072212593872
"(2, 2, 9, 4, 2, 1, 1)",goods_receipt: ρ = type  │  invoice_receipt: ρ = CreditAmountBSEGWRBTR_band  │  material: ρ = type  │  payment: ρ = type  │  purchase_order: ρ = VendorEKKOLIFNR  │  purchase_requisition: ρ = PurchasingGroupEBANEKGRP  │  quotation: ρ = PurchasingGroupEBANEKGRP,True,,791,927,43.19093851132686,1,1.1719342604298357,7,0.1467098166127292,0.03625072212593872
"(2, 2, 9, 4, 2, 2, 2)",goods_receipt: ρ = type  │  invoice_receipt: ρ = CreditAmountBSEGWRBTR_band  │  material: ρ = type  │  payment: ρ = type  │  purchase_order: ρ = VendorEKKOLIFNR  │  purchase_requisition: ρ = type  │  quotation: ρ = VendorEBANLIFNR,True,,791,927,42.36785329018339,1,1.1719342604298357,7,0.1467098166127292,0.05461679183516266
"(2, 3, 2, 1, 3, 2, 3)",goods_receipt: ρ = type  │  invoice_receipt: ρ = type  │  material: ρ = MaterialEKPOMATNR  │  payment: ρ = AmountDMBTR  │  purchase_order: ρ = type  │  purchase_requisition: ρ = type  │  quotation: ρ = type,True,,920,927,44.353829557713055,1,1.007608695652174,2,0.007551240560949246,0.010302330059695608
"(2, 3, 2, 2, 1, 2, 3)",goods_receipt: ρ = type  │  invoice_receipt: ρ = type  │  material: ρ = MaterialEKPOMATNR  │  payment: ρ = AmountDMBTR_band  │  purchase_order: ρ = PurchasingGroupEKKOEKGRP  │  purchase_requisition: ρ = type  │  quotation: ρ = type,True,,776,927,44.353829557713055,1,1.1945876288659794,12,0.162891046386192,0.010302330059695608
"(2, 3, 2, 2, 3, 1, 3)",goods_receipt: ρ = type  │  invoice_receipt: ρ = type  │  material: ρ = MaterialEKPOMATNR  │  payment: ρ = AmountDMBTR_band  │  purchase_order: ρ = type  │  purchase_requisition: ρ = PurchasingGroupEBANEKGRP  │  quotation: ρ = type,True,,776,927,44.353829557713055,1,1.1945876288659794,12,0.162891046386192,0.010302330059695608
"(2, 3, 2, 2, 3, 2, 1)",goods_receipt: ρ = type  │  invoice_receipt: ρ = type  │  material: ρ = MaterialEKPOMATNR  │  payment: ρ = AmountDMBTR_band  │  purchase_order: ρ = type  │  purchase_requisition: ρ = type  │  quotation: ρ = PurchasingGroupEBANEKGRP,True,,776,927,44.353829557713055,1,1.1945876288659794,12,0.162891046386192,0.010302330059695608
"(2, 3, 2, 3, 1, 2, 3)",goods_receipt: ρ = type  │  invoice_receipt: ρ = type  │  material: ρ = MaterialEKPOMATNR  │  payment: ρ = PaymentMethodZLSCH  │  purchase_order: ρ = PurchasingGroupEKKOEKGRP  │  purchase_requisition: ρ = type  │  quotation: ρ = type,True,,811,927,44.353829557713055,1,1.1430332922318125,10,0.12513484358144555,0.010302330059695608
"(2, 3, 2, 3, 3, 1, 3)",goods_receipt: ρ = type  │  invoice_receipt: ρ = type  │  material: ρ = MaterialEKPOMATNR  │  payment: ρ = PaymentMethodZLSCH  │  purchase_order: ρ = type  │  purchase_requisition: ρ = PurchasingGroupEBANEKGRP  │  quotation: ρ = type,True,,811,927,44.353829557713055,1,1.1430332922318125,10,0.12513484358144555,0.010302330059695608
"(2, 3, 2, 3, 3, 2, 1)",goods_receipt: ρ = type  │  invoice_receipt: ρ = type  │  material: ρ = MaterialEKPOMATNR  │  payment: ρ = PaymentMethodZLSCH  │  purchase_order: ρ = type  │  purchase_requisition: ρ = type  │  quotation: ρ = PurchasingGroupEBANEKGRP,True,,811,927,44.353829557713055,1,1.1430332922318125,10,0.12513484358144555,0.010302330059695608
"(2, 3, 2, 4, 1, 1, 3)",goods_receipt: ρ = type  │  invoice_receipt: ρ = type  │  material: ρ = MaterialEKPOMATNR  │  payment: ρ = type  │  purchase_order: ρ = PurchasingGroupEKKOEKGRP  │  purchase_requisition: ρ = PurchasingGroupEBANEKGRP  │  quotation: ρ = type,True,,744,927,44.353829557713055,1,1.2459677419354838,22,0.19741100323624594,0.010302330059695608
"(2, 3, 2, 4, 1, 2, 1)",goods_receipt: ρ = type  │  invoice_receipt: ρ = type  │  material: ρ = MaterialEKPOMATNR  │  payment: ρ = type  │  purchase_order: ρ = PurchasingGroupEKKOEKGRP  │  purchase_requisition: ρ = type  │  quotation: ρ = PurchasingGroupEBANEKGRP,True,,744,927,43.530744336569576,1,1.2459677419354838,22,0.19741100323624594,0.028668399768919772
"(2, 3, 2, 4, 2, 2, 3)",goods_receipt: ρ = type  │  invoice_receipt: ρ = type  │  material: ρ = MaterialEKPOMATNR  │  payment: ρ = type  │  purchase_order: ρ = VendorEKKOLIFNR  │  purchase_requisition: ρ = type  │  quotation: ρ = type,True,,876,927,44.353829557713055,1,1.0582191780821917,4,0.055016181229773475,0.010302330059695608
"(2, 3, 2, 4, 3, 1, 1)",goods_receipt: ρ = type  │  invoice_receipt: ρ = type  │  material: ρ = MaterialEKPOMATNR  │  payment: ρ = type  │  purchase_order: ρ = type  │  purchase_requisition: ρ = PurchasingGroupEBANEKGRP  │  quotation: ρ = PurchasingGroupEBANEKGRP,True,,744,927,44.353829557713055,1,1.2459677419354838,22,0.19741100323624594,0.010302330059695608
"(2, 3, 2, 4, 3, 2, 2)",goods_receipt: ρ = type  │  invoice_receipt: ρ = type  │  material: ρ = MaterialEKPOMATNR  │  payment: ρ = type  │  purchase_order: ρ = type  │  purchase_requisition: ρ = type  │  quotation: ρ = VendorEBANLIFNR,True,,876,927,44.353829557713055,1,1.0582191780821917,4,0.055016181229773475,0.010302330059695608
"(2, 3, 3, 1, 1, 2, 3)",goods_receipt: ρ = type  │  invoice_receipt: ρ = type  │  material: ρ = NetPriceEKPONETPR  │  payment: ρ = AmountDMBTR  │  purchase_order: ρ = PurchasingGroupEKKOEKGRP  │  purchase_requisition: ρ = type  │  quotation: ρ = type,True,,919,927,44.13484358144552,1,1.0087051142546246,2,0.008629989212513456,0.015188715578663525
"(2, 3, 3, 1, 3, 1, 3)",goods_receipt: ρ = type  │  invoice_receipt: ρ = type  │  material: ρ = NetPriceEKPONETPR  │  payment: ρ = AmountDMBTR  │  purchase_order: ρ = type  │  purchase_requisition: ρ = PurchasingGroupEBANEKGRP  │  quotation: ρ = type,True,,919,927,44.13484358144552,1,1.0087051142546246,2,0.008629989212513456,0.015188715578663525
"(2, 3, 3, 1, 3, 2, 1)",goods_receipt: ρ = type  │  invoice_receipt: ρ = type  │  material: ρ = NetPriceEKPONETPR  │  payment: ρ = AmountDMBTR  │  purchase_order: ρ = type  │  purchase_requisition: ρ = type  │  quotation: ρ = PurchasingGroupEBANEKGRP,True,,919,927,44.13484358144552,1,1.0087051142546246,2,0.008629989212513456,0.015188715578663525
"(2, 3, 3, 2, 1, 1, 3)",goods_receipt: ρ = type  │  invoice_receipt: ρ = type  │  material: ρ = NetPriceEKPONETPR  │  payment: ρ = AmountDMBTR_band  │  purchase_order: ρ = PurchasingGroupEKKOEKGRP  │  purchase_requisition: ρ = PurchasingGroupEBANEKGRP  │  quotation: ρ = type,True,,737,927,44.13484358144552,1,1.2578018995929443,12,0.2049622437971953,0.015188715578663525
"(2, 3, 3, 2, 1, 2, 1)",goods_receipt: ρ = type  │  invoice_receipt: ρ = type  │  material: ρ = NetPriceEKPONETPR  │  payment: ρ = AmountDMBTR_band  │  purchase_order: ρ = PurchasingGroupEKKOEKGRP  │  purchase_requisition: ρ = type  │  quotation: ρ = PurchasingGroupEBANEKGRP,True,,737,927,43.31175836030205,1,1.2578018995929443,12,0.2049622437971953,0.03355478528788747
"(2, 3, 3, 2, 2, 2, 3)",goods_receipt: ρ = type  │  invoice_receipt: ρ = type  │  material: ρ = NetPriceEKPONETPR  │  payment: ρ = AmountDMBTR_band  │  purchase_order: ρ = VendorEKKOLIFNR  │  purchase_requisition: ρ = type  │  quotation: ρ = type,True,,877,927,44.13484358144552,1,1.057012542759407,5,0.053937432578209266,0.015188715578663525
"(2, 3, 3, 2, 3, 1, 1)",goods_receipt: ρ = type  │  invoice_receipt: ρ = type  │  material: ρ = NetPriceEKPONETPR  │  payment: ρ = AmountDMBTR_band  │  purchase_order: ρ = type  │  purchase_requisition: ρ = PurchasingGroupEBANEKGRP  │  quotation: ρ = PurchasingGroupEBANEKGRP,True,,737,927,44.13484358144552,1,1.2578018995929443,12,0.2049622437971953,0.015188715578663525
"(2, 3, 3, 2, 3, 2, 2)",goods_receipt: ρ = type  │  invoice_receipt: ρ = type  │  material: ρ = NetPriceEKPONETPR  │  payment: ρ = AmountDMBTR_band  │  purchase_order: ρ = type  │  purchase_requisition: ρ = type  │  quotation: ρ = VendorEBANLIFNR,True,,877,927,44.13484358144552,1,1.057012542759407,5,0.053937432578209266,0.015188715578663525
"(2, 3, 3, 3, 1, 1, 3)",goods_receipt: ρ = type  │  invoice_receipt: ρ = type  │  material: ρ = NetPriceEKPONETPR  │  payment: ρ = PaymentMethodZLSCH  │  purchase_order: ρ = PurchasingGroupEKKOEKGRP  │  purchase_requisition: ρ = PurchasingGroupEBANEKGRP  │  quotation: ρ = type,True,,773,927,44.13484358144552,1,1.1992238033635187,10,0.16612729234088452,0.015188715578663525
"(2, 3, 3, 3, 1, 2, 1)",goods_receipt: ρ = type  │  invoice_receipt: ρ = type  │  material: ρ = NetPriceEKPONETPR  │  payment: ρ = PaymentMethodZLSCH  │  purchase_order: ρ = PurchasingGroupEKKOEKGRP  │  purchase_requisition: ρ = type  │  quotation: ρ = PurchasingGroupEBANEKGRP,True,,773,927,43.31175836030205,1,1.1992238033635187,10,0.16612729234088452,0.03355478528788747
"(2, 3, 3, 3, 2, 2, 3)",goods_receipt: ρ = type  │  invoice_receipt: ρ = type  │  material: ρ = NetPriceEKPONETPR  │  payment: ρ = PaymentMethodZLSCH  │  purchase_order: ρ = VendorEKKOLIFNR  │  purchase_requisition: ρ = type  │  quotation: ρ = type,True,,898,927,44.13484358144552,1,1.0322939866369711,3,0.031283710895361416,0.015188715578663525
"(2, 3, 3, 3, 3, 1, 1)",goods_receipt: ρ = type  │  invoice_receipt: ρ = type  │  material: ρ = NetPriceEKPONETPR  │  payment: ρ = PaymentMethodZLSCH  │  purchase_order: ρ = type  │  purchase_requisition: ρ = PurchasingGroupEBANEKGRP  │  quotation: ρ = PurchasingGroupEBANEKGRP,True,,773,927,44.13484358144552,1,1.1992238033635187,10,0.16612729234088452,0.015188715578663525
"(2, 3, 3, 3, 3, 2, 2)",goods_receipt: ρ = type  │  invoice_receipt: ρ = type  │  material: ρ = NetPriceEKPONETPR  │  payment: ρ = PaymentMethodZLSCH  │  purchase_order: ρ = type  │  purchase_requisition: ρ = type  │  quotation: ρ = VendorEBANLIFNR,True,,898,927,44.13484358144552,1,1.0322939866369711,3,0.031283710895361416,0.015188715578663525
"(2, 3, 3, 4, 1, 1, 1)",goods_receipt: ρ = type  │  invoice_receipt: ρ = type  │  material: ρ = NetPriceEKPONETPR  │  payment: ρ = type  │  purchase_order: ρ = PurchasingGroupEKKOEKGRP  │  purchase_requisition: ρ = PurchasingGroupEBANEKGRP  │  quotation: ρ = PurchasingGroupEBANEKGRP,True,,705,927,43.31175836030205,1,1.3148936170212766,22,0.23948220064724923,0.03355478528788747
"(2, 3, 3, 4, 2, 1, 3)",goods_receipt: ρ = type  │  invoice_receipt: ρ = type  │  material: ρ = NetPriceEKPONETPR  │  payment: ρ = type  │  purchase_order: ρ = VendorEKKOLIFNR  │  purchase_requisition: ρ = PurchasingGroupEBANEKGRP  │  quotation: ρ = type,True,,857,927,44.13484358144552,1,1.0816802800466745,5,0.07551240560949302,0.015188715578663525
"(2, 3, 3, 4, 1, 2, 2)",goods_receipt: ρ = type  │  invoice_receipt: ρ = type  │  material: ρ = NetPriceEKPONETPR  │  payment: ρ = type  │  purchase_order: ρ = PurchasingGroupEKKOEKGRP  │  purchase_requisition: ρ = type  │  quotation: ρ = VendorEBANLIFNR,True,,857,927,44.13484358144552,1,1.0816802800466745,5,0.07551240560949302,0.015188715578663525
"(2, 3, 3, 4, 2, 2, 1)",goods_receipt: ρ = type  │  invoice_receipt: ρ = type  │  material: ρ = NetPriceEKPONETPR  │  payment: ρ = type  │  purchase_order: ρ = VendorEKKOLIFNR  │  purchase_requisition: ρ = type  │  quotation: ρ = PurchasingGroupEBANEKGRP,True,,857,927,44.13484358144552,1,1.0816802800466745,5,0.07551240560949302,0.015188715578663525
"(2, 3, 3, 4, 3, 1, 2)",goods_receipt: ρ = type  │  invoice_receipt: ρ = type  │  material: ρ = NetPriceEKPONETPR  │  payment: ρ = type  │  purchase_order: ρ = type  │  purchase_requisition: ρ = PurchasingGroupEBANEKGRP  │  quotation: ρ = VendorEBANLIFNR,True,,857,927,44.13484358144552,1,1.0816802800466745,5,0.07551240560949302,0.015188715578663525
"(2, 3, 4, 1, 1, 1, 3)",goods_receipt: ρ = type  │  invoice_receipt: ρ = type  │  material: ρ = NetPriceEKPONETPR_band  │  payment: ρ = AmountDMBTR  │  purchase_order: ρ = PurchasingGroupEKKOEKGRP  │  purchase_requisition: ρ = PurchasingGroupEBANEKGRP  │  quotation: ρ = type,True,,918,927,43.34519956850054,1,1.0098039215686274,2,0.009708737864077666,0.0328085884844983
"(2, 3, 4, 1, 1, 2, 1)",goods_receipt: ρ = type  │  invoice_receipt: ρ = type  │  material: ρ = NetPriceEKPONETPR_band  │  payment: ρ = AmountDMBTR  │  purchase_order: ρ = PurchasingGroupEKKOEKGRP  │  purchase_requisition: ρ = type  │  quotation: ρ = PurchasingGroupEBANEKGRP,True,,918,927,42.52211434735707,1,1.0098039215686274,2,0.009708737864077666,0.051174658193722244
"(2, 3, 4, 1, 2, 2, 3)",goods_receipt: ρ = type  │  invoice_receipt: ρ = type  │  material: ρ = NetPriceEKPONETPR_band  │  payment: ρ = AmountDMBTR  │  purchase_order: ρ = VendorEKKOLIFNR  │  purchase_requisition: ρ = type  │  quotation: ρ = type,True,,926,927,43.34519956850054,1,1.0010799136069115,2,0.0010787486515642097,0.0328085884844983
"(2, 3, 4, 1, 3, 1, 1)",goods_receipt: ρ = type  │  invoice_receipt: ρ = type  │  material: ρ = NetPriceEKPONETPR_band  │  payment: ρ = AmountDMBTR  │  purchase_order: ρ = type  │  purchase_requisition: ρ = PurchasingGroupEBANEKGRP  │  quotation: ρ = PurchasingGroupEBANEKGRP,True,,918,927,43.34519956850054,1,1.0098039215686274,2,0.009708737864077666,0.0328085884844983
"(2, 3, 4, 1, 3, 2, 2)",goods_receipt: ρ = type  │  invoice_receipt: ρ = type  │  material: ρ = NetPriceEKPONETPR_band  │  payment: ρ = AmountDMBTR  │  purchase_order: ρ = type  │  purchase_requisition: ρ = type  │  quotation: ρ = VendorEBANLIFNR,True,,926,927,43.34519956850054,1,1.0010799136069115,2,0.0010787486515642097,0.0328085884844983
"(2, 3, 4, 2, 1, 1, 1)",goods_receipt: ρ = type  │  invoice_receipt: ρ = type  │  material: ρ = NetPriceEKPONETPR_band  │  payment: ρ = AmountDMBTR_band  │  purchase_order: ρ = PurchasingGroupEKKOEKGRP  │  purchase_requisition: ρ = PurchasingGroupEBANEKGRP  │  quotation: ρ = PurchasingGroupEBANEKGRP,True,,630,927,42.52211434735707,1,1.4714285714285715,29,0.3203883495145631,0.051174658193722244
"(2, 3, 4, 2, 2, 1, 3)",goods_receipt: ρ = type  │  invoice_receipt: ρ = type  │  material: ρ = NetPriceEKPONETPR_band  │  payment: ρ = AmountDMBTR_band  │  purchase_order: ρ = VendorEKKOLIFNR  │  purchase_requisition: ρ = PurchasingGroupEBANEKGRP  │  quotation: ρ = type,True,,803,927,43.34519956850054,1,1.1544209215442092,7,0.133764832793959,0.0328085884844983
"(2, 3, 4, 2, 1, 2, 2)",goods_receipt: ρ = type  │  invoice_receipt: ρ = type  │  material: ρ = NetPriceEKPONETPR_band  │  payment: ρ = AmountDMBTR_band  │  purchase_order: ρ = PurchasingGroupEKKOEKGRP  │  purchase_requisition: ρ = type  │  quotation: ρ = VendorEBANLIFNR,True,,803,927,43.34519956850054,1,1.1544209215442092,7,0.133764832793959,0.0328085884844983
"(2, 3, 4, 2, 2, 2, 1)",goods_receipt: ρ = type  │  invoice_receipt: ρ = type  │  material: ρ = NetPriceEKPONETPR_band  │  payment: ρ = AmountDMBTR_band  │  purchase_order: ρ = VendorEKKOLIFNR  │  purchase_requisition: ρ = type  │  quotation: ρ = PurchasingGroupEBANEKGRP,True,,803,927,43.34519956850054,1,1.1544209215442092,7,0.133764832793959,0.0328085884844983
"(2, 3, 4, 2, 3, 1, 2)",goods_receipt: ρ = type  │  invoice_receipt: ρ = type  │  material: ρ = NetPriceEKPONETPR_band  │  payment: ρ = AmountDMBTR_band  │  purchase_order: ρ = type  │  purchase_requisition: ρ = PurchasingGroupEBANEKGRP  │  quotation: ρ = VendorEBANLIFNR,True,,803,927,43.34519956850054,1,1.1544209215442092,7,0.133764832793959,0.0328085884844983
"(2, 3, 4, 3, 1, 1, 1)",goods_receipt: ρ = type  │  invoice_receipt: ρ = type  │  material: ρ = NetPriceEKPONETPR_band  │  payment: ρ = PaymentMethodZLSCH  │  purchase_order: ρ = PurchasingGroupEKKOEKGRP  │  purchase_requisition: ρ = PurchasingGroupEBANEKGRP  │  quotation: ρ = PurchasingGroupEBANEKGRP,True,,669,927,42.52211434735707,1,1.3856502242152466,14,0.2783171521035599,0.051174658193722244
"(2, 3, 4, 3, 2, 1, 3)",goods_receipt: ρ = type  │  invoice_receipt: ρ = type  │  material: ρ = NetPriceEKPONETPR_band  │  payment: ρ = PaymentMethodZLSCH  │  purchase_order: ρ = VendorEKKOLIFNR  │  purchase_requisition: ρ = PurchasingGroupEBANEKGRP  │  quotation: ρ = type,True,,856,927,43.34519956850054,1,1.0829439252336448,5,0.07659115426105723,0.0328085884844983
"(2, 3, 4, 3, 1, 2, 2)",goods_receipt: ρ = type  │  invoice_receipt: ρ = type  │  material: ρ = NetPriceEKPONETPR_band  │  payment: ρ = PaymentMethodZLSCH  │  purchase_order: ρ = PurchasingGroupEKKOEKGRP  │  purchase_requisition: ρ = type  │  quotation: ρ = VendorEBANLIFNR,True,,856,927,43.34519956850054,1,1.0829439252336448,5,0.07659115426105723,0.0328085884844983
"(2, 3, 4, 3, 2, 2, 1)",goods_receipt: ρ = type  │  invoice_receipt: ρ = type  │  material: ρ = NetPriceEKPONETPR_band  │  payment: ρ = PaymentMethodZLSCH  │  purchase_order: ρ = VendorEKKOLIFNR  │  purchase_requisition: ρ = type  │  quotation: ρ = PurchasingGroupEBANEKGRP,True,,856,927,43.34519956850054,1,1.0829439252336448,5,0.07659115426105723,0.0328085884844983
"(2, 3, 4, 3, 3, 1, 2)",goods_receipt: ρ = type  │  invoice_receipt: ρ = type  │  material: ρ = NetPriceEKPONETPR_band  │  payment: ρ = PaymentMethodZLSCH  │  purchase_order: ρ = type  │  purchase_requisition: ρ = PurchasingGroupEBANEKGRP  │  quotation: ρ = VendorEBANLIFNR,True,,856,927,43.34519956850054,1,1.0829439252336448,5,0.07659115426105723,0.0328085884844983
"(2, 3, 4, 4, 1, 1, 2)",goods_receipt: ρ = type  │  invoice_receipt: ρ = type  │  material: ρ = NetPriceEKPONETPR_band  │  payment: ρ = type  │  purchase_order: ρ = PurchasingGroupEKKOEKGRP  │  purchase_requisition: ρ = PurchasingGroupEBANEKGRP  │  quotation: ρ = VendorEBANLIFNR,True,,765,927,43.34519956850054,1,1.2117647058823529,7,0.1747572815533981,0.0328085884844983
"(2, 3, 4, 4, 2, 1, 1)",goods_receipt: ρ = type  │  invoice_receipt: ρ = type  │  material: ρ = NetPriceEKPONETPR_band  │  payment: ρ = type  │  purchase_order: ρ = VendorEKKOLIFNR  │  purchase_requisition: ρ = PurchasingGroupEBANEKGRP  │  quotation: ρ = PurchasingGroupEBANEKGRP,True,,765,927,43.34519956850054,1,1.2117647058823529,7,0.1747572815533981,0.0328085884844983
"(2, 3, 4, 4, 2, 2, 2)",goods_receipt: ρ = type  │  invoice_receipt: ρ = type  │  material: ρ = NetPriceEKPONETPR_band  │  payment: ρ = type  │  purchase_order: ρ = VendorEKKOLIFNR  │  purchase_requisition: ρ = type  │  quotation: ρ = VendorEBANLIFNR,True,,765,927,42.52211434735707,1,1.2117647058823529,7,0.1747572815533981,0.051174658193722244
"(2, 3, 0, 1, 3, 2, 3)",goods_receipt: ρ = type  │  invoice_receipt: ρ = type  │  material: ρ = id  │  payment: ρ = AmountDMBTR  │  purchase_order: ρ = type  │  purchase_requisition: ρ = type  │  quotation: ρ = type,True,,925,927,44.353829557713055,1,1.0021621621621621,2,0.0021574973031284195,0.010302330059695608
"(2, 3, 0, 2, 1, 2, 3)",goods_receipt: ρ = type  │  invoice_receipt: ρ = type  │  material: ρ = id  │  payment: ρ = AmountDMBTR_band  │  purchase_order: ρ = PurchasingGroupEKKOEKGRP  │  purchase_requisition: ρ = type  │  quotation: ρ = type,True,,870,927,44.353829557713055,1,1.0655172413793104,12,0.06148867313915862,0.010302330059695608
"(2, 3, 0, 2, 3, 1, 3)",goods_receipt: ρ = type  │  invoice_receipt: ρ = type  │  material: ρ = id  │  payment: ρ = AmountDMBTR_band  │  purchase_order: ρ = type  │  purchase_requisition: ρ = PurchasingGroupEBANEKGRP  │  quotation: ρ = type,True,,870,927,44.353829557713055,1,1.0655172413793104,12,0.06148867313915862,0.010302330059695608
"(2, 3, 0, 2, 3, 2, 1)",goods_receipt: ρ = type  │  invoice_receipt: ρ = type  │  material: ρ = id  │  payment: ρ = AmountDMBTR_band  │  purchase_order: ρ = type  │  purchase_requisition: ρ = type  │  quotation: ρ = PurchasingGroupEBANEKGRP,True,,870,927,44.353829557713055,1,1.0655172413793104,12,0.06148867313915862,0.010302330059695608
"(2, 3, 0, 3, 1, 2, 3)",goods_receipt: ρ = type  │  invoice_receipt: ρ = type  │  material: ρ = id  │  payment: ρ = PaymentMethodZLSCH  │  purchase_order: ρ = PurchasingGroupEKKOEKGRP  │  purchase_requisition: ρ = type  │  quotation: ρ = type,True,,874,927,44.353829557713055,1,1.0606407322654463,10,0.057173678532901784,0.010302330059695608
"(2, 3, 0, 3, 3, 1, 3)",goods_receipt: ρ = type  │  invoice_receipt: ρ = type  │  material: ρ = id  │  payment: ρ = PaymentMethodZLSCH  │  purchase_order: ρ = type  │  purchase_requisition: ρ = PurchasingGroupEBANEKGRP  │  quotation: ρ = type,True,,874,927,44.353829557713055,1,1.0606407322654463,10,0.057173678532901784,0.010302330059695608
"(2, 3, 0, 3, 3, 2, 1)",goods_receipt: ρ = type  │  invoice_receipt: ρ = type  │  material: ρ = id  │  payment: ρ = PaymentMethodZLSCH  │  purchase_order: ρ = type  │  purchase_requisition: ρ = type  │  quotation: ρ = PurchasingGroupEBANEKGRP,True,,874,927,44.353829557713055,1,1.0606407322654463,10,0.057173678532901784,0.010302330059695608
"(2, 3, 0, 4, 1, 1, 3)",goods_receipt: ρ = type  │  invoice_receipt: ρ = type  │  material: ρ = id  │  payment: ρ = type  │  purchase_order: ρ = PurchasingGroupEKKOEKGRP  │  purchase_requisition: ρ = PurchasingGroupEBANEKGRP  │  quotation: ρ = type,True,,857,927,44.353829557713055,1,1.0816802800466745,22,0.07551240560949302,0.010302330059695608
"(2, 3, 0, 4, 1, 2, 1)",goods_receipt: ρ = type  │  invoice_receipt: ρ = type  │  material: ρ = id  │  payment: ρ = type  │  purchase_order: ρ = PurchasingGroupEKKOEKGRP  │  purchase_requisition: ρ = type  │  quotation: ρ = PurchasingGroupEBANEKGRP,True,,857,927,43.530744336569576,1,1.0816802800466745,22,0.07551240560949302,0.028668399768919772
"(2, 3, 0, 4, 2, 2, 3)",goods_receipt: ρ = type  │  invoice_receipt: ρ = type  │  material: ρ = id  │  payment: ρ = type  │  purchase_order: ρ = VendorEKKOLIFNR  │  purchase_requisition: ρ = type  │  quotation: ρ = type,True,,901,927,44.353829557713055,1,1.0288568257491675,4,0.028047464940668787,0.010302330059695608
"(2, 3, 0, 4, 3, 1, 1)",goods_receipt: ρ = type  │  invoice_receipt: ρ = type  │  material: ρ = id  │  payment: ρ = type  │  purchase_order: ρ = type  │  purchase_requisition: ρ = PurchasingGroupEBANEKGRP  │  quotation: ρ = PurchasingGroupEBANEKGRP,True,,857,927,44.353829557713055,1,1.0816802800466745,22,0.07551240560949302,0.010302330059695608
"(2, 3, 0, 4, 3, 2, 2)",goods_receipt: ρ = type  │  invoice_receipt: ρ = type  │  material: ρ = id  │  payment: ρ = type  │  purchase_order: ρ = type  │  purchase_requisition: ρ = type  │  quotation: ρ = VendorEBANLIFNR,True,,901,927,44.353829557713055,1,1.0288568257491675,4,0.028047464940668787,0.010302330059695608
"(2, 3, 1, 1, 1, 2, 3)",goods_receipt: ρ = type  │  invoice_receipt: ρ = type  │  material: ρ = DeliveryDateEKPOBEDAT  │  payment: ρ = AmountDMBTR  │  purchase_order: ρ = PurchasingGroupEKKOEKGRP  │  purchase_requisition: ρ = type  │  quotation: ρ = type,False,no merging (K = n_executions),927,927,44.353829557713055,1,1.0,1,0.0,0.010302330059695608
"(2, 3, 1, 1, 3, 1, 3)",goods_receipt: ρ = type  │  invoice_receipt: ρ = type  │  material: ρ = DeliveryDateEKPOBEDAT  │  payment: ρ = AmountDMBTR  │  purchase_order: ρ = type  │  purchase_requisition: ρ = PurchasingGroupEBANEKGRP  │  quotation: ρ = type,False,no merging (K = n_executions),927,927,44.353829557713055,1,1.0,1,0.0,0.010302330059695608
"(2, 3, 1, 1, 3, 2, 1)",goods_receipt: ρ = type  │  invoice_receipt: ρ = type  │  material: ρ = DeliveryDateEKPOBEDAT  │  payment: ρ = AmountDMBTR  │  purchase_order: ρ = type  │  purchase_requisition: ρ = type  │  quotation: ρ = PurchasingGroupEBANEKGRP,False,no merging (K = n_executions),927,927,44.353829557713055,1,1.0,1,0.0,0.010302330059695608
"(2, 3, 1, 2, 1, 1, 3)",goods_receipt: ρ = type  │  invoice_receipt: ρ = type  │  material: ρ = DeliveryDateEKPOBEDAT  │  payment: ρ = AmountDMBTR_band  │  purchase_order: ρ = PurchasingGroupEKKOEKGRP  │  purchase_requisition: ρ = PurchasingGroupEBANEKGRP  │  quotation: ρ = type,True,,870,927,44.353829557713055,1,1.0655172413793104,12,0.06148867313915862,0.010302330059695608
"(2, 3, 1, 2, 1, 2, 1)",goods_receipt: ρ = type  │  invoice_receipt: ρ = type  │  material: ρ = DeliveryDateEKPOBEDAT  │  payment: ρ = AmountDMBTR_band  │  purchase_order: ρ = PurchasingGroupEKKOEKGRP  │  purchase_requisition: ρ = type  │  quotation: ρ = PurchasingGroupEBANEKGRP,True,,870,927,43.530744336569576,1,1.0655172413793104,12,0.06148867313915862,0.028668399768919772
"(2, 3, 1, 2, 2, 2, 3)",goods_receipt: ρ = type  │  invoice_receipt: ρ = type  │  material: ρ = DeliveryDateEKPOBEDAT  │  payment: ρ = AmountDMBTR_band  │  purchase_order: ρ = VendorEKKOLIFNR  │  purchase_requisition: ρ = type  │  quotation: ρ = type,True,,912,927,44.353829557713055,1,1.0164473684210527,3,0.016181229773462813,0.010302330059695608
"(2, 3, 1, 2, 3, 1, 1)",goods_receipt: ρ = type  │  invoice_receipt: ρ = type  │  material: ρ = DeliveryDateEKPOBEDAT  │  payment: ρ = AmountDMBTR_band  │  purchase_order: ρ = type  │  purchase_requisition: ρ = PurchasingGroupEBANEKGRP  │  quotation: ρ = PurchasingGroupEBANEKGRP,True,,870,927,44.353829557713055,1,1.0655172413793104,12,0.06148867313915862,0.010302330059695608
"(2, 3, 1, 2, 3, 2, 2)",goods_receipt: ρ = type  │  invoice_receipt: ρ = type  │  material: ρ = DeliveryDateEKPOBEDAT  │  payment: ρ = AmountDMBTR_band  │  purchase_order: ρ = type  │  purchase_requisition: ρ = type  │  quotation: ρ = VendorEBANLIFNR,True,,912,927,44.353829557713055,1,1.0164473684210527,3,0.016181229773462813,0.010302330059695608
"(2, 3, 1, 3, 1, 1, 3)",goods_receipt: ρ = type  │  invoice_receipt: ρ = type  │  material: ρ = DeliveryDateEKPOBEDAT  │  payment: ρ = PaymentMethodZLSCH  │  purchase_order: ρ = PurchasingGroupEKKOEKGRP  │  purchase_requisition: ρ = PurchasingGroupEBANEKGRP  │  quotation: ρ = type,True,,874,927,44.353829557713055,1,1.0606407322654463,10,0.057173678532901784,0.010302330059695608
"(2, 3, 1, 3, 1, 2, 1)",goods_receipt: ρ = type  │  invoice_receipt: ρ = type  │  material: ρ = DeliveryDateEKPOBEDAT  │  payment: ρ = PaymentMethodZLSCH  │  purchase_order: ρ = PurchasingGroupEKKOEKGRP  │  purchase_requisition: ρ = type  │  quotation: ρ = PurchasingGroupEBANEKGRP,True,,874,927,43.530744336569576,1,1.0606407322654463,10,0.057173678532901784,0.028668399768919772
"(2, 3, 1, 3, 2, 2, 3)",goods_receipt: ρ = type  │  invoice_receipt: ρ = type  │  material: ρ = DeliveryDateEKPOBEDAT  │  payment: ρ = PaymentMethodZLSCH  │  purchase_order: ρ = VendorEKKOLIFNR  │  purchase_requisition: ρ = type  │  quotation: ρ = type,True,,918,927,44.353829557713055,1,1.0098039215686274,3,0.009708737864077666,0.010302330059695608
"(2, 3, 1, 3, 3, 1, 1)",goods_receipt: ρ = type  │  invoice_receipt: ρ = type  │  material: ρ = DeliveryDateEKPOBEDAT  │  payment: ρ = PaymentMethodZLSCH  │  purchase_order: ρ = type  │  purchase_requisition: ρ = PurchasingGroupEBANEKGRP  │  quotation: ρ = PurchasingGroupEBANEKGRP,True,,874,927,44.353829557713055,1,1.0606407322654463,10,0.057173678532901784,0.010302330059695608
"(2, 3, 1, 3, 3, 2, 2)",goods_receipt: ρ = type  │  invoice_receipt: ρ = type  │  material: ρ = DeliveryDateEKPOBEDAT  │  payment: ρ = PaymentMethodZLSCH  │  purchase_order: ρ = type  │  purchase_requisition: ρ = type  │  quotation: ρ = VendorEBANLIFNR,True,,918,927,44.353829557713055,1,1.0098039215686274,3,0.009708737864077666,0.010302330059695608
"(2, 3, 1, 4, 1, 1, 1)",goods_receipt: ρ = type  │  invoice_receipt: ρ = type  │  material: ρ = DeliveryDateEKPOBEDAT  │  payment: ρ = type  │  purchase_order: ρ = PurchasingGroupEKKOEKGRP  │  purchase_requisition: ρ = PurchasingGroupEBANEKGRP  │  quotation: ρ = PurchasingGroupEBANEKGRP,True,,857,927,43.530744336569576,1,1.0816802800466745,22,0.07551240560949302,0.028668399768919772
"(2, 3, 1, 4, 2, 1, 3)",goods_receipt: ρ = type  │  invoice_receipt: ρ = type  │  material: ρ = DeliveryDateEKPOBEDAT  │  payment: ρ = type  │  purchase_order: ρ = VendorEKKOLIFNR  │  purchase_requisition: ρ = PurchasingGroupEBANEKGRP  │  quotation: ρ = type,True,,901,927,44.353829557713055,1,1.0288568257491675,4,0.028047464940668787,0.010302330059695608
"(2, 3, 1, 4, 1, 2, 2)",goods_receipt: ρ = type  │  invoice_receipt: ρ = type  │  material: ρ = DeliveryDateEKPOBEDAT  │  payment: ρ = type  │  purchase_order: ρ = PurchasingGroupEKKOEKGRP  │  purchase_requisition: ρ = type  │  quotation: ρ = VendorEBANLIFNR,True,,901,927,44.353829557713055,1,1.0288568257491675,4,0.028047464940668787,0.010302330059695608
"(2, 3, 1, 4, 2, 2, 1)",goods_receipt: ρ = type  │  invoice_receipt: ρ = type  │  material: ρ = DeliveryDateEKPOBEDAT  │  payment: ρ = type  │  purchase_order: ρ = VendorEKKOLIFNR  │  purchase_requisition: ρ = type  │  quotation: ρ = PurchasingGroupEBANEKGRP,True,,901,927,44.353829557713055,1,1.0288568257491675,4,0.028047464940668787,0.010302330059695608
"(2, 3, 1, 4, 3, 1, 2)",goods_receipt: ρ = type  │  invoice_receipt: ρ = type  │  material: ρ = DeliveryDateEKPOBEDAT  │  payment: ρ = type  │  purchase_order: ρ = type  │  purchase_requisition: ρ = PurchasingGroupEBANEKGRP  │  quotation: ρ = VendorEBANLIFNR,True,,901,927,44.353829557713055,1,1.0288568257491675,4,0.028047464940668787,0.010302330059695608
"(2, 3, 5, 1, 1, 1, 3)",goods_receipt: ρ = type  │  invoice_receipt: ρ = type  │  material: ρ = PlantEKPOWERKS  │  payment: ρ = AmountDMBTR  │  purchase_order: ρ = PurchasingGroupEKKOEKGRP  │  purchase_requisition: ρ = PurchasingGroupEBANEKGRP  │  quotation: ρ = type,True,,926,927,44.01294498381877,1,1.0010799136069115,2,0.0010787486515642097,0.01790872328134019
"(2, 3, 5, 1, 1, 2, 1)",goods_receipt: ρ = type  │  invoice_receipt: ρ = type  │  material: ρ = PlantEKPOWERKS  │  payment: ρ = AmountDMBTR  │  purchase_order: ρ = PurchasingGroupEKKOEKGRP  │  purchase_requisition: ρ = type  │  quotation: ρ = PurchasingGroupEBANEKGRP,True,,926,927,43.1898597626753,1,1.0010799136069115,2,0.0010787486515642097,0.03627479299056413
"(2, 3, 5, 1, 2, 2, 3)",goods_receipt: ρ = type  │  invoice_receipt: ρ = type  │  material: ρ = PlantEKPOWERKS  │  payment: ρ = AmountDMBTR  │  purchase_order: ρ = VendorEKKOLIFNR  │  purchase_requisition: ρ = type  │  quotation: ρ = type,True,,926,927,44.01294498381877,1,1.0010799136069115,2,0.0010787486515642097,0.01790872328134019
"(2, 3, 5, 1, 3, 1, 1)",goods_receipt: ρ = type  │  invoice_receipt: ρ = type  │  material: ρ = PlantEKPOWERKS  │  payment: ρ = AmountDMBTR  │  purchase_order: ρ = type  │  purchase_requisition: ρ = PurchasingGroupEBANEKGRP  │  quotation: ρ = PurchasingGroupEBANEKGRP,True,,926,927,44.01294498381877,1,1.0010799136069115,2,0.0010787486515642097,0.01790872328134019
"(2, 3, 5, 1, 3, 2, 2)",goods_receipt: ρ = type  │  invoice_receipt: ρ = type  │  material: ρ = PlantEKPOWERKS  │  payment: ρ = AmountDMBTR  │  purchase_order: ρ = type  │  purchase_requisition: ρ = type  │  quotation: ρ = VendorEBANLIFNR,True,,926,927,44.01294498381877,1,1.0010799136069115,2,0.0010787486515642097,0.01790872328134019
"(2, 3, 5, 2, 1, 1, 1)",goods_receipt: ρ = type  │  invoice_receipt: ρ = type  │  material: ρ = PlantEKPOWERKS  │  payment: ρ = AmountDMBTR_band  │  purchase_order: ρ = PurchasingGroupEKKOEKGRP  │  purchase_requisition: ρ = PurchasingGroupEBANEKGRP  │  quotation: ρ = PurchasingGroupEBANEKGRP,True,,741,927,43.1898597626753,1,1.2510121457489878,12,0.20064724919093846,0.03627479299056413
"(2, 3, 5, 2, 2, 1, 3)",goods_receipt: ρ = type  │  invoice_receipt: ρ = type  │  material: ρ = PlantEKPOWERKS  │  payment: ρ = AmountDMBTR_band  │  purchase_order: ρ = VendorEKKOLIFNR  │  purchase_requisition: ρ = PurchasingGroupEBANEKGRP  │  quotation: ρ = type,True,,881,927,44.01294498381877,1,1.0522133938706015,4,0.04962243797195254,0.01790872328134019
"(2, 3, 5, 2, 1, 2, 2)",goods_receipt: ρ = type  │  invoice_receipt: ρ = type  │  material: ρ = PlantEKPOWERKS  │  payment: ρ = AmountDMBTR_band  │  purchase_order: ρ = PurchasingGroupEKKOEKGRP  │  purchase_requisition: ρ = type  │  quotation: ρ = VendorEBANLIFNR,True,,881,927,44.01294498381877,1,1.0522133938706015,4,0.04962243797195254,0.01790872328134019
"(2, 3, 5, 2, 2, 2, 1)",goods_receipt: ρ = type  │  invoice_receipt: ρ = type  │  material: ρ = PlantEKPOWERKS  │  payment: ρ = AmountDMBTR_band  │  purchase_order: ρ = VendorEKKOLIFNR  │  purchase_requisition: ρ = type  │  quotation: ρ = PurchasingGroupEBANEKGRP,True,,881,927,44.01294498381877,1,1.0522133938706015,4,0.04962243797195254,0.01790872328134019
"(2, 3, 5, 2, 3, 1, 2)",goods_receipt: ρ = type  │  invoice_receipt: ρ = type  │  material: ρ = PlantEKPOWERKS  │  payment: ρ = AmountDMBTR_band  │  purchase_order: ρ = type  │  purchase_requisition: ρ = PurchasingGroupEBANEKGRP  │  quotation: ρ = VendorEBANLIFNR,True,,881,927,44.01294498381877,1,1.0522133938706015,4,0.04962243797195254,0.01790872328134019
"(2, 3, 5, 3, 1, 1, 1)",goods_receipt: ρ = type  │  invoice_receipt: ρ = type  │  material: ρ = PlantEKPOWERKS  │  payment: ρ = PaymentMethodZLSCH  │  purchase_order: ρ = PurchasingGroupEKKOEKGRP  │  purchase_requisition: ρ = PurchasingGroupEBANEKGRP  │  quotation: ρ = PurchasingGroupEBANEKGRP,True,,775,927,43.1898597626753,1,1.1961290322580644,10,0.16396979503775622,0.03627479299056413
"(2, 3, 5, 3, 2, 1, 3)",goods_receipt: ρ = type  │  invoice_receipt: ρ = type  │  material: ρ = PlantEKPOWERKS  │  payment: ρ = PaymentMethodZLSCH  │  purchase_order: ρ = VendorEKKOLIFNR  │  purchase_requisition: ρ = PurchasingGroupEBANEKGRP  │  quotation: ρ = type,True,,902,927,44.01294498381877,1,1.0277161862527717,3,0.02696871628910469,0.01790872328134019
"(2, 3, 5, 3, 1, 2, 2)",goods_receipt: ρ = type  │  invoice_receipt: ρ = type  │  material: ρ = PlantEKPOWERKS  │  payment: ρ = PaymentMethodZLSCH  │  purchase_order: ρ = PurchasingGroupEKKOEKGRP  │  purchase_requisition: ρ = type  │  quotation: ρ = VendorEBANLIFNR,True,,902,927,44.01294498381877,1,1.0277161862527717,3,0.02696871628910469,0.01790872328134019
"(2, 3, 5, 3, 2, 2, 1)",goods_receipt: ρ = type  │  invoice_receipt: ρ = type  │  material: ρ = PlantEKPOWERKS  │  payment: ρ = PaymentMethodZLSCH  │  purchase_order: ρ = VendorEKKOLIFNR  │  purchase_requisition: ρ = type  │  quotation: ρ = PurchasingGroupEBANEKGRP,True,,902,927,44.01294498381877,1,1.0277161862527717,3,0.02696871628910469,0.01790872328134019
"(2, 3, 5, 3, 3, 1, 2)",goods_receipt: ρ = type  │  invoice_receipt: ρ = type  │  material: ρ = PlantEKPOWERKS  │  payment: ρ = PaymentMethodZLSCH  │  purchase_order: ρ = type  │  purchase_requisition: ρ = PurchasingGroupEBANEKGRP  │  quotation: ρ = VendorEBANLIFNR,True,,902,927,44.01294498381877,1,1.0277161862527717,3,0.02696871628910469,0.01790872328134019
"(2, 3, 5, 4, 1, 1, 2)",goods_receipt: ρ = type  │  invoice_receipt: ρ = type  │  material: ρ = PlantEKPOWERKS  │  payment: ρ = type  │  purchase_order: ρ = PurchasingGroupEKKOEKGRP  │  purchase_requisition: ρ = PurchasingGroupEBANEKGRP  │  quotation: ρ = VendorEBANLIFNR,True,,858,927,44.01294498381877,1,1.0804195804195804,4,0.0744336569579288,0.01790872328134019
"(2, 3, 5, 4, 2, 1, 1)",goods_receipt: ρ = type  │  invoice_receipt: ρ = type  │  material: ρ = PlantEKPOWERKS  │  payment: ρ = type  │  purchase_order: ρ = VendorEKKOLIFNR  │  purchase_requisition: ρ = PurchasingGroupEBANEKGRP  │  quotation: ρ = PurchasingGroupEBANEKGRP,True,,858,927,44.01294498381877,1,1.0804195804195804,4,0.0744336569579288,0.01790872328134019
"(2, 3, 5, 4, 2, 2, 2)",goods_receipt: ρ = type  │  invoice_receipt: ρ = type  │  material: ρ = PlantEKPOWERKS  │  payment: ρ = type  │  purchase_order: ρ = VendorEKKOLIFNR  │  purchase_requisition: ρ = type  │  quotation: ρ = VendorEBANLIFNR,True,,858,927,43.1898597626753,1,1.0804195804195804,4,0.0744336569579288,0.03627479299056413
"(2, 3, 6, 1, 1, 2, 3)",goods_receipt: ρ = type  │  invoice_receipt: ρ = type  │  material: ρ = QuantityEKPOMENGE  │  payment: ρ = AmountDMBTR  │  purchase_order: ρ = PurchasingGroupEKKOEKGRP  │  purchase_requisition: ρ = type  │  quotation: ρ = type,True,,919,927,44.33009708737864,1,1.0087051142546246,2,0.008629989212513456,0.010831889081455826
"(2, 3, 6, 1, 3, 1, 3)",goods_receipt: ρ = type  │  invoice_receipt: ρ = type  │  material: ρ = QuantityEKPOMENGE  │  payment: ρ = AmountDMBTR  │  purchase_order: ρ = type  │  purchase_requisition: ρ = PurchasingGroupEBANEKGRP  │  quotation: ρ = type,True,,919,927,44.33009708737864,1,1.0087051142546246,2,0.008629989212513456,0.010831889081455826
"(2, 3, 6, 1, 3, 2, 1)",goods_receipt: ρ = type  │  invoice_receipt: ρ = type  │  material: ρ = QuantityEKPOMENGE  │  payment: ρ = AmountDMBTR  │  purchase_order: ρ = type  │  purchase_requisition: ρ = type  │  quotation: ρ = PurchasingGroupEBANEKGRP,True,,919,927,44.33009708737864,1,1.0087051142546246,2,0.008629989212513456,0.010831889081455826
"(2, 3, 6, 2, 1, 1, 3)",goods_receipt: ρ = type  │  invoice_receipt: ρ = type  │  material: ρ = QuantityEKPOMENGE  │  payment: ρ = AmountDMBTR_band  │  purchase_order: ρ = PurchasingGroupEKKOEKGRP  │  purchase_requisition: ρ = PurchasingGroupEBANEKGRP  │  quotation: ρ = type,True,,851,927,44.33009708737864,1,1.0893066980023502,12,0.08198489751887805,0.010831889081455826
"(2, 3, 6, 2, 1, 2, 1)",goods_receipt: ρ = type  │  invoice_receipt: ρ = type  │  material: ρ = QuantityEKPOMENGE  │  payment: ρ = AmountDMBTR_band  │  purchase_order: ρ = PurchasingGroupEKKOEKGRP  │  purchase_requisition: ρ = type  │  quotation: ρ = PurchasingGroupEBANEKGRP,True,,851,927,43.50701186623517,1,1.0893066980023502,12,0.08198489751887805,0.029197958790679657
"(2, 3, 6, 2, 2, 2, 3)",goods_receipt: ρ = type  │  invoice_receipt: ρ = type  │  material: ρ = QuantityEKPOMENGE  │  payment: ρ = AmountDMBTR_band  │  purchase_order: ρ = VendorEKKOLIFNR  │  purchase_requisition: ρ = type  │  quotation: ρ = type,True,,909,927,44.33009708737864,1,1.0198019801980198,3,0.01941747572815533,0.010831889081455826
"(2, 3, 6, 2, 3, 1, 1)",goods_receipt: ρ = type  │  invoice_receipt: ρ = type  │  material: ρ = QuantityEKPOMENGE  │  payment: ρ = AmountDMBTR_band  │  purchase_order: ρ = type  │  purchase_requisition: ρ = PurchasingGroupEBANEKGRP  │  quotation: ρ = PurchasingGroupEBANEKGRP,True,,851,927,44.33009708737864,1,1.0893066980023502,12,0.08198489751887805,0.010831889081455826
"(2, 3, 6, 2, 3, 2, 2)",goods_receipt: ρ = type  │  invoice_receipt: ρ = type  │  material: ρ = QuantityEKPOMENGE  │  payment: ρ = AmountDMBTR_band  │  purchase_order: ρ = type  │  purchase_requisition: ρ = type  │  quotation: ρ = VendorEBANLIFNR,True,,909,927,44.33009708737864,1,1.0198019801980198,3,0.01941747572815533,0.010831889081455826
"(2, 3, 6, 3, 1, 1, 3)",goods_receipt: ρ = type  │  invoice_receipt: ρ = type  │  material: ρ = QuantityEKPOMENGE  │  payment: ρ = PaymentMethodZLSCH  │  purchase_order: ρ = PurchasingGroupEKKOEKGRP  │  purchase_requisition: ρ = PurchasingGroupEBANEKGRP  │  quotation: ρ = type,True,,867,927,44.33009708737864,1,1.069204152249135,10,0.06472491909385114,0.010831889081455826
"(2, 3, 6, 3, 1, 2, 1)",goods_receipt: ρ = type  │  invoice_receipt: ρ = type  │  material: ρ = QuantityEKPOMENGE  │  payment: ρ = PaymentMethodZLSCH  │  purchase_order: ρ = PurchasingGroupEKKOEKGRP  │  purchase_requisition: ρ = type  │  quotation: ρ = PurchasingGroupEBANEKGRP,True,,867,927,43.50701186623517,1,1.069204152249135,10,0.06472491909385114,0.029197958790679657
"(2, 3, 6, 3, 2, 2, 3)",goods_receipt: ρ = type  │  invoice_receipt: ρ = type  │  material: ρ = QuantityEKPOMENGE  │  payment: ρ = PaymentMethodZLSCH  │  purchase_order: ρ = VendorEKKOLIFNR  │  purchase_requisition: ρ = type  │  quotation: ρ = type,True,,917,927,44.33009708737864,1,1.0109051254089423,3,0.010787486515641875,0.010831889081455826
"(2, 3, 6, 3, 3, 1, 1)",goods_receipt: ρ = type  │  invoice_receipt: ρ = type  │  material: ρ = QuantityEKPOMENGE  │  payment: ρ = PaymentMethodZLSCH  │  purchase_order: ρ = type  │  purchase_requisition: ρ = PurchasingGroupEBANEKGRP  │  quotation: ρ = PurchasingGroupEBANEKGRP,True,,867,927,44.33009708737864,1,1.069204152249135,10,0.06472491909385114,0.010831889081455826
"(2, 3, 6, 3, 3, 2, 2)",goods_receipt: ρ = type  │  invoice_receipt: ρ = type  │  material: ρ = QuantityEKPOMENGE  │  payment: ρ = PaymentMethodZLSCH  │  purchase_order: ρ = type  │  purchase_requisition: ρ = type  │  quotation: ρ = VendorEBANLIFNR,True,,917,927,44.33009708737864,1,1.0109051254089423,3,0.010787486515641875,0.010831889081455826
"(2, 3, 6, 4, 1, 1, 1)",goods_receipt: ρ = type  │  invoice_receipt: ρ = type  │  material: ρ = QuantityEKPOMENGE  │  payment: ρ = type  │  purchase_order: ρ = PurchasingGroupEKKOEKGRP  │  purchase_requisition: ρ = PurchasingGroupEBANEKGRP  │  quotation: ρ = PurchasingGroupEBANEKGRP,True,,837,927,43.50701186623517,1,1.10752688172043,22,0.09708737864077666,0.029197958790679657
"(2, 3, 6, 4, 2, 1, 3)",goods_receipt: ρ = type  │  invoice_receipt: ρ = type  │  material: ρ = QuantityEKPOMENGE  │  payment: ρ = type  │  purchase_order: ρ = VendorEKKOLIFNR  │  purchase_requisition: ρ = PurchasingGroupEBANEKGRP  │  quotation: ρ = type,True,,898,927,44.33009708737864,1,1.0322939866369711,4,0.031283710895361416,0.010831889081455826
"(2, 3, 6, 4, 1, 2, 2)",goods_receipt: ρ = type  │  invoice_receipt: ρ = type  │  material: ρ = QuantityEKPOMENGE  │  payment: ρ = type  │  purchase_order: ρ = PurchasingGroupEKKOEKGRP  │  purchase_requisition: ρ = type  │  quotation: ρ = VendorEBANLIFNR,True,,898,927,44.33009708737864,1,1.0322939866369711,4,0.031283710895361416,0.010831889081455826
"(2, 3, 6, 4, 2, 2, 1)",goods_receipt: ρ = type  │  invoice_receipt: ρ = type  │  material: ρ = QuantityEKPOMENGE  │  payment: ρ = type  │  purchase_order: ρ = VendorEKKOLIFNR  │  purchase_requisition: ρ = type  │  quotation: ρ = PurchasingGroupEBANEKGRP,True,,898,927,44.33009708737864,1,1.0322939866369711,4,0.031283710895361416,0.010831889081455826
"(2, 3, 6, 4, 3, 1, 2)",goods_receipt: ρ = type  │  invoice_receipt: ρ = type  │  material: ρ = QuantityEKPOMENGE  │  payment: ρ = type  │  purchase_order: ρ = type  │  purchase_requisition: ρ = PurchasingGroupEBANEKGRP  │  quotation: ρ = VendorEBANLIFNR,True,,898,927,44.33009708737864,1,1.0322939866369711,4,0.031283710895361416,0.010831889081455826
"(2, 3, 7, 1, 1, 1, 3)",goods_receipt: ρ = type  │  invoice_receipt: ρ = type  │  material: ρ = QuantityEKPOMENGE_band  │  payment: ρ = AmountDMBTR  │  purchase_order: ρ = PurchasingGroupEKKOEKGRP  │  purchase_requisition: ρ = PurchasingGroupEBANEKGRP  │  quotation: ρ = type,True,,919,927,43.80474649406688,1,1.0087051142546246,2,0.008629989212513456,0.022554400154053522
"(2, 3, 7, 1, 1, 2, 1)",goods_receipt: ρ = type  │  invoice_receipt: ρ = type  │  material: ρ = QuantityEKPOMENGE_band  │  payment: ρ = AmountDMBTR  │  purchase_order: ρ = PurchasingGroupEKKOEKGRP  │  purchase_requisition: ρ = type  │  quotation: ρ = PurchasingGroupEBANEKGRP,True,,919,927,42.98166127292341,1,1.0087051142546246,2,0.008629989212513456,0.04092046986327735
"(2, 3, 7, 1, 2, 2, 3)",goods_receipt: ρ = type  │  invoice_receipt: ρ = type  │  material: ρ = QuantityEKPOMENGE_band  │  payment: ρ = AmountDMBTR  │  purchase_order: ρ = VendorEKKOLIFNR  │  purchase_requisition: ρ = type  │  quotation: ρ = type,True,,926,927,43.80474649406688,1,1.0010799136069115,2,0.0010787486515642097,0.022554400154053522
"(2, 3, 7, 1, 3, 1, 1)",goods_receipt: ρ = type  │  invoice_receipt: ρ = type  │  material: ρ = QuantityEKPOMENGE_band  │  payment: ρ = AmountDMBTR  │  purchase_order: ρ = type  │  purchase_requisition: ρ = PurchasingGroupEBANEKGRP  │  quotation: ρ = PurchasingGroupEBANEKGRP,True,,919,927,43.80474649406688,1,1.0087051142546246,2,0.008629989212513456,0.022554400154053522
"(2, 3, 7, 1, 3, 2, 2)",goods_receipt: ρ = type  │  invoice_receipt: ρ = type  │  material: ρ = QuantityEKPOMENGE_band  │  payment: ρ = AmountDMBTR  │  purchase_order: ρ = type  │  purchase_requisition: ρ = type  │  quotation: ρ = VendorEBANLIFNR,True,,926,927,43.80474649406688,1,1.0010799136069115,2,0.0010787486515642097,0.022554400154053522
"(2, 3, 7, 2, 1, 1, 1)",goods_receipt: ρ = type  │  invoice_receipt: ρ = type  │  material: ρ = QuantityEKPOMENGE_band  │  payment: ρ = AmountDMBTR_band  │  purchase_order: ρ = PurchasingGroupEKKOEKGRP  │  purchase_requisition: ρ = PurchasingGroupEBANEKGRP  │  quotation: ρ = PurchasingGroupEBANEKGRP,True,,700,927,42.98166127292341,1,1.3242857142857143,17,0.24487594390507017,0.04092046986327735
"(2, 3, 7, 2, 2, 1, 3)",goods_receipt: ρ = type  │  invoice_receipt: ρ = type  │  material: ρ = QuantityEKPOMENGE_band  │  payment: ρ = AmountDMBTR_band  │  purchase_order: ρ = VendorEKKOLIFNR  │  purchase_requisition: ρ = PurchasingGroupEBANEKGRP  │  quotation: ρ = type,True,,853,927,43.80474649406688,1,1.0867526377491208,4,0.07982740021574974,0.022554400154053522
"(2, 3, 7, 2, 1, 2, 2)",goods_receipt: ρ = type  │  invoice_receipt: ρ = type  │  material: ρ = QuantityEKPOMENGE_band  │  payment: ρ = AmountDMBTR_band  │  purchase_order: ρ = PurchasingGroupEKKOEKGRP  │  purchase_requisition: ρ = type  │  quotation: ρ = VendorEBANLIFNR,True,,853,927,43.80474649406688,1,1.0867526377491208,4,0.07982740021574974,0.022554400154053522
"(2, 3, 7, 2, 2, 2, 1)",goods_receipt: ρ = type  │  invoice_receipt: ρ = type  │  material: ρ = QuantityEKPOMENGE_band  │  payment: ρ = AmountDMBTR_band  │  purchase_order: ρ = VendorEKKOLIFNR  │  purchase_requisition: ρ = type  │  quotation: ρ = PurchasingGroupEBANEKGRP,True,,853,927,43.80474649406688,1,1.0867526377491208,4,0.07982740021574974,0.022554400154053522
"(2, 3, 7, 2, 3, 1, 2)",goods_receipt: ρ = type  │  invoice_receipt: ρ = type  │  material: ρ = QuantityEKPOMENGE_band  │  payment: ρ = AmountDMBTR_band  │  purchase_order: ρ = type  │  purchase_requisition: ρ = PurchasingGroupEBANEKGRP  │  quotation: ρ = VendorEBANLIFNR,True,,853,927,43.80474649406688,1,1.0867526377491208,4,0.07982740021574974,0.022554400154053522
"(2, 3, 7, 3, 1, 1, 1)",goods_receipt: ρ = type  │  invoice_receipt: ρ = type  │  material: ρ = QuantityEKPOMENGE_band  │  payment: ρ = PaymentMethodZLSCH  │  purchase_order: ρ = PurchasingGroupEKKOEKGRP  │  purchase_requisition: ρ = PurchasingGroupEBANEKGRP  │  quotation: ρ = PurchasingGroupEBANEKGRP,True,,748,927,42.98166127292341,1,1.2393048128342246,10,0.1930960086299892,0.04092046986327735
"(2, 3, 7, 3, 2, 1, 3)",goods_receipt: ρ = type  │  invoice_receipt: ρ = type  │  material: ρ = QuantityEKPOMENGE_band  │  payment: ρ = PaymentMethodZLSCH  │  purchase_order: ρ = VendorEKKOLIFNR  │  purchase_requisition: ρ = PurchasingGroupEBANEKGRP  │  quotation: ρ = type,True,,889,927,43.80474649406688,1,1.0427446569178853,3,0.04099244875943908,0.022554400154053522
"(2, 3, 7, 3, 1, 2, 2)",goods_receipt: ρ = type  │  invoice_receipt: ρ = type  │  material: ρ = QuantityEKPOMENGE_band  │  payment: ρ = PaymentMethodZLSCH  │  purchase_order: ρ = PurchasingGroupEKKOEKGRP  │  purchase_requisition: ρ = type  │  quotation: ρ = VendorEBANLIFNR,True,,889,927,43.80474649406688,1,1.0427446569178853,3,0.04099244875943908,0.022554400154053522
"(2, 3, 7, 3, 2, 2, 1)",goods_receipt: ρ = type  │  invoice_receipt: ρ = type  │  material: ρ = QuantityEKPOMENGE_band  │  payment: ρ = PaymentMethodZLSCH  │  purchase_order: ρ = VendorEKKOLIFNR  │  purchase_requisition: ρ = type  │  quotation: ρ = PurchasingGroupEBANEKGRP,True,,889,927,43.80474649406688,1,1.0427446569178853,3,0.04099244875943908,0.022554400154053522
"(2, 3, 7, 3, 3, 1, 2)",goods_receipt: ρ = type  │  invoice_receipt: ρ = type  │  material: ρ = QuantityEKPOMENGE_band  │  payment: ρ = PaymentMethodZLSCH  │  purchase_order: ρ = type  │  purchase_requisition: ρ = PurchasingGroupEBANEKGRP  │  quotation: ρ = VendorEBANLIFNR,True,,889,927,43.80474649406688,1,1.0427446569178853,3,0.04099244875943908,0.022554400154053522
"(2, 3, 7, 4, 1, 1, 2)",goods_receipt: ρ = type  │  invoice_receipt: ρ = type  │  material: ρ = QuantityEKPOMENGE_band  │  payment: ρ = type  │  purchase_order: ρ = PurchasingGroupEKKOEKGRP  │  purchase_requisition: ρ = PurchasingGroupEBANEKGRP  │  quotation: ρ = VendorEBANLIFNR,True,,836,927,43.80474649406688,1,1.1088516746411483,4,0.09816612729234087,0.022554400154053522
"(2, 3, 7, 4, 2, 1, 1)",goods_receipt: ρ = type  │  invoice_receipt: ρ = type  │  material: ρ = QuantityEKPOMENGE_band  │  payment: ρ = type  │  purchase_order: ρ = VendorEKKOLIFNR  │  purchase_requisition: ρ = PurchasingGroupEBANEKGRP  │  quotation: ρ = PurchasingGroupEBANEKGRP,True,,836,927,43.80474649406688,1,1.1088516746411483,4,0.09816612729234087,0.022554400154053522
"(2, 3, 7, 4, 2, 2, 2)",goods_receipt: ρ = type  │  invoice_receipt: ρ = type  │  material: ρ = QuantityEKPOMENGE_band  │  payment: ρ = type  │  purchase_order: ρ = VendorEKKOLIFNR  │  purchase_requisition: ρ = type  │  quotation: ρ = VendorEBANLIFNR,True,,836,927,42.98166127292341,1,1.1088516746411483,4,0.09816612729234087,0.04092046986327735
"(2, 3, 8, 1, 1, 1, 3)",goods_receipt: ρ = type  │  invoice_receipt: ρ = type  │  material: ρ = StorageLocationEKPOLGORT  │  payment: ρ = AmountDMBTR  │  purchase_order: ρ = PurchasingGroupEKKOEKGRP  │  purchase_requisition: ρ = PurchasingGroupEBANEKGRP  │  quotation: ρ = type,True,,926,927,44.01294498381877,1,1.0010799136069115,2,0.0010787486515642097,0.01790872328134019
"(2, 3, 8, 1, 1, 2, 1)",goods_receipt: ρ = type  │  invoice_receipt: ρ = type  │  material: ρ = StorageLocationEKPOLGORT  │  payment: ρ = AmountDMBTR  │  purchase_order: ρ = PurchasingGroupEKKOEKGRP  │  purchase_requisition: ρ = type  │  quotation: ρ = PurchasingGroupEBANEKGRP,True,,926,927,43.1898597626753,1,1.0010799136069115,2,0.0010787486515642097,0.03627479299056413
"(2, 3, 8, 1, 2, 2, 3)",goods_receipt: ρ = type  │  invoice_receipt: ρ = type  │  material: ρ = StorageLocationEKPOLGORT  │  payment: ρ = AmountDMBTR  │  purchase_order: ρ = VendorEKKOLIFNR  │  purchase_requisition: ρ = type  │  quotation: ρ = type,False,no merging (K = n_executions),927,927,44.01294498381877,1,1.0,1,0.0,0.01790872328134019
"(2, 3, 8, 1, 3, 1, 1)",goods_receipt: ρ = type  │  invoice_receipt: ρ = type  │  material: ρ = StorageLocationEKPOLGORT  │  payment: ρ = AmountDMBTR  │  purchase_order: ρ = type  │  purchase_requisition: ρ = PurchasingGroupEBANEKGRP  │  quotation: ρ = PurchasingGroupEBANEKGRP,True,,926,927,44.01294498381877,1,1.0010799136069115,2,0.0010787486515642097,0.01790872328134019
"(2, 3, 8, 1, 3, 2, 2)",goods_receipt: ρ = type  │  invoice_receipt: ρ = type  │  material: ρ = StorageLocationEKPOLGORT  │  payment: ρ = AmountDMBTR  │  purchase_order: ρ = type  │  purchase_requisition: ρ = type  │  quotation: ρ = VendorEBANLIFNR,False,no merging (K = n_executions),927,927,44.01294498381877,1,1.0,1,0.0,0.01790872328134019
"(2, 3, 8, 2, 1, 1, 1)",goods_receipt: ρ = type  │  invoice_receipt: ρ = type  │  material: ρ = StorageLocationEKPOLGORT  │  payment: ρ = AmountDMBTR_band  │  purchase_order: ρ = PurchasingGroupEKKOEKGRP  │  purchase_requisition: ρ = PurchasingGroupEBANEKGRP  │  quotation: ρ = PurchasingGroupEBANEKGRP,True,,741,927,43.1898597626753,1,1.2510121457489878,12,0.20064724919093846,0.03627479299056413
"(2, 3, 8, 2, 2, 1, 3)",goods_receipt: ρ = type  │  invoice_receipt: ρ = type  │  material: ρ = StorageLocationEKPOLGORT  │  payment: ρ = AmountDMBTR_band  │  purchase_order: ρ = VendorEKKOLIFNR  │  purchase_requisition: ρ = PurchasingGroupEBANEKGRP  │  quotation: ρ = type,True,,881,927,44.01294498381877,1,1.0522133938706015,3,0.04962243797195254,0.01790872328134019
"(2, 3, 8, 2, 1, 2, 2)",goods_receipt: ρ = type  │  invoice_receipt: ρ = type  │  material: ρ = StorageLocationEKPOLGORT  │  payment: ρ = AmountDMBTR_band  │  purchase_order: ρ = PurchasingGroupEKKOEKGRP  │  purchase_requisition: ρ = type  │  quotation: ρ = VendorEBANLIFNR,True,,881,927,44.01294498381877,1,1.0522133938706015,3,0.04962243797195254,0.01790872328134019
"(2, 3, 8, 2, 2, 2, 1)",goods_receipt: ρ = type  │  invoice_receipt: ρ = type  │  material: ρ = StorageLocationEKPOLGORT  │  payment: ρ = AmountDMBTR_band  │  purchase_order: ρ = VendorEKKOLIFNR  │  purchase_requisition: ρ = type  │  quotation: ρ = PurchasingGroupEBANEKGRP,True,,881,927,44.01294498381877,1,1.0522133938706015,3,0.04962243797195254,0.01790872328134019
"(2, 3, 8, 2, 3, 1, 2)",goods_receipt: ρ = type  │  invoice_receipt: ρ = type  │  material: ρ = StorageLocationEKPOLGORT  │  payment: ρ = AmountDMBTR_band  │  purchase_order: ρ = type  │  purchase_requisition: ρ = PurchasingGroupEBANEKGRP  │  quotation: ρ = VendorEBANLIFNR,True,,881,927,44.01294498381877,1,1.0522133938706015,3,0.04962243797195254,0.01790872328134019
"(2, 3, 8, 3, 1, 1, 1)",goods_receipt: ρ = type  │  invoice_receipt: ρ = type  │  material: ρ = StorageLocationEKPOLGORT  │  payment: ρ = PaymentMethodZLSCH  │  purchase_order: ρ = PurchasingGroupEKKOEKGRP  │  purchase_requisition: ρ = PurchasingGroupEBANEKGRP  │  quotation: ρ = PurchasingGroupEBANEKGRP,True,,776,927,43.1898597626753,1,1.1945876288659794,10,0.162891046386192,0.03627479299056413
"(2, 3, 8, 3, 2, 1, 3)",goods_receipt: ρ = type  │  invoice_receipt: ρ = type  │  material: ρ = StorageLocationEKPOLGORT  │  payment: ρ = PaymentMethodZLSCH  │  purchase_order: ρ = VendorEKKOLIFNR  │  purchase_requisition: ρ = PurchasingGroupEBANEKGRP  │  quotation: ρ = type,True,,900,927,44.01294498381877,1,1.03,3,0.029126213592232997,0.01790872328134019
"(2, 3, 8, 3, 1, 2, 2)",goods_receipt: ρ = type  │  invoice_receipt: ρ = type  │  material: ρ = StorageLocationEKPOLGORT  │  payment: ρ = PaymentMethodZLSCH  │  purchase_order: ρ = PurchasingGroupEKKOEKGRP  │  purchase_requisition: ρ = type  │  quotation: ρ = VendorEBANLIFNR,True,,900,927,44.01294498381877,1,1.03,3,0.029126213592232997,0.01790872328134019
"(2, 3, 8, 3, 2, 2, 1)",goods_receipt: ρ = type  │  invoice_receipt: ρ = type  │  material: ρ = StorageLocationEKPOLGORT  │  payment: ρ = PaymentMethodZLSCH  │  purchase_order: ρ = VendorEKKOLIFNR  │  purchase_requisition: ρ = type  │  quotation: ρ = PurchasingGroupEBANEKGRP,True,,900,927,44.01294498381877,1,1.03,3,0.029126213592232997,0.01790872328134019
"(2, 3, 8, 3, 3, 1, 2)",goods_receipt: ρ = type  │  invoice_receipt: ρ = type  │  material: ρ = StorageLocationEKPOLGORT  │  payment: ρ = PaymentMethodZLSCH  │  purchase_order: ρ = type  │  purchase_requisition: ρ = PurchasingGroupEBANEKGRP  │  quotation: ρ = VendorEBANLIFNR,True,,900,927,44.01294498381877,1,1.03,3,0.029126213592232997,0.01790872328134019
"(2, 3, 8, 4, 1, 1, 2)",goods_receipt: ρ = type  │  invoice_receipt: ρ = type  │  material: ρ = StorageLocationEKPOLGORT  │  payment: ρ = type  │  purchase_order: ρ = PurchasingGroupEKKOEKGRP  │  purchase_requisition: ρ = PurchasingGroupEBANEKGRP  │  quotation: ρ = VendorEBANLIFNR,True,,855,927,44.01294498381877,1,1.0842105263157895,4,0.07766990291262132,0.01790872328134019
"(2, 3, 8, 4, 2, 1, 1)",goods_receipt: ρ = type  │  invoice_receipt: ρ = type  │  material: ρ = StorageLocationEKPOLGORT  │  payment: ρ = type  │  purchase_order: ρ = VendorEKKOLIFNR  │  purchase_requisition: ρ = PurchasingGroupEBANEKGRP  │  quotation: ρ = PurchasingGroupEBANEKGRP,True,,855,927,44.01294498381877,1,1.0842105263157895,4,0.07766990291262132,0.01790872328134019
"(2, 3, 8, 4, 2, 2, 2)",goods_receipt: ρ = type  │  invoice_receipt: ρ = type  │  material: ρ = StorageLocationEKPOLGORT  │  payment: ρ = type  │  purchase_order: ρ = VendorEKKOLIFNR  │  purchase_requisition: ρ = type  │  quotation: ρ = VendorEBANLIFNR,True,,855,927,43.1898597626753,1,1.0842105263157895,4,0.07766990291262132,0.03627479299056413
"(2, 3, 9, 1, 1, 1, 1)",goods_receipt: ρ = type  │  invoice_receipt: ρ = type  │  material: ρ = type  │  payment: ρ = AmountDMBTR  │  purchase_order: ρ = PurchasingGroupEKKOEKGRP  │  purchase_requisition: ρ = PurchasingGroupEBANEKGRP  │  quotation: ρ = PurchasingGroupEBANEKGRP,True,,918,927,42.36785329018339,1,1.0098039215686274,2,0.009708737864077666,0.05461679183516266
"(2, 3, 9, 1, 2, 1, 3)",goods_receipt: ρ = type  │  invoice_receipt: ρ = type  │  material: ρ = type  │  payment: ρ = AmountDMBTR  │  purchase_order: ρ = VendorEKKOLIFNR  │  purchase_requisition: ρ = PurchasingGroupEBANEKGRP  │  quotation: ρ = type,True,,926,927,43.19093851132686,1,1.0010799136069115,2,0.0010787486515642097,0.03625072212593872
"(2, 3, 9, 1, 1, 2, 2)",goods_receipt: ρ = type  │  invoice_receipt: ρ = type  │  material: ρ = type  │  payment: ρ = AmountDMBTR  │  purchase_order: ρ = PurchasingGroupEKKOEKGRP  │  purchase_requisition: ρ = type  │  quotation: ρ = VendorEBANLIFNR,True,,926,927,43.19093851132686,1,1.0010799136069115,2,0.0010787486515642097,0.03625072212593872
"(2, 3, 9, 1, 2, 2, 1)",goods_receipt: ρ = type  │  invoice_receipt: ρ = type  │  material: ρ = type  │  payment: ρ = AmountDMBTR  │  purchase_order: ρ = VendorEKKOLIFNR  │  purchase_requisition: ρ = type  │  quotation: ρ = PurchasingGroupEBANEKGRP,True,,926,927,43.19093851132686,1,1.0010799136069115,2,0.0010787486515642097,0.03625072212593872
"(2, 3, 9, 1, 3, 1, 2)",goods_receipt: ρ = type  │  invoice_receipt: ρ = type  │  material: ρ = type  │  payment: ρ = AmountDMBTR  │  purchase_order: ρ = type  │  purchase_requisition: ρ = PurchasingGroupEBANEKGRP  │  quotation: ρ = VendorEBANLIFNR,True,,926,927,43.19093851132686,1,1.0010799136069115,2,0.0010787486515642097,0.03625072212593872
"(2, 3, 9, 2, 1, 1, 2)",goods_receipt: ρ = type  │  invoice_receipt: ρ = type  │  material: ρ = type  │  payment: ρ = AmountDMBTR_band  │  purchase_order: ρ = PurchasingGroupEKKOEKGRP  │  purchase_requisition: ρ = PurchasingGroupEBANEKGRP  │  quotation: ρ = VendorEBANLIFNR,True,,792,927,43.19093851132686,1,1.1704545454545454,7,0.1456310679611651,0.03625072212593872
"(2, 3, 9, 2, 2, 1, 1)",goods_receipt: ρ = type  │  invoice_receipt: ρ = type  │  material: ρ = type  │  payment: ρ = AmountDMBTR_band  │  purchase_order: ρ = VendorEKKOLIFNR  │  purchase_requisition: ρ = PurchasingGroupEBANEKGRP  │  quotation: ρ = PurchasingGroupEBANEKGRP,True,,792,927,43.19093851132686,1,1.1704545454545454,7,0.1456310679611651,0.03625072212593872
"(2, 3, 9, 2, 2, 2, 2)",goods_receipt: ρ = type  │  invoice_receipt: ρ = type  │  material: ρ = type  │  payment: ρ = AmountDMBTR_band  │  purchase_order: ρ = VendorEKKOLIFNR  │  purchase_requisition: ρ = type  │  quotation: ρ = VendorEBANLIFNR,True,,792,927,42.36785329018339,1,1.1704545454545454,7,0.1456310679611651,0.05461679183516266
"(2, 3, 9, 3, 1, 1, 2)",goods_receipt: ρ = type  │  invoice_receipt: ρ = type  │  material: ρ = type  │  payment: ρ = PaymentMethodZLSCH  │  purchase_order: ρ = PurchasingGroupEKKOEKGRP  │  purchase_requisition: ρ = PurchasingGroupEBANEKGRP  │  quotation: ρ = VendorEBANLIFNR,True,,844,927,43.19093851132686,1,1.0983412322274881,5,0.08953613807982741,0.03625072212593872
"(2, 3, 9, 3, 2, 1, 1)",goods_receipt: ρ = type  │  invoice_receipt: ρ = type  │  material: ρ = type  │  payment: ρ = PaymentMethodZLSCH  │  purchase_order: ρ = VendorEKKOLIFNR  │  purchase_requisition: ρ = PurchasingGroupEBANEKGRP  │  quotation: ρ = PurchasingGroupEBANEKGRP,True,,844,927,43.19093851132686,1,1.0983412322274881,5,0.08953613807982741,0.03625072212593872
"(2, 3, 9, 3, 2, 2, 2)",goods_receipt: ρ = type  │  invoice_receipt: ρ = type  │  material: ρ = type  │  payment: ρ = PaymentMethodZLSCH  │  purchase_order: ρ = VendorEKKOLIFNR  │  purchase_requisition: ρ = type  │  quotation: ρ = VendorEBANLIFNR,True,,844,927,42.36785329018339,1,1.0983412322274881,5,0.08953613807982741,0.05461679183516266
"(2, 3, 9, 4, 2, 1, 2)",goods_receipt: ρ = type  │  invoice_receipt: ρ = type  │  material: ρ = type  │  payment: ρ = type  │  purchase_order: ρ = VendorEKKOLIFNR  │  purchase_requisition: ρ = PurchasingGroupEBANEKGRP  │  quotation: ρ = VendorEBANLIFNR,True,,748,927,42.36785329018339,1,1.2393048128342246,7,0.1930960086299892,0.05461679183516266
"(2, 1, 2, 2, 3, 2, 3)",goods_receipt: ρ = type  │  invoice_receipt: ρ = CreditAmountBSEGWRBTR  │  material: ρ = MaterialEKPOMATNR  │  payment: ρ = AmountDMBTR_band  │  purchase_order: ρ = type  │  purchase_requisition: ρ = type  │  quotation: ρ = type,True,,920,927,44.353829557713055,1,1.007608695652174,2,0.007551240560949246,0.010302330059695608
"(2, 1, 2, 3, 3, 2, 3)",goods_receipt: ρ = type  │  invoice_receipt: ρ = CreditAmountBSEGWRBTR  │  material: ρ = MaterialEKPOMATNR  │  payment: ρ = PaymentMethodZLSCH  │  purchase_order: ρ = type  │  purchase_requisition: ρ = type  │  quotation: ρ = type,False,no merging (K = n_executions),927,927,44.353829557713055,1,1.0,1,0.0,0.010302330059695608
"(2, 1, 2, 4, 1, 2, 3)",goods_receipt: ρ = type  │  invoice_receipt: ρ = CreditAmountBSEGWRBTR  │  material: ρ = MaterialEKPOMATNR  │  payment: ρ = type  │  purchase_order: ρ = PurchasingGroupEKKOEKGRP  │  purchase_requisition: ρ = type  │  quotation: ρ = type,True,,922,927,44.353829557713055,1,1.0054229934924077,2,0.005393743257820938,0.010302330059695608
"(2, 1, 2, 4, 3, 1, 3)",goods_receipt: ρ = type  │  invoice_receipt: ρ = CreditAmountBSEGWRBTR  │  material: ρ = MaterialEKPOMATNR  │  payment: ρ = type  │  purchase_order: ρ = type  │  purchase_requisition: ρ = PurchasingGroupEBANEKGRP  │  quotation: ρ = type,True,,922,927,44.353829557713055,1,1.0054229934924077,2,0.005393743257820938,0.010302330059695608
"(2, 1, 2, 4, 3, 2, 1)",goods_receipt: ρ = type  │  invoice_receipt: ρ = CreditAmountBSEGWRBTR  │  material: ρ = MaterialEKPOMATNR  │  payment: ρ = type  │  purchase_order: ρ = type  │  purchase_requisition: ρ = type  │  quotation: ρ = PurchasingGroupEBANEKGRP,True,,922,927,44.353829557713055,1,1.0054229934924077,2,0.005393743257820938,0.010302330059695608
"(2, 1, 3, 1, 3, 2, 3)",goods_receipt: ρ = type  │  invoice_receipt: ρ = CreditAmountBSEGWRBTR  │  material: ρ = NetPriceEKPONETPR  │  payment: ρ = AmountDMBTR  │  purchase_order: ρ = type  │  purchase_requisition: ρ = type  │  quotation: ρ = type,True,,917,927,43.87702265372168,1,1.0109051254089423,2,0.010787486515641875,0.0209416522241479
"(2, 1, 3, 2, 1, 2, 3)",goods_receipt: ρ = type  │  invoice_receipt: ρ = CreditAmountBSEGWRBTR  │  material: ρ = NetPriceEKPONETPR  │  payment: ρ = AmountDMBTR_band  │  purchase_order: ρ = PurchasingGroupEKKOEKGRP  │  purchase_requisition: ρ = type  │  quotation: ρ = type,True,,919,927,44.13484358144552,1,1.0087051142546246,2,0.008629989212513456,0.015188715578663525
"(2, 1, 3, 2, 3, 1, 3)",goods_receipt: ρ = type  │  invoice_receipt: ρ = CreditAmountBSEGWRBTR  │  material: ρ = NetPriceEKPONETPR  │  payment: ρ = AmountDMBTR_band  │  purchase_order: ρ = type  │  purchase_requisition: ρ = PurchasingGroupEBANEKGRP  │  quotation: ρ = type,True,,919,927,44.13484358144552,1,1.0087051142546246,2,0.008629989212513456,0.015188715578663525
"(2, 1, 3, 2, 3, 2, 1)",goods_receipt: ρ = type  │  invoice_receipt: ρ = CreditAmountBSEGWRBTR  │  material: ρ = NetPriceEKPONETPR  │  payment: ρ = AmountDMBTR_band  │  purchase_order: ρ = type  │  purchase_requisition: ρ = type  │  quotation: ρ = PurchasingGroupEBANEKGRP,True,,919,927,44.13484358144552,1,1.0087051142546246,2,0.008629989212513456,0.015188715578663525
"(2, 1, 3, 3, 1, 2, 3)",goods_receipt: ρ = type  │  invoice_receipt: ρ = CreditAmountBSEGWRBTR  │  material: ρ = NetPriceEKPONETPR  │  payment: ρ = PaymentMethodZLSCH  │  purchase_order: ρ = PurchasingGroupEKKOEKGRP  │  purchase_requisition: ρ = type  │  quotation: ρ = type,True,,924,927,44.13484358144552,1,1.0032467532467533,2,0.003236245954692518,0.015188715578663525
"(2, 1, 3, 3, 3, 1, 3)",goods_receipt: ρ = type  │  invoice_receipt: ρ = CreditAmountBSEGWRBTR  │  material: ρ = NetPriceEKPONETPR  │  payment: ρ = PaymentMethodZLSCH  │  purchase_order: ρ = type  │  purchase_requisition: ρ = PurchasingGroupEBANEKGRP  │  quotation: ρ = type,True,,924,927,44.13484358144552,1,1.0032467532467533,2,0.003236245954692518,0.015188715578663525
"(2, 1, 3, 3, 3, 2, 1)",goods_receipt: ρ = type  │  invoice_receipt: ρ = CreditAmountBSEGWRBTR  │  material: ρ = NetPriceEKPONETPR  │  payment: ρ = PaymentMethodZLSCH  │  purchase_order: ρ = type  │  purchase_requisition: ρ = type  │  quotation: ρ = PurchasingGroupEBANEKGRP,True,,924,927,44.13484358144552,1,1.0032467532467533,2,0.003236245954692518,0.015188715578663525
"(2, 1, 3, 4, 1, 1, 3)",goods_receipt: ρ = type  │  invoice_receipt: ρ = CreditAmountBSEGWRBTR  │  material: ρ = NetPriceEKPONETPR  │  payment: ρ = type  │  purchase_order: ρ = PurchasingGroupEKKOEKGRP  │  purchase_requisition: ρ = PurchasingGroupEBANEKGRP  │  quotation: ρ = type,True,,919,927,44.13484358144552,1,1.0087051142546246,2,0.008629989212513456,0.015188715578663525
"(2, 1, 3, 4, 1, 2, 1)",goods_receipt: ρ = type  │  invoice_receipt: ρ = CreditAmountBSEGWRBTR  │  material: ρ = NetPriceEKPONETPR  │  payment: ρ = type  │  purchase_order: ρ = PurchasingGroupEKKOEKGRP  │  purchase_requisition: ρ = type  │  quotation: ρ = PurchasingGroupEBANEKGRP,True,,919,927,43.31175836030205,1,1.0087051142546246,2,0.008629989212513456,0.03355478528788747
"(2, 1, 3, 4, 2, 2, 3)",goods_receipt: ρ = type  │  invoice_receipt: ρ = CreditAmountBSEGWRBTR  │  material: ρ = NetPriceEKPONETPR  │  payment: ρ = type  │  purchase_order: ρ = VendorEKKOLIFNR  │  purchase_requisition: ρ = type  │  quotation: ρ = type,True,,926,927,44.13484358144552,1,1.0010799136069115,2,0.0010787486515642097,0.015188715578663525
"(2, 1, 3, 4, 3, 1, 1)",goods_receipt: ρ = type  │  invoice_receipt: ρ = CreditAmountBSEGWRBTR  │  material: ρ = NetPriceEKPONETPR  │  payment: ρ = type  │  purchase_order: ρ = type  │  purchase_requisition: ρ = PurchasingGroupEBANEKGRP  │  quotation: ρ = PurchasingGroupEBANEKGRP,True,,919,927,44.13484358144552,1,1.0087051142546246,2,0.008629989212513456,0.015188715578663525
"(2, 1, 3, 4, 3, 2, 2)",goods_receipt: ρ = type  │  invoice_receipt: ρ = CreditAmountBSEGWRBTR  │  material: ρ = NetPriceEKPONETPR  │  payment: ρ = type  │  purchase_order: ρ = type  │  purchase_requisition: ρ = type  │  quotation: ρ = VendorEBANLIFNR,True,,926,927,44.13484358144552,1,1.0010799136069115,2,0.0010787486515642097,0.015188715578663525
"(2, 1, 4, 1, 1, 2, 3)",goods_receipt: ρ = type  │  invoice_receipt: ρ = CreditAmountBSEGWRBTR  │  material: ρ = NetPriceEKPONETPR_band  │  payment: ρ = AmountDMBTR  │  purchase_order: ρ = PurchasingGroupEKKOEKGRP  │  purchase_requisition: ρ = type  │  quotation: ρ = type,True,,918,927,43.0873786407767,1,1.0098039215686274,2,0.009708737864077666,0.03856152512998268
"(2, 1, 4, 1, 3, 1, 3)",goods_receipt: ρ = type  │  invoice_receipt: ρ = CreditAmountBSEGWRBTR  │  material: ρ = NetPriceEKPONETPR_band  │  payment: ρ = AmountDMBTR  │  purchase_order: ρ = type  │  purchase_requisition: ρ = PurchasingGroupEBANEKGRP  │  quotation: ρ = type,True,,918,927,43.0873786407767,1,1.0098039215686274,2,0.009708737864077666,0.03856152512998268
"(2, 1, 4, 1, 3, 2, 1)",goods_receipt: ρ = type  │  invoice_receipt: ρ = CreditAmountBSEGWRBTR  │  material: ρ = NetPriceEKPONETPR_band  │  payment: ρ = AmountDMBTR  │  purchase_order: ρ = type  │  purchase_requisition: ρ = type  │  quotation: ρ = PurchasingGroupEBANEKGRP,True,,918,927,43.0873786407767,1,1.0098039215686274,2,0.009708737864077666,0.03856152512998268
"(2, 1, 4, 2, 1, 1, 3)",goods_receipt: ρ = type  │  invoice_receipt: ρ = CreditAmountBSEGWRBTR  │  material: ρ = NetPriceEKPONETPR_band  │  payment: ρ = AmountDMBTR_band  │  purchase_order: ρ = PurchasingGroupEKKOEKGRP  │  purchase_requisition: ρ = PurchasingGroupEBANEKGRP  │  quotation: ρ = type,True,,918,927,43.34519956850054,1,1.0098039215686274,2,0.009708737864077666,0.0328085884844983
"(2, 1, 4, 2, 1, 2, 1)",goods_receipt: ρ = type  │  invoice_receipt: ρ = CreditAmountBSEGWRBTR  │  material: ρ = NetPriceEKPONETPR_band  │  payment: ρ = AmountDMBTR_band  │  purchase_order: ρ = PurchasingGroupEKKOEKGRP  │  purchase_requisition: ρ = type  │  quotation: ρ = PurchasingGroupEBANEKGRP,True,,918,927,42.52211434735707,1,1.0098039215686274,2,0.009708737864077666,0.051174658193722244
"(2, 1, 4, 2, 2, 2, 3)",goods_receipt: ρ = type  │  invoice_receipt: ρ = CreditAmountBSEGWRBTR  │  material: ρ = NetPriceEKPONETPR_band  │  payment: ρ = AmountDMBTR_band  │  purchase_order: ρ = VendorEKKOLIFNR  │  purchase_requisition: ρ = type  │  quotation: ρ = type,True,,926,927,43.34519956850054,1,1.0010799136069115,2,0.0010787486515642097,0.0328085884844983
"(2, 1, 4, 2, 3, 1, 1)",goods_receipt: ρ = type  │  invoice_receipt: ρ = CreditAmountBSEGWRBTR  │  material: ρ = NetPriceEKPONETPR_band  │  payment: ρ = AmountDMBTR_band  │  purchase_order: ρ = type  │  purchase_requisition: ρ = PurchasingGroupEBANEKGRP  │  quotation: ρ = PurchasingGroupEBANEKGRP,True,,918,927,43.34519956850054,1,1.0098039215686274,2,0.009708737864077666,0.0328085884844983
"(2, 1, 4, 2, 3, 2, 2)",goods_receipt: ρ = type  │  invoice_receipt: ρ = CreditAmountBSEGWRBTR  │  material: ρ = NetPriceEKPONETPR_band  │  payment: ρ = AmountDMBTR_band  │  purchase_order: ρ = type  │  purchase_requisition: ρ = type  │  quotation: ρ = VendorEBANLIFNR,True,,926,927,43.34519956850054,1,1.0010799136069115,2,0.0010787486515642097,0.0328085884844983
"(2, 1, 4, 3, 1, 1, 3)",goods_receipt: ρ = type  │  invoice_receipt: ρ = CreditAmountBSEGWRBTR  │  material: ρ = NetPriceEKPONETPR_band  │  payment: ρ = PaymentMethodZLSCH  │  purchase_order: ρ = PurchasingGroupEKKOEKGRP  │  purchase_requisition: ρ = PurchasingGroupEBANEKGRP  │  quotation: ρ = type,True,,924,927,43.34519956850054,1,1.0032467532467533,2,0.003236245954692518,0.0328085884844983
"(2, 1, 4, 3, 1, 2, 1)",goods_receipt: ρ = type  │  invoice_receipt: ρ = CreditAmountBSEGWRBTR  │  material: ρ = NetPriceEKPONETPR_band  │  payment: ρ = PaymentMethodZLSCH  │  purchase_order: ρ = PurchasingGroupEKKOEKGRP  │  purchase_requisition: ρ = type  │  quotation: ρ = PurchasingGroupEBANEKGRP,True,,924,927,42.52211434735707,1,1.0032467532467533,2,0.003236245954692518,0.051174658193722244
"(2, 1, 4, 3, 2, 2, 3)",goods_receipt: ρ = type  │  invoice_receipt: ρ = CreditAmountBSEGWRBTR  │  material: ρ = NetPriceEKPONETPR_band  │  payment: ρ = PaymentMethodZLSCH  │  purchase_order: ρ = VendorEKKOLIFNR  │  purchase_requisition: ρ = type  │  quotation: ρ = type,True,,926,927,43.34519956850054,1,1.0010799136069115,2,0.0010787486515642097,0.0328085884844983
"(2, 1, 4, 3, 3, 1, 1)",goods_receipt: ρ = type  │  invoice_receipt: ρ = CreditAmountBSEGWRBTR  │  material: ρ = NetPriceEKPONETPR_band  │  payment: ρ = PaymentMethodZLSCH  │  purchase_order: ρ = type  │  purchase_requisition: ρ = PurchasingGroupEBANEKGRP  │  quotation: ρ = PurchasingGroupEBANEKGRP,True,,924,927,43.34519956850054,1,1.0032467532467533,2,0.003236245954692518,0.0328085884844983
"(2, 1, 4, 3, 3, 2, 2)",goods_receipt: ρ = type  │  invoice_receipt: ρ = CreditAmountBSEGWRBTR  │  material: ρ = NetPriceEKPONETPR_band  │  payment: ρ = PaymentMethodZLSCH  │  purchase_order: ρ = type  │  purchase_requisition: ρ = type  │  quotation: ρ = VendorEBANLIFNR,True,,926,927,43.34519956850054,1,1.0010799136069115,2,0.0010787486515642097,0.0328085884844983
"(2, 1, 4, 4, 1, 1, 1)",goods_receipt: ρ = type  │  invoice_receipt: ρ = CreditAmountBSEGWRBTR  │  material: ρ = NetPriceEKPONETPR_band  │  payment: ρ = type  │  purchase_order: ρ = PurchasingGroupEKKOEKGRP  │  purchase_requisition: ρ = PurchasingGroupEBANEKGRP  │  quotation: ρ = PurchasingGroupEBANEKGRP,True,,918,927,42.52211434735707,1,1.0098039215686274,2,0.009708737864077666,0.051174658193722244
"(2, 1, 4, 4, 2, 1, 3)",goods_receipt: ρ = type  │  invoice_receipt: ρ = CreditAmountBSEGWRBTR  │  material: ρ = NetPriceEKPONETPR_band  │  payment: ρ = type  │  purchase_order: ρ = VendorEKKOLIFNR  │  purchase_requisition: ρ = PurchasingGroupEBANEKGRP  │  quotation: ρ = type,True,,926,927,43.34519956850054,1,1.0010799136069115,2,0.0010787486515642097,0.0328085884844983
"(2, 1, 4, 4, 1, 2, 2)",goods_receipt: ρ = type  │  invoice_receipt: ρ = CreditAmountBSEGWRBTR  │  material: ρ = NetPriceEKPONETPR_band  │  payment: ρ = type  │  purchase_order: ρ = PurchasingGroupEKKOEKGRP  │  purchase_requisition: ρ = type  │  quotation: ρ = VendorEBANLIFNR,True,,926,927,43.34519956850054,1,1.0010799136069115,2,0.0010787486515642097,0.0328085884844983
"(2, 1, 4, 4, 2, 2, 1)",goods_receipt: ρ = type  │  invoice_receipt: ρ = CreditAmountBSEGWRBTR  │  material: ρ = NetPriceEKPONETPR_band  │  payment: ρ = type  │  purchase_order: ρ = VendorEKKOLIFNR  │  purchase_requisition: ρ = type  │  quotation: ρ = PurchasingGroupEBANEKGRP,True,,926,927,43.34519956850054,1,1.0010799136069115,2,0.0010787486515642097,0.0328085884844983
"(2, 1, 4, 4, 3, 1, 2)",goods_receipt: ρ = type  │  invoice_receipt: ρ = CreditAmountBSEGWRBTR  │  material: ρ = NetPriceEKPONETPR_band  │  payment: ρ = type  │  purchase_order: ρ = type  │  purchase_requisition: ρ = PurchasingGroupEBANEKGRP  │  quotation: ρ = VendorEBANLIFNR,True,,926,927,43.34519956850054,1,1.0010799136069115,2,0.0010787486515642097,0.0328085884844983
"(2, 1, 0, 2, 3, 2, 3)",goods_receipt: ρ = type  │  invoice_receipt: ρ = CreditAmountBSEGWRBTR  │  material: ρ = id  │  payment: ρ = AmountDMBTR_band  │  purchase_order: ρ = type  │  purchase_requisition: ρ = type  │  quotation: ρ = type,True,,925,927,44.353829557713055,1,1.0021621621621621,2,0.0021574973031284195,0.010302330059695608
"(2, 1, 1, 1, 3, 2, 3)",goods_receipt: ρ = type  │  invoice_receipt: ρ = CreditAmountBSEGWRBTR  │  material: ρ = DeliveryDateEKPOBEDAT  │  payment: ρ = AmountDMBTR  │  purchase_order: ρ = type  │  purchase_requisition: ρ = type  │  quotation: ρ = type,True,,925,927,44.096008629989214,1,1.0021621621621621,2,0.0021574973031284195,0.016055266705179982
"(2, 1, 5, 1, 1, 2, 3)",goods_receipt: ρ = type  │  invoice_receipt: ρ = CreditAmountBSEGWRBTR  │  material: ρ = PlantEKPOWERKS  │  payment: ρ = AmountDMBTR  │  purchase_order: ρ = PurchasingGroupEKKOEKGRP  │  purchase_requisition: ρ = type  │  quotation: ρ = type,True,,926,927,43.75512405609493,1,1.0010799136069115,2,0.0010787486515642097,0.023661659926824563
"(2, 1, 5, 1, 3, 1, 3)",goods_receipt: ρ = type  │  invoice_receipt: ρ = CreditAmountBSEGWRBTR  │  material: ρ = PlantEKPOWERKS  │  payment: ρ = AmountDMBTR  │  purchase_order: ρ = type  │  purchase_requisition: ρ = PurchasingGroupEBANEKGRP  │  quotation: ρ = type,True,,926,927,43.75512405609493,1,1.0010799136069115,2,0.0010787486515642097,0.023661659926824563
"(2, 1, 5, 1, 3, 2, 1)",goods_receipt: ρ = type  │  invoice_receipt: ρ = CreditAmountBSEGWRBTR  │  material: ρ = PlantEKPOWERKS  │  payment: ρ = AmountDMBTR  │  purchase_order: ρ = type  │  purchase_requisition: ρ = type  │  quotation: ρ = PurchasingGroupEBANEKGRP,True,,926,927,43.75512405609493,1,1.0010799136069115,2,0.0010787486515642097,0.023661659926824563
"(2, 1, 5, 2, 1, 1, 3)",goods_receipt: ρ = type  │  invoice_receipt: ρ = CreditAmountBSEGWRBTR  │  material: ρ = PlantEKPOWERKS  │  payment: ρ = AmountDMBTR_band  │  purchase_order: ρ = PurchasingGroupEKKOEKGRP  │  purchase_requisition: ρ = PurchasingGroupEBANEKGRP  │  quotation: ρ = type,True,,926,927,44.01294498381877,1,1.0010799136069115,2,0.0010787486515642097,0.01790872328134019
"(2, 1, 5, 2, 1, 2, 1)",goods_receipt: ρ = type  │  invoice_receipt: ρ = CreditAmountBSEGWRBTR  │  material: ρ = PlantEKPOWERKS  │  payment: ρ = AmountDMBTR_band  │  purchase_order: ρ = PurchasingGroupEKKOEKGRP  │  purchase_requisition: ρ = type  │  quotation: ρ = PurchasingGroupEBANEKGRP,True,,926,927,43.1898597626753,1,1.0010799136069115,2,0.0010787486515642097,0.03627479299056413
"(2, 1, 5, 2, 2, 2, 3)",goods_receipt: ρ = type  │  invoice_receipt: ρ = CreditAmountBSEGWRBTR  │  material: ρ = PlantEKPOWERKS  │  payment: ρ = AmountDMBTR_band  │  purchase_order: ρ = VendorEKKOLIFNR  │  purchase_requisition: ρ = type  │  quotation: ρ = type,True,,926,927,44.01294498381877,1,1.0010799136069115,2,0.0010787486515642097,0.01790872328134019
"(2, 1, 5, 2, 3, 1, 1)",goods_receipt: ρ = type  │  invoice_receipt: ρ = CreditAmountBSEGWRBTR  │  material: ρ = PlantEKPOWERKS  │  payment: ρ = AmountDMBTR_band  │  purchase_order: ρ = type  │  purchase_requisition: ρ = PurchasingGroupEBANEKGRP  │  quotation: ρ = PurchasingGroupEBANEKGRP,True,,926,927,44.01294498381877,1,1.0010799136069115,2,0.0010787486515642097,0.01790872328134019
"(2, 1, 5, 2, 3, 2, 2)",goods_receipt: ρ = type  │  invoice_receipt: ρ = CreditAmountBSEGWRBTR  │  material: ρ = PlantEKPOWERKS  │  payment: ρ = AmountDMBTR_band  │  purchase_order: ρ = type  │  purchase_requisition: ρ = type  │  quotation: ρ = VendorEBANLIFNR,True,,926,927,44.01294498381877,1,1.0010799136069115,2,0.0010787486515642097,0.01790872328134019
"(2, 1, 5, 3, 1, 1, 3)",goods_receipt: ρ = type  │  invoice_receipt: ρ = CreditAmountBSEGWRBTR  │  material: ρ = PlantEKPOWERKS  │  payment: ρ = PaymentMethodZLSCH  │  purchase_order: ρ = PurchasingGroupEKKOEKGRP  │  purchase_requisition: ρ = PurchasingGroupEBANEKGRP  │  quotation: ρ = type,True,,926,927,44.01294498381877,1,1.0010799136069115,2,0.0010787486515642097,0.01790872328134019
"(2, 1, 5, 3, 1, 2, 1)",goods_receipt: ρ = type  │  invoice_receipt: ρ = CreditAmountBSEGWRBTR  │  material: ρ = PlantEKPOWERKS  │  payment: ρ = PaymentMethodZLSCH  │  purchase_order: ρ = PurchasingGroupEKKOEKGRP  │  purchase_requisition: ρ = type  │  quotation: ρ = PurchasingGroupEBANEKGRP,True,,926,927,43.1898597626753,1,1.0010799136069115,2,0.0010787486515642097,0.03627479299056413
"(2, 1, 5, 3, 2, 2, 3)",goods_receipt: ρ = type  │  invoice_receipt: ρ = CreditAmountBSEGWRBTR  │  material: ρ = PlantEKPOWERKS  │  payment: ρ = PaymentMethodZLSCH  │  purchase_order: ρ = VendorEKKOLIFNR  │  purchase_requisition: ρ = type  │  quotation: ρ = type,True,,926,927,44.01294498381877,1,1.0010799136069115,2,0.0010787486515642097,0.01790872328134019
"(2, 1, 5, 3, 3, 1, 1)",goods_receipt: ρ = type  │  invoice_receipt: ρ = CreditAmountBSEGWRBTR  │  material: ρ = PlantEKPOWERKS  │  payment: ρ = PaymentMethodZLSCH  │  purchase_order: ρ = type  │  purchase_requisition: ρ = PurchasingGroupEBANEKGRP  │  quotation: ρ = PurchasingGroupEBANEKGRP,True,,926,927,44.01294498381877,1,1.0010799136069115,2,0.0010787486515642097,0.01790872328134019
"(2, 1, 5, 3, 3, 2, 2)",goods_receipt: ρ = type  │  invoice_receipt: ρ = CreditAmountBSEGWRBTR  │  material: ρ = PlantEKPOWERKS  │  payment: ρ = PaymentMethodZLSCH  │  purchase_order: ρ = type  │  purchase_requisition: ρ = type  │  quotation: ρ = VendorEBANLIFNR,True,,926,927,44.01294498381877,1,1.0010799136069115,2,0.0010787486515642097,0.01790872328134019
"(2, 1, 5, 4, 1, 1, 1)",goods_receipt: ρ = type  │  invoice_receipt: ρ = CreditAmountBSEGWRBTR  │  material: ρ = PlantEKPOWERKS  │  payment: ρ = type  │  purchase_order: ρ = PurchasingGroupEKKOEKGRP  │  purchase_requisition: ρ = PurchasingGroupEBANEKGRP  │  quotation: ρ = PurchasingGroupEBANEKGRP,True,,926,927,43.1898597626753,1,1.0010799136069115,2,0.0010787486515642097,0.03627479299056413
"(2, 1, 5, 4, 2, 1, 3)",goods_receipt: ρ = type  │  invoice_receipt: ρ = CreditAmountBSEGWRBTR  │  material: ρ = PlantEKPOWERKS  │  payment: ρ = type  │  purchase_order: ρ = VendorEKKOLIFNR  │  purchase_requisition: ρ = PurchasingGroupEBANEKGRP  │  quotation: ρ = type,True,,926,927,44.01294498381877,1,1.0010799136069115,2,0.0010787486515642097,0.01790872328134019
"(2, 1, 5, 4, 1, 2, 2)",goods_receipt: ρ = type  │  invoice_receipt: ρ = CreditAmountBSEGWRBTR  │  material: ρ = PlantEKPOWERKS  │  payment: ρ = type  │  purchase_order: ρ = PurchasingGroupEKKOEKGRP  │  purchase_requisition: ρ = type  │  quotation: ρ = VendorEBANLIFNR,True,,926,927,44.01294498381877,1,1.0010799136069115,2,0.0010787486515642097,0.01790872328134019
"(2, 1, 5, 4, 2, 2, 1)",goods_receipt: ρ = type  │  invoice_receipt: ρ = CreditAmountBSEGWRBTR  │  material: ρ = PlantEKPOWERKS  │  payment: ρ = type  │  purchase_order: ρ = VendorEKKOLIFNR  │  purchase_requisition: ρ = type  │  quotation: ρ = PurchasingGroupEBANEKGRP,True,,926,927,44.01294498381877,1,1.0010799136069115,2,0.0010787486515642097,0.01790872328134019
"(2, 1, 5, 4, 3, 1, 2)",goods_receipt: ρ = type  │  invoice_receipt: ρ = CreditAmountBSEGWRBTR  │  material: ρ = PlantEKPOWERKS  │  payment: ρ = type  │  purchase_order: ρ = type  │  purchase_requisition: ρ = PurchasingGroupEBANEKGRP  │  quotation: ρ = VendorEBANLIFNR,True,,926,927,44.01294498381877,1,1.0010799136069115,2,0.0010787486515642097,0.01790872328134019
"(2, 1, 6, 1, 3, 2, 3)",goods_receipt: ρ = type  │  invoice_receipt: ρ = CreditAmountBSEGWRBTR  │  material: ρ = QuantityEKPOMENGE  │  payment: ρ = AmountDMBTR  │  purchase_order: ρ = type  │  purchase_requisition: ρ = type  │  quotation: ρ = type,True,,917,927,44.0722761596548,1,1.0109051254089423,2,0.010787486515641875,0.01658482572694009
"(2, 1, 6, 2, 1, 2, 3)",goods_receipt: ρ = type  │  invoice_receipt: ρ = CreditAmountBSEGWRBTR  │  material: ρ = QuantityEKPOMENGE  │  payment: ρ = AmountDMBTR_band  │  purchase_order: ρ = PurchasingGroupEKKOEKGRP  │  purchase_requisition: ρ = type  │  quotation: ρ = type,True,,919,927,44.33009708737864,1,1.0087051142546246,2,0.008629989212513456,0.010831889081455826
"(2, 1, 6, 2, 3, 1, 3)",goods_receipt: ρ = type  │  invoice_receipt: ρ = CreditAmountBSEGWRBTR  │  material: ρ = QuantityEKPOMENGE  │  payment: ρ = AmountDMBTR_band  │  purchase_order: ρ = type  │  purchase_requisition: ρ = PurchasingGroupEBANEKGRP  │  quotation: ρ = type,True,,919,927,44.33009708737864,1,1.0087051142546246,2,0.008629989212513456,0.010831889081455826
"(2, 1, 6, 2, 3, 2, 1)",goods_receipt: ρ = type  │  invoice_receipt: ρ = CreditAmountBSEGWRBTR  │  material: ρ = QuantityEKPOMENGE  │  payment: ρ = AmountDMBTR_band  │  purchase_order: ρ = type  │  purchase_requisition: ρ = type  │  quotation: ρ = PurchasingGroupEBANEKGRP,True,,919,927,44.33009708737864,1,1.0087051142546246,2,0.008629989212513456,0.010831889081455826
"(2, 1, 6, 3, 1, 2, 3)",goods_receipt: ρ = type  │  invoice_receipt: ρ = CreditAmountBSEGWRBTR  │  material: ρ = QuantityEKPOMENGE  │  payment: ρ = PaymentMethodZLSCH  │  purchase_order: ρ = PurchasingGroupEKKOEKGRP  │  purchase_requisition: ρ = type  │  quotation: ρ = type,True,,924,927,44.33009708737864,1,1.0032467532467533,2,0.003236245954692518,0.010831889081455826
"(2, 1, 6, 3, 3, 1, 3)",goods_receipt: ρ = type  │  invoice_receipt: ρ = CreditAmountBSEGWRBTR  │  material: ρ = QuantityEKPOMENGE  │  payment: ρ = PaymentMethodZLSCH  │  purchase_order: ρ = type  │  purchase_requisition: ρ = PurchasingGroupEBANEKGRP  │  quotation: ρ = type,True,,924,927,44.33009708737864,1,1.0032467532467533,2,0.003236245954692518,0.010831889081455826
"(2, 1, 6, 3, 3, 2, 1)",goods_receipt: ρ = type  │  invoice_receipt: ρ = CreditAmountBSEGWRBTR  │  material: ρ = QuantityEKPOMENGE  │  payment: ρ = PaymentMethodZLSCH  │  purchase_order: ρ = type  │  purchase_requisition: ρ = type  │  quotation: ρ = PurchasingGroupEBANEKGRP,True,,924,927,44.33009708737864,1,1.0032467532467533,2,0.003236245954692518,0.010831889081455826
"(2, 1, 6, 4, 1, 1, 3)",goods_receipt: ρ = type  │  invoice_receipt: ρ = CreditAmountBSEGWRBTR  │  material: ρ = QuantityEKPOMENGE  │  payment: ρ = type  │  purchase_order: ρ = PurchasingGroupEKKOEKGRP  │  purchase_requisition: ρ = PurchasingGroupEBANEKGRP  │  quotation: ρ = type,True,,919,927,44.33009708737864,1,1.0087051142546246,2,0.008629989212513456,0.010831889081455826
"(2, 1, 6, 4, 1, 2, 1)",goods_receipt: ρ = type  │  invoice_receipt: ρ = CreditAmountBSEGWRBTR  │  material: ρ = QuantityEKPOMENGE  │  payment: ρ = type  │  purchase_order: ρ = PurchasingGroupEKKOEKGRP  │  purchase_requisition: ρ = type  │  quotation: ρ = PurchasingGroupEBANEKGRP,True,,919,927,43.50701186623517,1,1.0087051142546246,2,0.008629989212513456,0.029197958790679657
"(2, 1, 6, 4, 2, 2, 3)",goods_receipt: ρ = type  │  invoice_receipt: ρ = CreditAmountBSEGWRBTR  │  material: ρ = QuantityEKPOMENGE  │  payment: ρ = type  │  purchase_order: ρ = VendorEKKOLIFNR  │  purchase_requisition: ρ = type  │  quotation: ρ = type,True,,926,927,44.33009708737864,1,1.0010799136069115,2,0.0010787486515642097,0.010831889081455826
"(2, 1, 6, 4, 3, 1, 1)",goods_receipt: ρ = type  │  invoice_receipt: ρ = CreditAmountBSEGWRBTR  │  material: ρ = QuantityEKPOMENGE  │  payment: ρ = type  │  purchase_order: ρ = type  │  purchase_requisition: ρ = PurchasingGroupEBANEKGRP  │  quotation: ρ = PurchasingGroupEBANEKGRP,True,,919,927,44.33009708737864,1,1.0087051142546246,2,0.008629989212513456,0.010831889081455826
"(2, 1, 6, 4, 3, 2, 2)",goods_receipt: ρ = type  │  invoice_receipt: ρ = CreditAmountBSEGWRBTR  │  material: ρ = QuantityEKPOMENGE  │  payment: ρ = type  │  purchase_order: ρ = type  │  purchase_requisition: ρ = type  │  quotation: ρ = VendorEBANLIFNR,True,,926,927,44.33009708737864,1,1.0010799136069115,2,0.0010787486515642097,0.010831889081455826
"(2, 1, 7, 1, 1, 2, 3)",goods_receipt: ρ = type  │  invoice_receipt: ρ = CreditAmountBSEGWRBTR  │  material: ρ = QuantityEKPOMENGE_band  │  payment: ρ = AmountDMBTR  │  purchase_order: ρ = PurchasingGroupEKKOEKGRP  │  purchase_requisition: ρ = type  │  quotation: ρ = type,True,,919,927,43.54692556634304,1,1.0087051142546246,2,0.008629989212513456,0.028307336799537786
"(2, 1, 7, 1, 3, 1, 3)",goods_receipt: ρ = type  │  invoice_receipt: ρ = CreditAmountBSEGWRBTR  │  material: ρ = QuantityEKPOMENGE_band  │  payment: ρ = AmountDMBTR  │  purchase_order: ρ = type  │  purchase_requisition: ρ = PurchasingGroupEBANEKGRP  │  quotation: ρ = type,True,,919,927,43.54692556634304,1,1.0087051142546246,2,0.008629989212513456,0.028307336799537786
"(2, 1, 7, 1, 3, 2, 1)",goods_receipt: ρ = type  │  invoice_receipt: ρ = CreditAmountBSEGWRBTR  │  material: ρ = QuantityEKPOMENGE_band  │  payment: ρ = AmountDMBTR  │  purchase_order: ρ = type  │  purchase_requisition: ρ = type  │  quotation: ρ = PurchasingGroupEBANEKGRP,True,,919,927,43.54692556634304,1,1.0087051142546246,2,0.008629989212513456,0.028307336799537786
"(2, 1, 7, 2, 1, 1, 3)",goods_receipt: ρ = type  │  invoice_receipt: ρ = CreditAmountBSEGWRBTR  │  material: ρ = QuantityEKPOMENGE_band  │  payment: ρ = AmountDMBTR_band  │  purchase_order: ρ = PurchasingGroupEKKOEKGRP  │  purchase_requisition: ρ = PurchasingGroupEBANEKGRP  │  quotation: ρ = type,True,,919,927,43.80474649406688,1,1.0087051142546246,2,0.008629989212513456,0.022554400154053522
"(2, 1, 7, 2, 1, 2, 1)",goods_receipt: ρ = type  │  invoice_receipt: ρ = CreditAmountBSEGWRBTR  │  material: ρ = QuantityEKPOMENGE_band  │  payment: ρ = AmountDMBTR_band  │  purchase_order: ρ = PurchasingGroupEKKOEKGRP  │  purchase_requisition: ρ = type  │  quotation: ρ = PurchasingGroupEBANEKGRP,True,,919,927,42.98166127292341,1,1.0087051142546246,2,0.008629989212513456,0.04092046986327735
"(2, 1, 7, 2, 2, 2, 3)",goods_receipt: ρ = type  │  invoice_receipt: ρ = CreditAmountBSEGWRBTR  │  material: ρ = QuantityEKPOMENGE_band  │  payment: ρ = AmountDMBTR_band  │  purchase_order: ρ = VendorEKKOLIFNR  │  purchase_requisition: ρ = type  │  quotation: ρ = type,True,,926,927,43.80474649406688,1,1.0010799136069115,2,0.0010787486515642097,0.022554400154053522
"(2, 1, 7, 2, 3, 1, 1)",goods_receipt: ρ = type  │  invoice_receipt: ρ = CreditAmountBSEGWRBTR  │  material: ρ = QuantityEKPOMENGE_band  │  payment: ρ = AmountDMBTR_band  │  purchase_order: ρ = type  │  purchase_requisition: ρ = PurchasingGroupEBANEKGRP  │  quotation: ρ = PurchasingGroupEBANEKGRP,True,,919,927,43.80474649406688,1,1.0087051142546246,2,0.008629989212513456,0.022554400154053522
"(2, 1, 7, 2, 3, 2, 2)",goods_receipt: ρ = type  │  invoice_receipt: ρ = CreditAmountBSEGWRBTR  │  material: ρ = QuantityEKPOMENGE_band  │  payment: ρ = AmountDMBTR_band  │  purchase_order: ρ = type  │  purchase_requisition: ρ = type  │  quotation: ρ = VendorEBANLIFNR,True,,926,927,43.80474649406688,1,1.0010799136069115,2,0.0010787486515642097,0.022554400154053522
"(2, 1, 7, 3, 1, 1, 3)",goods_receipt: ρ = type  │  invoice_receipt: ρ = CreditAmountBSEGWRBTR  │  material: ρ = QuantityEKPOMENGE_band  │  payment: ρ = PaymentMethodZLSCH  │  purchase_order: ρ = PurchasingGroupEKKOEKGRP  │  purchase_requisition: ρ = PurchasingGroupEBANEKGRP  │  quotation: ρ = type,True,,924,927,43.80474649406688,1,1.0032467532467533,2,0.003236245954692518,0.022554400154053522
"(2, 1, 7, 3, 1, 2, 1)",goods_receipt: ρ = type  │  invoice_receipt: ρ = CreditAmountBSEGWRBTR  │  material: ρ = QuantityEKPOMENGE_band  │  payment: ρ = PaymentMethodZLSCH  │  purchase_order: ρ = PurchasingGroupEKKOEKGRP  │  purchase_requisition: ρ = type  │  quotation: ρ = PurchasingGroupEBANEKGRP,True,,924,927,42.98166127292341,1,1.0032467532467533,2,0.003236245954692518,0.04092046986327735
"(2, 1, 7, 3, 2, 2, 3)",goods_receipt: ρ = type  │  invoice_receipt: ρ = CreditAmountBSEGWRBTR  │  material: ρ = QuantityEKPOMENGE_band  │  payment: ρ = PaymentMethodZLSCH  │  purchase_order: ρ = VendorEKKOLIFNR  │  purchase_requisition: ρ = type  │  quotation: ρ = type,True,,926,927,43.80474649406688,1,1.0010799136069115,2,0.0010787486515642097,0.022554400154053522
"(2, 1, 7, 3, 3, 1, 1)",goods_receipt: ρ = type  │  invoice_receipt: ρ = CreditAmountBSEGWRBTR  │  material: ρ = QuantityEKPOMENGE_band  │  payment: ρ = PaymentMethodZLSCH  │  purchase_order: ρ = type  │  purchase_requisition: ρ = PurchasingGroupEBANEKGRP  │  quotation: ρ = PurchasingGroupEBANEKGRP,True,,924,927,43.80474649406688,1,1.0032467532467533,2,0.003236245954692518,0.022554400154053522
"(2, 1, 7, 3, 3, 2, 2)",goods_receipt: ρ = type  │  invoice_receipt: ρ = CreditAmountBSEGWRBTR  │  material: ρ = QuantityEKPOMENGE_band  │  payment: ρ = PaymentMethodZLSCH  │  purchase_order: ρ = type  │  purchase_requisition: ρ = type  │  quotation: ρ = VendorEBANLIFNR,True,,926,927,43.80474649406688,1,1.0010799136069115,2,0.0010787486515642097,0.022554400154053522
"(2, 1, 7, 4, 1, 1, 1)",goods_receipt: ρ = type  │  invoice_receipt: ρ = CreditAmountBSEGWRBTR  │  material: ρ = QuantityEKPOMENGE_band  │  payment: ρ = type  │  purchase_order: ρ = PurchasingGroupEKKOEKGRP  │  purchase_requisition: ρ = PurchasingGroupEBANEKGRP  │  quotation: ρ = PurchasingGroupEBANEKGRP,True,,919,927,42.98166127292341,1,1.0087051142546246,2,0.008629989212513456,0.04092046986327735
"(2, 1, 7, 4, 2, 1, 3)",goods_receipt: ρ = type  │  invoice_receipt: ρ = CreditAmountBSEGWRBTR  │  material: ρ = QuantityEKPOMENGE_band  │  payment: ρ = type  │  purchase_order: ρ = VendorEKKOLIFNR  │  purchase_requisition: ρ = PurchasingGroupEBANEKGRP  │  quotation: ρ = type,True,,926,927,43.80474649406688,1,1.0010799136069115,2,0.0010787486515642097,0.022554400154053522
"(2, 1, 7, 4, 1, 2, 2)",goods_receipt: ρ = type  │  invoice_receipt: ρ = CreditAmountBSEGWRBTR  │  material: ρ = QuantityEKPOMENGE_band  │  payment: ρ = type  │  purchase_order: ρ = PurchasingGroupEKKOEKGRP  │  purchase_requisition: ρ = type  │  quotation: ρ = VendorEBANLIFNR,True,,926,927,43.80474649406688,1,1.0010799136069115,2,0.0010787486515642097,0.022554400154053522
"(2, 1, 7, 4, 2, 2, 1)",goods_receipt: ρ = type  │  invoice_receipt: ρ = CreditAmountBSEGWRBTR  │  material: ρ = QuantityEKPOMENGE_band  │  payment: ρ = type  │  purchase_order: ρ = VendorEKKOLIFNR  │  purchase_requisition: ρ = type  │  quotation: ρ = PurchasingGroupEBANEKGRP,True,,926,927,43.80474649406688,1,1.0010799136069115,2,0.0010787486515642097,0.022554400154053522
"(2, 1, 7, 4, 3, 1, 2)",goods_receipt: ρ = type  │  invoice_receipt: ρ = CreditAmountBSEGWRBTR  │  material: ρ = QuantityEKPOMENGE_band  │  payment: ρ = type  │  purchase_order: ρ = type  │  purchase_requisition: ρ = PurchasingGroupEBANEKGRP  │  quotation: ρ = VendorEBANLIFNR,True,,926,927,43.80474649406688,1,1.0010799136069115,2,0.0010787486515642097,0.022554400154053522
"(2, 1, 8, 1, 1, 2, 3)",goods_receipt: ρ = type  │  invoice_receipt: ρ = CreditAmountBSEGWRBTR  │  material: ρ = StorageLocationEKPOLGORT  │  payment: ρ = AmountDMBTR  │  purchase_order: ρ = PurchasingGroupEKKOEKGRP  │  purchase_requisition: ρ = type  │  quotation: ρ = type,True,,926,927,43.75512405609493,1,1.0010799136069115,2,0.0010787486515642097,0.023661659926824563
"(2, 1, 8, 1, 3, 1, 3)",goods_receipt: ρ = type  │  invoice_receipt: ρ = CreditAmountBSEGWRBTR  │  material: ρ = StorageLocationEKPOLGORT  │  payment: ρ = AmountDMBTR  │  purchase_order: ρ = type  │  purchase_requisition: ρ = PurchasingGroupEBANEKGRP  │  quotation: ρ = type,True,,926,927,43.75512405609493,1,1.0010799136069115,2,0.0010787486515642097,0.023661659926824563
"(2, 1, 8, 1, 3, 2, 1)",goods_receipt: ρ = type  │  invoice_receipt: ρ = CreditAmountBSEGWRBTR  │  material: ρ = StorageLocationEKPOLGORT  │  payment: ρ = AmountDMBTR  │  purchase_order: ρ = type  │  purchase_requisition: ρ = type  │  quotation: ρ = PurchasingGroupEBANEKGRP,True,,926,927,43.75512405609493,1,1.0010799136069115,2,0.0010787486515642097,0.023661659926824563
"(2, 1, 8, 2, 1, 1, 3)",goods_receipt: ρ = type  │  invoice_receipt: ρ = CreditAmountBSEGWRBTR  │  material: ρ = StorageLocationEKPOLGORT  │  payment: ρ = AmountDMBTR_band  │  purchase_order: ρ = PurchasingGroupEKKOEKGRP  │  purchase_requisition: ρ = PurchasingGroupEBANEKGRP  │  quotation: ρ = type,True,,926,927,44.01294498381877,1,1.0010799136069115,2,0.0010787486515642097,0.01790872328134019
"(2, 1, 8, 2, 1, 2, 1)",goods_receipt: ρ = type  │  invoice_receipt: ρ = CreditAmountBSEGWRBTR  │  material: ρ = StorageLocationEKPOLGORT  │  payment: ρ = AmountDMBTR_band  │  purchase_order: ρ = PurchasingGroupEKKOEKGRP  │  purchase_requisition: ρ = type  │  quotation: ρ = PurchasingGroupEBANEKGRP,True,,926,927,43.1898597626753,1,1.0010799136069115,2,0.0010787486515642097,0.03627479299056413
"(2, 1, 8, 2, 3, 1, 1)",goods_receipt: ρ = type  │  invoice_receipt: ρ = CreditAmountBSEGWRBTR  │  material: ρ = StorageLocationEKPOLGORT  │  payment: ρ = AmountDMBTR_band  │  purchase_order: ρ = type  │  purchase_requisition: ρ = PurchasingGroupEBANEKGRP  │  quotation: ρ = PurchasingGroupEBANEKGRP,True,,926,927,44.01294498381877,1,1.0010799136069115,2,0.0010787486515642097,0.01790872328134019
"(2, 1, 8, 4, 1, 1, 1)",goods_receipt: ρ = type  │  invoice_receipt: ρ = CreditAmountBSEGWRBTR  │  material: ρ = StorageLocationEKPOLGORT  │  payment: ρ = type  │  purchase_order: ρ = PurchasingGroupEKKOEKGRP  │  purchase_requisition: ρ = PurchasingGroupEBANEKGRP  │  quotation: ρ = PurchasingGroupEBANEKGRP,True,,926,927,43.1898597626753,1,1.0010799136069115,2,0.0010787486515642097,0.03627479299056413
"(2, 1, 9, 1, 1, 1, 3)",goods_receipt: ρ = type  │  invoice_receipt: ρ = CreditAmountBSEGWRBTR  │  material: ρ = type  │  payment: ρ = AmountDMBTR  │  purchase_order: ρ = PurchasingGroupEKKOEKGRP  │  purchase_requisition: ρ = PurchasingGroupEBANEKGRP  │  quotation: ρ = type,True,,918,927,42.93311758360302,1,1.0098039215686274,2,0.009708737864077666,0.04200365877142298
"(2, 1, 9, 1, 1, 2, 1)",goods_receipt: ρ = type  │  invoice_receipt: ρ = CreditAmountBSEGWRBTR  │  material: ρ = type  │  payment: ρ = AmountDMBTR  │  purchase_order: ρ = PurchasingGroupEKKOEKGRP  │  purchase_requisition: ρ = type  │  quotation: ρ = PurchasingGroupEBANEKGRP,True,,918,927,42.11003236245955,1,1.0098039215686274,2,0.009708737864077666,0.06036972848064692
"(2, 1, 9, 1, 2, 2, 3)",goods_receipt: ρ = type  │  invoice_receipt: ρ = CreditAmountBSEGWRBTR  │  material: ρ = type  │  payment: ρ = AmountDMBTR  │  purchase_order: ρ = VendorEKKOLIFNR  │  purchase_requisition: ρ = type  │  quotation: ρ = type,True,,926,927,42.93311758360302,1,1.0010799136069115,2,0.0010787486515642097,0.04200365877142298
"(2, 1, 9, 1, 3, 1, 1)",goods_receipt: ρ = type  │  invoice_receipt: ρ = CreditAmountBSEGWRBTR  │  material: ρ = type  │  payment: ρ = AmountDMBTR  │  purchase_order: ρ = type  │  purchase_requisition: ρ = PurchasingGroupEBANEKGRP  │  quotation: ρ = PurchasingGroupEBANEKGRP,True,,918,927,42.93311758360302,1,1.0098039215686274,2,0.009708737864077666,0.04200365877142298
"(2, 1, 9, 1, 3, 2, 2)",goods_receipt: ρ = type  │  invoice_receipt: ρ = CreditAmountBSEGWRBTR  │  material: ρ = type  │  payment: ρ = AmountDMBTR  │  purchase_order: ρ = type  │  purchase_requisition: ρ = type  │  quotation: ρ = VendorEBANLIFNR,True,,926,927,42.93311758360302,1,1.0010799136069115,2,0.0010787486515642097,0.04200365877142298
"(2, 1, 9, 2, 1, 1, 1)",goods_receipt: ρ = type  │  invoice_receipt: ρ = CreditAmountBSEGWRBTR  │  material: ρ = type  │  payment: ρ = AmountDMBTR_band  │  purchase_order: ρ = PurchasingGroupEKKOEKGRP  │  purchase_requisition: ρ = PurchasingGroupEBANEKGRP  │  quotation: ρ = PurchasingGroupEBANEKGRP,True,,918,927,42.36785329018339,1,1.0098039215686274,2,0.009708737864077666,0.05461679183516266
"(2, 1, 9, 2, 2, 1, 3)",goods_receipt: ρ = type  │  invoice_receipt: ρ = CreditAmountBSEGWRBTR  │  material: ρ = type  │  payment: ρ = AmountDMBTR_band  │  purchase_order: ρ = VendorEKKOLIFNR  │  purchase_requisition: ρ = PurchasingGroupEBANEKGRP  │  quotation: ρ = type,True,,926,927,43.19093851132686,1,1.0010799136069115,2,0.0010787486515642097,0.03625072212593872
"(2, 1, 9, 2, 1, 2, 2)",goods_receipt: ρ = type  │  invoice_receipt: ρ = CreditAmountBSEGWRBTR  │  material: ρ = type  │  payment: ρ = AmountDMBTR_band  │  purchase_order: ρ = PurchasingGroupEKKOEKGRP  │  purchase_requisition: ρ = type  │  quotation: ρ = VendorEBANLIFNR,True,,926,927,43.19093851132686,1,1.0010799136069115,2,0.0010787486515642097,0.03625072212593872
"(2, 1, 9, 2, 2, 2, 1)",goods_receipt: ρ = type  │  invoice_receipt: ρ = CreditAmountBSEGWRBTR  │  material: ρ = type  │  payment: ρ = AmountDMBTR_band  │  purchase_order: ρ = VendorEKKOLIFNR  │  purchase_requisition: ρ = type  │  quotation: ρ = PurchasingGroupEBANEKGRP,True,,926,927,43.19093851132686,1,1.0010799136069115,2,0.0010787486515642097,0.03625072212593872
"(2, 1, 9, 2, 3, 1, 2)",goods_receipt: ρ = type  │  invoice_receipt: ρ = CreditAmountBSEGWRBTR  │  material: ρ = type  │  payment: ρ = AmountDMBTR_band  │  purchase_order: ρ = type  │  purchase_requisition: ρ = PurchasingGroupEBANEKGRP  │  quotation: ρ = VendorEBANLIFNR,True,,926,927,43.19093851132686,1,1.0010799136069115,2,0.0010787486515642097,0.03625072212593872
"(2, 1, 9, 3, 1, 1, 1)",goods_receipt: ρ = type  │  invoice_receipt: ρ = CreditAmountBSEGWRBTR  │  material: ρ = type  │  payment: ρ = PaymentMethodZLSCH  │  purchase_order: ρ = PurchasingGroupEKKOEKGRP  │  purchase_requisition: ρ = PurchasingGroupEBANEKGRP  │  quotation: ρ = PurchasingGroupEBANEKGRP,True,,924,927,42.36785329018339,1,1.0032467532467533,2,0.003236245954692518,0.05461679183516266
"(2, 1, 9, 3, 2, 1, 3)",goods_receipt: ρ = type  │  invoice_receipt: ρ = CreditAmountBSEGWRBTR  │  material: ρ = type  │  payment: ρ = PaymentMethodZLSCH  │  purchase_order: ρ = VendorEKKOLIFNR  │  purchase_requisition: ρ = PurchasingGroupEBANEKGRP  │  quotation: ρ = type,True,,926,927,43.19093851132686,1,1.0010799136069115,2,0.0010787486515642097,0.03625072212593872
"(2, 1, 9, 3, 1, 2, 2)",goods_receipt: ρ = type  │  invoice_receipt: ρ = CreditAmountBSEGWRBTR  │  material: ρ = type  │  payment: ρ = PaymentMethodZLSCH  │  purchase_order: ρ = PurchasingGroupEKKOEKGRP  │  purchase_requisition: ρ = type  │  quotation: ρ = VendorEBANLIFNR,True,,926,927,43.19093851132686,1,1.0010799136069115,2,0.0010787486515642097,0.03625072212593872
"(2, 1, 9, 3, 2, 2, 1)",goods_receipt: ρ = type  │  invoice_receipt: ρ = CreditAmountBSEGWRBTR  │  material: ρ = type  │  payment: ρ = PaymentMethodZLSCH  │  purchase_order: ρ = VendorEKKOLIFNR  │  purchase_requisition: ρ = type  │  quotation: ρ = PurchasingGroupEBANEKGRP,True,,926,927,43.19093851132686,1,1.0010799136069115,2,0.0010787486515642097,0.03625072212593872
"(2, 1, 9, 3, 3, 1, 2)",goods_receipt: ρ = type  │  invoice_receipt: ρ = CreditAmountBSEGWRBTR  │  material: ρ = type  │  payment: ρ = PaymentMethodZLSCH  │  purchase_order: ρ = type  │  purchase_requisition: ρ = PurchasingGroupEBANEKGRP  │  quotation: ρ = VendorEBANLIFNR,True,,926,927,43.19093851132686,1,1.0010799136069115,2,0.0010787486515642097,0.03625072212593872
"(2, 1, 9, 4, 1, 1, 2)",goods_receipt: ρ = type  │  invoice_receipt: ρ = CreditAmountBSEGWRBTR  │  material: ρ = type  │  payment: ρ = type  │  purchase_order: ρ = PurchasingGroupEKKOEKGRP  │  purchase_requisition: ρ = PurchasingGroupEBANEKGRP  │  quotation: ρ = VendorEBANLIFNR,True,,926,927,43.19093851132686,1,1.0010799136069115,2,0.0010787486515642097,0.03625072212593872
"(2, 1, 9, 4, 2, 1, 1)",goods_receipt: ρ = type  │  invoice_receipt: ρ = CreditAmountBSEGWRBTR  │  material: ρ = type  │  payment: ρ = type  │  purchase_order: ρ = VendorEKKOLIFNR  │  purchase_requisition: ρ = PurchasingGroupEBANEKGRP  │  quotation: ρ = PurchasingGroupEBANEKGRP,True,,926,927,43.19093851132686,1,1.0010799136069115,2,0.0010787486515642097,0.03625072212593872
"(2, 1, 9, 4, 2, 2, 2)",goods_receipt: ρ = type  │  invoice_receipt: ρ = CreditAmountBSEGWRBTR  │  material: ρ = type  │  payment: ρ = type  │  purchase_order: ρ = VendorEKKOLIFNR  │  purchase_requisition: ρ = type  │  quotation: ρ = VendorEBANLIFNR,True,,926,927,42.36785329018339,1,1.0010799136069115,2,0.0010787486515642097,0.05461679183516266
"(2, 2, 2, 1, 3, 2, 3)",goods_receipt: ρ = type  │  invoice_receipt: ρ = CreditAmountBSEGWRBTR_band  │  material: ρ = MaterialEKPOMATNR  │  payment: ρ = AmountDMBTR  │  purchase_order: ρ = type  │  purchase_requisition: ρ = type  │  quotation: ρ = type,True,,920,927,44.353829557713055,1,1.007608695652174,2,0.007551240560949246,0.010302330059695608
"(2, 2, 2, 2, 1, 2, 3)",goods_receipt: ρ = type  │  invoice_receipt: ρ = CreditAmountBSEGWRBTR_band  │  material: ρ = MaterialEKPOMATNR  │  payment: ρ = AmountDMBTR_band  │  purchase_order: ρ = PurchasingGroupEKKOEKGRP  │  purchase_requisition: ρ = type  │  quotation: ρ = type,True,,778,927,44.096008629989214,1,1.1915167095115682,12,0.1607335490830637,0.016055266705179982
"(2, 2, 2, 2, 3, 1, 3)",goods_receipt: ρ = type  │  invoice_receipt: ρ = CreditAmountBSEGWRBTR_band  │  material: ρ = MaterialEKPOMATNR  │  payment: ρ = AmountDMBTR_band  │  purchase_order: ρ = type  │  purchase_requisition: ρ = PurchasingGroupEBANEKGRP  │  quotation: ρ = type,True,,778,927,44.096008629989214,1,1.1915167095115682,12,0.1607335490830637,0.016055266705179982
"(2, 2, 2, 2, 3, 2, 1)",goods_receipt: ρ = type  │  invoice_receipt: ρ = CreditAmountBSEGWRBTR_band  │  material: ρ = MaterialEKPOMATNR  │  payment: ρ = AmountDMBTR_band  │  purchase_order: ρ = type  │  purchase_requisition: ρ = type  │  quotation: ρ = PurchasingGroupEBANEKGRP,True,,778,927,44.096008629989214,1,1.1915167095115682,12,0.1607335490830637,0.016055266705179982
"(2, 2, 2, 3, 1, 2, 3)",goods_receipt: ρ = type  │  invoice_receipt: ρ = CreditAmountBSEGWRBTR_band  │  material: ρ = MaterialEKPOMATNR  │  payment: ρ = PaymentMethodZLSCH  │  purchase_order: ρ = PurchasingGroupEKKOEKGRP  │  purchase_requisition: ρ = type  │  quotation: ρ = type,True,,841,927,44.353829557713055,1,1.1022592152199762,6,0.09277238403451993,0.010302330059695608
"(2, 2, 2, 3, 3, 1, 3)",goods_receipt: ρ = type  │  invoice_receipt: ρ = CreditAmountBSEGWRBTR_band  │  material: ρ = MaterialEKPOMATNR  │  payment: ρ = PaymentMethodZLSCH  │  purchase_order: ρ = type  │  purchase_requisition: ρ = PurchasingGroupEBANEKGRP  │  quotation: ρ = type,True,,841,927,44.353829557713055,1,1.1022592152199762,6,0.09277238403451993,0.010302330059695608
"(2, 2, 2, 3, 3, 2, 1)",goods_receipt: ρ = type  │  invoice_receipt: ρ = CreditAmountBSEGWRBTR_band  │  material: ρ = MaterialEKPOMATNR  │  payment: ρ = PaymentMethodZLSCH  │  purchase_order: ρ = type  │  purchase_requisition: ρ = type  │  quotation: ρ = PurchasingGroupEBANEKGRP,True,,841,927,44.353829557713055,1,1.1022592152199762,6,0.09277238403451993,0.010302330059695608
"(2, 2, 2, 4, 1, 1, 3)",goods_receipt: ρ = type  │  invoice_receipt: ρ = CreditAmountBSEGWRBTR_band  │  material: ρ = MaterialEKPOMATNR  │  payment: ρ = type  │  purchase_order: ρ = PurchasingGroupEKKOEKGRP  │  purchase_requisition: ρ = PurchasingGroupEBANEKGRP  │  quotation: ρ = type,True,,776,927,44.353829557713055,1,1.1945876288659794,12,0.162891046386192,0.010302330059695608
"(2, 2, 2, 4, 1, 2, 1)",goods_receipt: ρ = type  │  invoice_receipt: ρ = CreditAmountBSEGWRBTR_band  │  material: ρ = MaterialEKPOMATNR  │  payment: ρ = type  │  purchase_order: ρ = PurchasingGroupEKKOEKGRP  │  purchase_requisition: ρ = type  │  quotation: ρ = PurchasingGroupEBANEKGRP,True,,776,927,43.530744336569576,1,1.1945876288659794,12,0.162891046386192,0.028668399768919772
"(2, 2, 2, 4, 2, 2, 3)",goods_receipt: ρ = type  │  invoice_receipt: ρ = CreditAmountBSEGWRBTR_band  │  material: ρ = MaterialEKPOMATNR  │  payment: ρ = type  │  purchase_order: ρ = VendorEKKOLIFNR  │  purchase_requisition: ρ = type  │  quotation: ρ = type,True,,894,927,44.353829557713055,1,1.0369127516778522,4,0.035598705501618144,0.010302330059695608
"(2, 2, 2, 4, 3, 1, 1)",goods_receipt: ρ = type  │  invoice_receipt: ρ = CreditAmountBSEGWRBTR_band  │  material: ρ = MaterialEKPOMATNR  │  payment: ρ = type  │  purchase_order: ρ = type  │  purchase_requisition: ρ = PurchasingGroupEBANEKGRP  │  quotation: ρ = PurchasingGroupEBANEKGRP,True,,776,927,44.353829557713055,1,1.1945876288659794,12,0.162891046386192,0.010302330059695608
"(2, 2, 2, 4, 3, 2, 2)",goods_receipt: ρ = type  │  invoice_receipt: ρ = CreditAmountBSEGWRBTR_band  │  material: ρ = MaterialEKPOMATNR  │  payment: ρ = type  │  purchase_order: ρ = type  │  purchase_requisition: ρ = type  │  quotation: ρ = VendorEBANLIFNR,True,,894,927,44.353829557713055,1,1.0369127516778522,4,0.035598705501618144,0.010302330059695608
"(2, 2, 3, 1, 1, 2, 3)",goods_receipt: ρ = type  │  invoice_receipt: ρ = CreditAmountBSEGWRBTR_band  │  material: ρ = NetPriceEKPONETPR  │  payment: ρ = AmountDMBTR  │  purchase_order: ρ = PurchasingGroupEKKOEKGRP  │  purchase_requisition: ρ = type  │  quotation: ρ = type,True,,919,927,44.13484358144552,1,1.0087051142546246,2,0.008629989212513456,0.015188715578663525
"(2, 2, 3, 1, 3, 1, 3)",goods_receipt: ρ = type  │  invoice_receipt: ρ = CreditAmountBSEGWRBTR_band  │  material: ρ = NetPriceEKPONETPR  │  payment: ρ = AmountDMBTR  │  purchase_order: ρ = type  │  purchase_requisition: ρ = PurchasingGroupEBANEKGRP  │  quotation: ρ = type,True,,919,927,44.13484358144552,1,1.0087051142546246,2,0.008629989212513456,0.015188715578663525
"(2, 2, 3, 1, 3, 2, 1)",goods_receipt: ρ = type  │  invoice_receipt: ρ = CreditAmountBSEGWRBTR_band  │  material: ρ = NetPriceEKPONETPR  │  payment: ρ = AmountDMBTR  │  purchase_order: ρ = type  │  purchase_requisition: ρ = type  │  quotation: ρ = PurchasingGroupEBANEKGRP,True,,919,927,44.13484358144552,1,1.0087051142546246,2,0.008629989212513456,0.015188715578663525
"(2, 2, 3, 2, 1, 1, 3)",goods_receipt: ρ = type  │  invoice_receipt: ρ = CreditAmountBSEGWRBTR_band  │  material: ρ = NetPriceEKPONETPR  │  payment: ρ = AmountDMBTR_band  │  purchase_order: ρ = PurchasingGroupEKKOEKGRP  │  purchase_requisition: ρ = PurchasingGroupEBANEKGRP  │  quotation: ρ = type,True,,739,927,43.87702265372168,1,1.2543978349120433,12,0.20280474649406688,0.0209416522241479
"(2, 2, 3, 2, 1, 2, 1)",goods_receipt: ρ = type  │  invoice_receipt: ρ = CreditAmountBSEGWRBTR_band  │  material: ρ = NetPriceEKPONETPR  │  payment: ρ = AmountDMBTR_band  │  purchase_order: ρ = PurchasingGroupEKKOEKGRP  │  purchase_requisition: ρ = type  │  quotation: ρ = PurchasingGroupEBANEKGRP,True,,739,927,43.05393743257821,1,1.2543978349120433,12,0.20280474649406688,0.03930772193337184
"(2, 2, 3, 2, 2, 2, 3)",goods_receipt: ρ = type  │  invoice_receipt: ρ = CreditAmountBSEGWRBTR_band  │  material: ρ = NetPriceEKPONETPR  │  payment: ρ = AmountDMBTR_band  │  purchase_order: ρ = VendorEKKOLIFNR  │  purchase_requisition: ρ = type  │  quotation: ρ = type,True,,878,927,43.87702265372168,1,1.0558086560364466,5,0.052858683926645056,0.0209416522241479
"(2, 2, 3, 2, 3, 1, 1)",goods_receipt: ρ = type  │  invoice_receipt: ρ = CreditAmountBSEGWRBTR_band  │  material: ρ = NetPriceEKPONETPR  │  payment: ρ = AmountDMBTR_band  │  purchase_order: ρ = type  │  purchase_requisition: ρ = PurchasingGroupEBANEKGRP  │  quotation: ρ = PurchasingGroupEBANEKGRP,True,,739,927,43.87702265372168,1,1.2543978349120433,12,0.20280474649406688,0.0209416522241479
"(2, 2, 3, 2, 3, 2, 2)",goods_receipt: ρ = type  │  invoice_receipt: ρ = CreditAmountBSEGWRBTR_band  │  material: ρ = NetPriceEKPONETPR  │  payment: ρ = AmountDMBTR_band  │  purchase_order: ρ = type  │  purchase_requisition: ρ = type  │  quotation: ρ = VendorEBANLIFNR,True,,878,927,43.87702265372168,1,1.0558086560364466,5,0.052858683926645056,0.0209416522241479
"(2, 2, 3, 3, 1, 1, 3)",goods_receipt: ρ = type  │  invoice_receipt: ρ = CreditAmountBSEGWRBTR_band  │  material: ρ = NetPriceEKPONETPR  │  payment: ρ = PaymentMethodZLSCH  │  purchase_order: ρ = PurchasingGroupEKKOEKGRP  │  purchase_requisition: ρ = PurchasingGroupEBANEKGRP  │  quotation: ρ = type,True,,806,927,44.13484358144552,1,1.150124069478908,6,0.1305285868392665,0.015188715578663525
"(2, 2, 3, 3, 1, 2, 1)",goods_receipt: ρ = type  │  invoice_receipt: ρ = CreditAmountBSEGWRBTR_band  │  material: ρ = NetPriceEKPONETPR  │  payment: ρ = PaymentMethodZLSCH  │  purchase_order: ρ = PurchasingGroupEKKOEKGRP  │  purchase_requisition: ρ = type  │  quotation: ρ = PurchasingGroupEBANEKGRP,True,,806,927,43.31175836030205,1,1.150124069478908,6,0.1305285868392665,0.03355478528788747
"(2, 2, 3, 3, 2, 2, 3)",goods_receipt: ρ = type  │  invoice_receipt: ρ = CreditAmountBSEGWRBTR_band  │  material: ρ = NetPriceEKPONETPR  │  payment: ρ = PaymentMethodZLSCH  │  purchase_order: ρ = VendorEKKOLIFNR  │  purchase_requisition: ρ = type  │  quotation: ρ = type,True,,907,927,44.13484358144552,1,1.022050716648291,3,0.02157497303128375,0.015188715578663525
"(2, 2, 3, 3, 3, 1, 1)",goods_receipt: ρ = type  │  invoice_receipt: ρ = CreditAmountBSEGWRBTR_band  │  material: ρ = NetPriceEKPONETPR  │  payment: ρ = PaymentMethodZLSCH  │  purchase_order: ρ = type  │  purchase_requisition: ρ = PurchasingGroupEBANEKGRP  │  quotation: ρ = PurchasingGroupEBANEKGRP,True,,806,927,44.13484358144552,1,1.150124069478908,6,0.1305285868392665,0.015188715578663525
"(2, 2, 3, 3, 3, 2, 2)",goods_receipt: ρ = type  │  invoice_receipt: ρ = CreditAmountBSEGWRBTR_band  │  material: ρ = NetPriceEKPONETPR  │  payment: ρ = PaymentMethodZLSCH  │  purchase_order: ρ = type  │  purchase_requisition: ρ = type  │  quotation: ρ = VendorEBANLIFNR,True,,907,927,44.13484358144552,1,1.022050716648291,3,0.02157497303128375,0.015188715578663525
"(2, 2, 3, 4, 1, 1, 1)",goods_receipt: ρ = type  │  invoice_receipt: ρ = CreditAmountBSEGWRBTR_band  │  material: ρ = NetPriceEKPONETPR  │  payment: ρ = type  │  purchase_order: ρ = PurchasingGroupEKKOEKGRP  │  purchase_requisition: ρ = PurchasingGroupEBANEKGRP  │  quotation: ρ = PurchasingGroupEBANEKGRP,True,,736,927,43.31175836030205,1,1.2595108695652173,12,0.2060409924487594,0.03355478528788747
"(2, 2, 3, 4, 2, 1, 3)",goods_receipt: ρ = type  │  invoice_receipt: ρ = CreditAmountBSEGWRBTR_band  │  material: ρ = NetPriceEKPONETPR  │  payment: ρ = type  │  purchase_order: ρ = VendorEKKOLIFNR  │  purchase_requisition: ρ = PurchasingGroupEBANEKGRP  │  quotation: ρ = type,True,,877,927,44.13484358144552,1,1.057012542759407,5,0.053937432578209266,0.015188715578663525
"(2, 2, 3, 4, 1, 2, 2)",goods_receipt: ρ = type  │  invoice_receipt: ρ = CreditAmountBSEGWRBTR_band  │  material: ρ = NetPriceEKPONETPR  │  payment: ρ = type  │  purchase_order: ρ = PurchasingGroupEKKOEKGRP  │  purchase_requisition: ρ = type  │  quotation: ρ = VendorEBANLIFNR,True,,877,927,44.13484358144552,1,1.057012542759407,5,0.053937432578209266,0.015188715578663525
"(2, 2, 3, 4, 2, 2, 1)",goods_receipt: ρ = type  │  invoice_receipt: ρ = CreditAmountBSEGWRBTR_band  │  material: ρ = NetPriceEKPONETPR  │  payment: ρ = type  │  purchase_order: ρ = VendorEKKOLIFNR  │  purchase_requisition: ρ = type  │  quotation: ρ = PurchasingGroupEBANEKGRP,True,,877,927,44.13484358144552,1,1.057012542759407,5,0.053937432578209266,0.015188715578663525
"(2, 2, 3, 4, 3, 1, 2)",goods_receipt: ρ = type  │  invoice_receipt: ρ = CreditAmountBSEGWRBTR_band  │  material: ρ = NetPriceEKPONETPR  │  payment: ρ = type  │  purchase_order: ρ = type  │  purchase_requisition: ρ = PurchasingGroupEBANEKGRP  │  quotation: ρ = VendorEBANLIFNR,True,,877,927,44.13484358144552,1,1.057012542759407,5,0.053937432578209266,0.015188715578663525
"(2, 2, 4, 1, 1, 1, 3)",goods_receipt: ρ = type  │  invoice_receipt: ρ = CreditAmountBSEGWRBTR_band  │  material: ρ = NetPriceEKPONETPR_band  │  payment: ρ = AmountDMBTR  │  purchase_order: ρ = PurchasingGroupEKKOEKGRP  │  purchase_requisition: ρ = PurchasingGroupEBANEKGRP  │  quotation: ρ = type,True,,918,927,43.34519956850054,1,1.0098039215686274,2,0.009708737864077666,0.0328085884844983
"(2, 2, 4, 1, 1, 2, 1)",goods_receipt: ρ = type  │  invoice_receipt: ρ = CreditAmountBSEGWRBTR_band  │  material: ρ = NetPriceEKPONETPR_band  │  payment: ρ = AmountDMBTR  │  purchase_order: ρ = PurchasingGroupEKKOEKGRP  │  purchase_requisition: ρ = type  │  quotation: ρ = PurchasingGroupEBANEKGRP,True,,918,927,42.52211434735707,1,1.0098039215686274,2,0.009708737864077666,0.051174658193722244
"(2, 2, 4, 1, 2, 2, 3)",goods_receipt: ρ = type  │  invoice_receipt: ρ = CreditAmountBSEGWRBTR_band  │  material: ρ = NetPriceEKPONETPR_band  │  payment: ρ = AmountDMBTR  │  purchase_order: ρ = VendorEKKOLIFNR  │  purchase_requisition: ρ = type  │  quotation: ρ = type,True,,926,927,43.34519956850054,1,1.0010799136069115,2,0.0010787486515642097,0.0328085884844983
"(2, 2, 4, 1, 3, 1, 1)",goods_receipt: ρ = type  │  invoice_receipt: ρ = CreditAmountBSEGWRBTR_band  │  material: ρ = NetPriceEKPONETPR_band  │  payment: ρ = AmountDMBTR  │  purchase_order: ρ = type  │  purchase_requisition: ρ = PurchasingGroupEBANEKGRP  │  quotation: ρ = PurchasingGroupEBANEKGRP,True,,918,927,43.34519956850054,1,1.0098039215686274,2,0.009708737864077666,0.0328085884844983
"(2, 2, 4, 1, 3, 2, 2)",goods_receipt: ρ = type  │  invoice_receipt: ρ = CreditAmountBSEGWRBTR_band  │  material: ρ = NetPriceEKPONETPR_band  │  payment: ρ = AmountDMBTR  │  purchase_order: ρ = type  │  purchase_requisition: ρ = type  │  quotation: ρ = VendorEBANLIFNR,True,,926,927,43.34519956850054,1,1.0010799136069115,2,0.0010787486515642097,0.0328085884844983
"(2, 2, 4, 2, 1, 1, 1)",goods_receipt: ρ = type  │  invoice_receipt: ρ = CreditAmountBSEGWRBTR_band  │  material: ρ = NetPriceEKPONETPR_band  │  payment: ρ = AmountDMBTR_band  │  purchase_order: ρ = PurchasingGroupEKKOEKGRP  │  purchase_requisition: ρ = PurchasingGroupEBANEKGRP  │  quotation: ρ = PurchasingGroupEBANEKGRP,True,,633,927,42.264293419633226,1,1.4644549763033174,29,0.31715210355987056,0.05692759483920651
"(2, 2, 4, 2, 2, 1, 3)",goods_receipt: ρ = type  │  invoice_receipt: ρ = CreditAmountBSEGWRBTR_band  │  material: ρ = NetPriceEKPONETPR_band  │  payment: ρ = AmountDMBTR_band  │  purchase_order: ρ = VendorEKKOLIFNR  │  purchase_requisition: ρ = PurchasingGroupEBANEKGRP  │  quotation: ρ = type,True,,805,927,43.0873786407767,1,1.151552795031056,7,0.1316073354908306,0.03856152512998268
"(2, 2, 4, 2, 1, 2, 2)",goods_receipt: ρ = type  │  invoice_receipt: ρ = CreditAmountBSEGWRBTR_band  │  material: ρ = NetPriceEKPONETPR_band  │  payment: ρ = AmountDMBTR_band  │  purchase_order: ρ = PurchasingGroupEKKOEKGRP  │  purchase_requisition: ρ = type  │  quotation: ρ = VendorEBANLIFNR,True,,805,927,43.0873786407767,1,1.151552795031056,7,0.1316073354908306,0.03856152512998268
"(2, 2, 4, 2, 2, 2, 1)",goods_receipt: ρ = type  │  invoice_receipt: ρ = CreditAmountBSEGWRBTR_band  │  material: ρ = NetPriceEKPONETPR_band  │  payment: ρ = AmountDMBTR_band  │  purchase_order: ρ = VendorEKKOLIFNR  │  purchase_requisition: ρ = type  │  quotation: ρ = PurchasingGroupEBANEKGRP,True,,805,927,43.0873786407767,1,1.151552795031056,7,0.1316073354908306,0.03856152512998268
"(2, 2, 4, 2, 3, 1, 2)",goods_receipt: ρ = type  │  invoice_receipt: ρ = CreditAmountBSEGWRBTR_band  │  material: ρ = NetPriceEKPONETPR_band  │  payment: ρ = AmountDMBTR_band  │  purchase_order: ρ = type  │  purchase_requisition: ρ = PurchasingGroupEBANEKGRP  │  quotation: ρ = VendorEBANLIFNR,True,,805,927,43.0873786407767,1,1.151552795031056,7,0.1316073354908306,0.03856152512998268
"(2, 2, 4, 3, 1, 1, 1)",goods_receipt: ρ = type  │  invoice_receipt: ρ = CreditAmountBSEGWRBTR_band  │  material: ρ = NetPriceEKPONETPR_band  │  payment: ρ = PaymentMethodZLSCH  │  purchase_order: ρ = PurchasingGroupEKKOEKGRP  │  purchase_requisition: ρ = PurchasingGroupEBANEKGRP  │  quotation: ρ = PurchasingGroupEBANEKGRP,True,,709,927,42.52211434735707,1,1.307475317348378,13,0.2351672060409924,0.051174658193722244
"(2, 2, 4, 3, 2, 1, 3)",goods_receipt: ρ = type  │  invoice_receipt: ρ = CreditAmountBSEGWRBTR_band  │  material: ρ = NetPriceEKPONETPR_band  │  payment: ρ = PaymentMethodZLSCH  │  purchase_order: ρ = VendorEKKOLIFNR  │  purchase_requisition: ρ = PurchasingGroupEBANEKGRP  │  quotation: ρ = type,True,,874,927,43.34519956850054,1,1.0606407322654463,4,0.057173678532901784,0.0328085884844983
"(2, 2, 4, 3, 1, 2, 2)",goods_receipt: ρ = type  │  invoice_receipt: ρ = CreditAmountBSEGWRBTR_band  │  material: ρ = NetPriceEKPONETPR_band  │  payment: ρ = PaymentMethodZLSCH  │  purchase_order: ρ = PurchasingGroupEKKOEKGRP  │  purchase_requisition: ρ = type  │  quotation: ρ = VendorEBANLIFNR,True,,874,927,43.34519956850054,1,1.0606407322654463,4,0.057173678532901784,0.0328085884844983
"(2, 2, 4, 3, 2, 2, 1)",goods_receipt: ρ = type  │  invoice_receipt: ρ = CreditAmountBSEGWRBTR_band  │  material: ρ = NetPriceEKPONETPR_band  │  payment: ρ = PaymentMethodZLSCH  │  purchase_order: ρ = VendorEKKOLIFNR  │  purchase_requisition: ρ = type  │  quotation: ρ = PurchasingGroupEBANEKGRP,True,,874,927,43.34519956850054,1,1.0606407322654463,4,0.057173678532901784,0.0328085884844983
"(2, 2, 4, 3, 3, 1, 2)",goods_receipt: ρ = type  │  invoice_receipt: ρ = CreditAmountBSEGWRBTR_band  │  material: ρ = NetPriceEKPONETPR_band  │  payment: ρ = PaymentMethodZLSCH  │  purchase_order: ρ = type  │  purchase_requisition: ρ = PurchasingGroupEBANEKGRP  │  quotation: ρ = VendorEBANLIFNR,True,,874,927,43.34519956850054,1,1.0606407322654463,4,0.057173678532901784,0.0328085884844983
"(2, 2, 4, 4, 1, 1, 2)",goods_receipt: ρ = type  │  invoice_receipt: ρ = CreditAmountBSEGWRBTR_band  │  material: ρ = NetPriceEKPONETPR_band  │  payment: ρ = type  │  purchase_order: ρ = PurchasingGroupEKKOEKGRP  │  purchase_requisition: ρ = PurchasingGroupEBANEKGRP  │  quotation: ρ = VendorEBANLIFNR,True,,803,927,43.34519956850054,1,1.1544209215442092,7,0.133764832793959,0.0328085884844983
"(2, 2, 4, 4, 2, 1, 1)",goods_receipt: ρ = type  │  invoice_receipt: ρ = CreditAmountBSEGWRBTR_band  │  material: ρ = NetPriceEKPONETPR_band  │  payment: ρ = type  │  purchase_order: ρ = VendorEKKOLIFNR  │  purchase_requisition: ρ = PurchasingGroupEBANEKGRP  │  quotation: ρ = PurchasingGroupEBANEKGRP,True,,803,927,43.34519956850054,1,1.1544209215442092,7,0.133764832793959,0.0328085884844983
"(2, 2, 4, 4, 2, 2, 2)",goods_receipt: ρ = type  │  invoice_receipt: ρ = CreditAmountBSEGWRBTR_band  │  material: ρ = NetPriceEKPONETPR_band  │  payment: ρ = type  │  purchase_order: ρ = VendorEKKOLIFNR  │  purchase_requisition: ρ = type  │  quotation: ρ = VendorEBANLIFNR,True,,803,927,42.52211434735707,1,1.1544209215442092,7,0.133764832793959,0.051174658193722244
"(2, 2, 0, 1, 3, 2, 3)",goods_receipt: ρ = type  │  invoice_receipt: ρ = CreditAmountBSEGWRBTR_band  │  material: ρ = id  │  payment: ρ = AmountDMBTR  │  purchase_order: ρ = type  │  purchase_requisition: ρ = type  │  quotation: ρ = type,True,,925,927,44.353829557713055,1,1.0021621621621621,2,0.0021574973031284195,0.010302330059695608
"(2, 2, 0, 2, 1, 2, 3)",goods_receipt: ρ = type  │  invoice_receipt: ρ = CreditAmountBSEGWRBTR_band  │  material: ρ = id  │  payment: ρ = AmountDMBTR_band  │  purchase_order: ρ = PurchasingGroupEKKOEKGRP  │  purchase_requisition: ρ = type  │  quotation: ρ = type,True,,872,927,44.096008629989214,1,1.063073394495413,12,0.0593311758360302,0.016055266705179982
"(2, 2, 0, 2, 3, 1, 3)",goods_receipt: ρ = type  │  invoice_receipt: ρ = CreditAmountBSEGWRBTR_band  │  material: ρ = id  │  payment: ρ = AmountDMBTR_band  │  purchase_order: ρ = type  │  purchase_requisition: ρ = PurchasingGroupEBANEKGRP  │  quotation: ρ = type,True,,872,927,44.096008629989214,1,1.063073394495413,12,0.0593311758360302,0.016055266705179982
"(2, 2, 0, 2, 3, 2, 1)",goods_receipt: ρ = type  │  invoice_receipt: ρ = CreditAmountBSEGWRBTR_band  │  material: ρ = id  │  payment: ρ = AmountDMBTR_band  │  purchase_order: ρ = type  │  purchase_requisition: ρ = type  │  quotation: ρ = PurchasingGroupEBANEKGRP,True,,872,927,44.096008629989214,1,1.063073394495413,12,0.0593311758360302,0.016055266705179982
"(2, 2, 0, 3, 1, 2, 3)",goods_receipt: ρ = type  │  invoice_receipt: ρ = CreditAmountBSEGWRBTR_band  │  material: ρ = id  │  payment: ρ = PaymentMethodZLSCH  │  purchase_order: ρ = PurchasingGroupEKKOEKGRP  │  purchase_requisition: ρ = type  │  quotation: ρ = type,True,,888,927,44.353829557713055,1,1.0439189189189189,6,0.04207119741100329,0.010302330059695608
"(2, 2, 0, 3, 3, 1, 3)",goods_receipt: ρ = type  │  invoice_receipt: ρ = CreditAmountBSEGWRBTR_band  │  material: ρ = id  │  payment: ρ = PaymentMethodZLSCH  │  purchase_order: ρ = type  │  purchase_requisition: ρ = PurchasingGroupEBANEKGRP  │  quotation: ρ = type,True,,888,927,44.353829557713055,1,1.0439189189189189,6,0.04207119741100329,0.010302330059695608
"(2, 2, 0, 3, 3, 2, 1)",goods_receipt: ρ = type  │  invoice_receipt: ρ = CreditAmountBSEGWRBTR_band  │  material: ρ = id  │  payment: ρ = PaymentMethodZLSCH  │  purchase_order: ρ = type  │  purchase_requisition: ρ = type  │  quotation: ρ = PurchasingGroupEBANEKGRP,True,,888,927,44.353829557713055,1,1.0439189189189189,6,0.04207119741100329,0.010302330059695608
"(2, 2, 0, 4, 1, 1, 3)",goods_receipt: ρ = type  │  invoice_receipt: ρ = CreditAmountBSEGWRBTR_band  │  material: ρ = id  │  payment: ρ = type  │  purchase_order: ρ = PurchasingGroupEKKOEKGRP  │  purchase_requisition: ρ = PurchasingGroupEBANEKGRP  │  quotation: ρ = type,True,,870,927,44.353829557713055,1,1.0655172413793104,12,0.06148867313915862,0.010302330059695608
"(2, 2, 0, 4, 1, 2, 1)",goods_receipt: ρ = type  │  invoice_receipt: ρ = CreditAmountBSEGWRBTR_band  │  material: ρ = id  │  payment: ρ = type  │  purchase_order: ρ = PurchasingGroupEKKOEKGRP  │  purchase_requisition: ρ = type  │  quotation: ρ = PurchasingGroupEBANEKGRP,True,,870,927,43.530744336569576,1,1.0655172413793104,12,0.06148867313915862,0.028668399768919772
"(2, 2, 0, 4, 2, 2, 3)",goods_receipt: ρ = type  │  invoice_receipt: ρ = CreditAmountBSEGWRBTR_band  │  material: ρ = id  │  payment: ρ = type  │  purchase_order: ρ = VendorEKKOLIFNR  │  purchase_requisition: ρ = type  │  quotation: ρ = type,True,,912,927,44.353829557713055,1,1.0164473684210527,3,0.016181229773462813,0.010302330059695608
"(2, 2, 0, 4, 3, 1, 1)",goods_receipt: ρ = type  │  invoice_receipt: ρ = CreditAmountBSEGWRBTR_band  │  material: ρ = id  │  payment: ρ = type  │  purchase_order: ρ = type  │  purchase_requisition: ρ = PurchasingGroupEBANEKGRP  │  quotation: ρ = PurchasingGroupEBANEKGRP,True,,870,927,44.353829557713055,1,1.0655172413793104,12,0.06148867313915862,0.010302330059695608
"(2, 2, 0, 4, 3, 2, 2)",goods_receipt: ρ = type  │  invoice_receipt: ρ = CreditAmountBSEGWRBTR_band  │  material: ρ = id  │  payment: ρ = type  │  purchase_order: ρ = type  │  purchase_requisition: ρ = type  │  quotation: ρ = VendorEBANLIFNR,True,,912,927,44.353829557713055,1,1.0164473684210527,3,0.016181229773462813,0.010302330059695608
"(2, 2, 1, 2, 1, 1, 3)",goods_receipt: ρ = type  │  invoice_receipt: ρ = CreditAmountBSEGWRBTR_band  │  material: ρ = DeliveryDateEKPOBEDAT  │  payment: ρ = AmountDMBTR_band  │  purchase_order: ρ = PurchasingGroupEKKOEKGRP  │  purchase_requisition: ρ = PurchasingGroupEBANEKGRP  │  quotation: ρ = type,True,,872,927,44.096008629989214,1,1.063073394495413,12,0.0593311758360302,0.016055266705179982
"(2, 2, 1, 2, 1, 2, 1)",goods_receipt: ρ = type  │  invoice_receipt: ρ = CreditAmountBSEGWRBTR_band  │  material: ρ = DeliveryDateEKPOBEDAT  │  payment: ρ = AmountDMBTR_band  │  purchase_order: ρ = PurchasingGroupEKKOEKGRP  │  purchase_requisition: ρ = type  │  quotation: ρ = PurchasingGroupEBANEKGRP,True,,872,927,43.27292340884574,1,1.063073394495413,12,0.0593311758360302,0.034421336414403925
"(2, 2, 1, 2, 2, 2, 3)",goods_receipt: ρ = type  │  invoice_receipt: ρ = CreditAmountBSEGWRBTR_band  │  material: ρ = DeliveryDateEKPOBEDAT  │  payment: ρ = AmountDMBTR_band  │  purchase_order: ρ = VendorEKKOLIFNR  │  purchase_requisition: ρ = type  │  quotation: ρ = type,True,,913,927,44.096008629989214,1,1.0153340635268346,3,0.015102481121898603,0.016055266705179982
"(2, 2, 1, 2, 3, 1, 1)",goods_receipt: ρ = type  │  invoice_receipt: ρ = CreditAmountBSEGWRBTR_band  │  material: ρ = DeliveryDateEKPOBEDAT  │  payment: ρ = AmountDMBTR_band  │  purchase_order: ρ = type  │  purchase_requisition: ρ = PurchasingGroupEBANEKGRP  │  quotation: ρ = PurchasingGroupEBANEKGRP,True,,872,927,44.096008629989214,1,1.063073394495413,12,0.0593311758360302,0.016055266705179982
"(2, 2, 1, 2, 3, 2, 2)",goods_receipt: ρ = type  │  invoice_receipt: ρ = CreditAmountBSEGWRBTR_band  │  material: ρ = DeliveryDateEKPOBEDAT  │  payment: ρ = AmountDMBTR_band  │  purchase_order: ρ = type  │  purchase_requisition: ρ = type  │  quotation: ρ = VendorEBANLIFNR,True,,913,927,44.096008629989214,1,1.0153340635268346,3,0.015102481121898603,0.016055266705179982
"(2, 2, 1, 3, 1, 1, 3)",goods_receipt: ρ = type  │  invoice_receipt: ρ = CreditAmountBSEGWRBTR_band  │  material: ρ = DeliveryDateEKPOBEDAT  │  payment: ρ = PaymentMethodZLSCH  │  purchase_order: ρ = PurchasingGroupEKKOEKGRP  │  purchase_requisition: ρ = PurchasingGroupEBANEKGRP  │  quotation: ρ = type,True,,888,927,44.353829557713055,1,1.0439189189189189,6,0.04207119741100329,0.010302330059695608
"(2, 2, 1, 3, 1, 2, 1)",goods_receipt: ρ = type  │  invoice_receipt: ρ = CreditAmountBSEGWRBTR_band  │  material: ρ = DeliveryDateEKPOBEDAT  │  payment: ρ = PaymentMethodZLSCH  │  purchase_order: ρ = PurchasingGroupEKKOEKGRP  │  purchase_requisition: ρ = type  │  quotation: ρ = PurchasingGroupEBANEKGRP,True,,888,927,43.530744336569576,1,1.0439189189189189,6,0.04207119741100329,0.028668399768919772
"(2, 2, 1, 3, 2, 2, 3)",goods_receipt: ρ = type  │  invoice_receipt: ρ = CreditAmountBSEGWRBTR_band  │  material: ρ = DeliveryDateEKPOBEDAT  │  payment: ρ = PaymentMethodZLSCH  │  purchase_order: ρ = VendorEKKOLIFNR  │  purchase_requisition: ρ = type  │  quotation: ρ = type,True,,923,927,44.353829557713055,1,1.0043336944745396,2,0.004314994606256728,0.010302330059695608
"(2, 2, 1, 3, 3, 1, 1)",goods_receipt: ρ = type  │  invoice_receipt: ρ = CreditAmountBSEGWRBTR_band  │  material: ρ = DeliveryDateEKPOBEDAT  │  payment: ρ = PaymentMethodZLSCH  │  purchase_order: ρ = type  │  purchase_requisition: ρ = PurchasingGroupEBANEKGRP  │  quotation: ρ = PurchasingGroupEBANEKGRP,True,,888,927,44.353829557713055,1,1.0439189189189189,6,0.04207119741100329,0.010302330059695608
"(2, 2, 1, 3, 3, 2, 2)",goods_receipt: ρ = type  │  invoice_receipt: ρ = CreditAmountBSEGWRBTR_band  │  material: ρ = DeliveryDateEKPOBEDAT  │  payment: ρ = PaymentMethodZLSCH  │  purchase_order: ρ = type  │  purchase_requisition: ρ = type  │  quotation: ρ = VendorEBANLIFNR,True,,923,927,44.353829557713055,1,1.0043336944745396,2,0.004314994606256728,0.010302330059695608
"(2, 2, 1, 4, 1, 1, 1)",goods_receipt: ρ = type  │  invoice_receipt: ρ = CreditAmountBSEGWRBTR_band  │  material: ρ = DeliveryDateEKPOBEDAT  │  payment: ρ = type  │  purchase_order: ρ = PurchasingGroupEKKOEKGRP  │  purchase_requisition: ρ = PurchasingGroupEBANEKGRP  │  quotation: ρ = PurchasingGroupEBANEKGRP,True,,870,927,43.530744336569576,1,1.0655172413793104,12,0.06148867313915862,0.028668399768919772
"(2, 2, 1, 4, 2, 1, 3)",goods_receipt: ρ = type  │  invoice_receipt: ρ = CreditAmountBSEGWRBTR_band  │  material: ρ = DeliveryDateEKPOBEDAT  │  payment: ρ = type  │  purchase_order: ρ = VendorEKKOLIFNR  │  purchase_requisition: ρ = PurchasingGroupEBANEKGRP  │  quotation: ρ = type,True,,912,927,44.353829557713055,1,1.0164473684210527,3,0.016181229773462813,0.010302330059695608
"(2, 2, 1, 4, 1, 2, 2)",goods_receipt: ρ = type  │  invoice_receipt: ρ = CreditAmountBSEGWRBTR_band  │  material: ρ = DeliveryDateEKPOBEDAT  │  payment: ρ = type  │  purchase_order: ρ = PurchasingGroupEKKOEKGRP  │  purchase_requisition: ρ = type  │  quotation: ρ = VendorEBANLIFNR,True,,912,927,44.353829557713055,1,1.0164473684210527,3,0.016181229773462813,0.010302330059695608
"(2, 2, 1, 4, 2, 2, 1)",goods_receipt: ρ = type  │  invoice_receipt: ρ = CreditAmountBSEGWRBTR_band  │  material: ρ = DeliveryDateEKPOBEDAT  │  payment: ρ = type  │  purchase_order: ρ = VendorEKKOLIFNR  │  purchase_requisition: ρ = type  │  quotation: ρ = PurchasingGroupEBANEKGRP,True,,912,927,44.353829557713055,1,1.0164473684210527,3,0.016181229773462813,0.010302330059695608
"(2, 2, 1, 4, 3, 1, 2)",goods_receipt: ρ = type  │  invoice_receipt: ρ = CreditAmountBSEGWRBTR_band  │  material: ρ = DeliveryDateEKPOBEDAT  │  payment: ρ = type  │  purchase_order: ρ = type  │  purchase_requisition: ρ = PurchasingGroupEBANEKGRP  │  quotation: ρ = VendorEBANLIFNR,True,,912,927,44.353829557713055,1,1.0164473684210527,3,0.016181229773462813,0.010302330059695608
"(2, 2, 5, 1, 1, 1, 3)",goods_receipt: ρ = type  │  invoice_receipt: ρ = CreditAmountBSEGWRBTR_band  │  material: ρ = PlantEKPOWERKS  │  payment: ρ = AmountDMBTR  │  purchase_order: ρ = PurchasingGroupEKKOEKGRP  │  purchase_requisition: ρ = PurchasingGroupEBANEKGRP  │  quotation: ρ = type,True,,926,927,44.01294498381877,1,1.0010799136069115,2,0.0010787486515642097,0.01790872328134019
"(2, 2, 5, 1, 1, 2, 1)",goods_receipt: ρ = type  │  invoice_receipt: ρ = CreditAmountBSEGWRBTR_band  │  material: ρ = PlantEKPOWERKS  │  payment: ρ = AmountDMBTR  │  purchase_order: ρ = PurchasingGroupEKKOEKGRP  │  purchase_requisition: ρ = type  │  quotation: ρ = PurchasingGroupEBANEKGRP,True,,926,927,43.1898597626753,1,1.0010799136069115,2,0.0010787486515642097,0.03627479299056413
"(2, 2, 5, 1, 2, 2, 3)",goods_receipt: ρ = type  │  invoice_receipt: ρ = CreditAmountBSEGWRBTR_band  │  material: ρ = PlantEKPOWERKS  │  payment: ρ = AmountDMBTR  │  purchase_order: ρ = VendorEKKOLIFNR  │  purchase_requisition: ρ = type  │  quotation: ρ = type,True,,926,927,44.01294498381877,1,1.0010799136069115,2,0.0010787486515642097,0.01790872328134019
"(2, 2, 5, 1, 3, 1, 1)",goods_receipt: ρ = type  │  invoice_receipt: ρ = CreditAmountBSEGWRBTR_band  │  material: ρ = PlantEKPOWERKS  │  payment: ρ = AmountDMBTR  │  purchase_order: ρ = type  │  purchase_requisition: ρ = PurchasingGroupEBANEKGRP  │  quotation: ρ = PurchasingGroupEBANEKGRP,True,,926,927,44.01294498381877,1,1.0010799136069115,2,0.0010787486515642097,0.01790872328134019
"(2, 2, 5, 1, 3, 2, 2)",goods_receipt: ρ = type  │  invoice_receipt: ρ = CreditAmountBSEGWRBTR_band  │  material: ρ = PlantEKPOWERKS  │  payment: ρ = AmountDMBTR  │  purchase_order: ρ = type  │  purchase_requisition: ρ = type  │  quotation: ρ = VendorEBANLIFNR,True,,926,927,44.01294498381877,1,1.0010799136069115,2,0.0010787486515642097,0.01790872328134019
"(2, 2, 5, 2, 1, 1, 1)",goods_receipt: ρ = type  │  invoice_receipt: ρ = CreditAmountBSEGWRBTR_band  │  material: ρ = PlantEKPOWERKS  │  payment: ρ = AmountDMBTR_band  │  purchase_order: ρ = PurchasingGroupEKKOEKGRP  │  purchase_requisition: ρ = PurchasingGroupEBANEKGRP  │  quotation: ρ = PurchasingGroupEBANEKGRP,True,,744,927,42.932038834951456,1,1.2459677419354838,12,0.19741100323624594,0.042027729636048505
"(2, 2, 5, 2, 2, 1, 3)",goods_receipt: ρ = type  │  invoice_receipt: ρ = CreditAmountBSEGWRBTR_band  │  material: ρ = PlantEKPOWERKS  │  payment: ρ = AmountDMBTR_band  │  purchase_order: ρ = VendorEKKOLIFNR  │  purchase_requisition: ρ = PurchasingGroupEBANEKGRP  │  quotation: ρ = type,True,,883,927,43.75512405609493,1,1.0498301245753114,4,0.04746494066882412,0.023661659926824563
"(2, 2, 5, 2, 1, 2, 2)",goods_receipt: ρ = type  │  invoice_receipt: ρ = CreditAmountBSEGWRBTR_band  │  material: ρ = PlantEKPOWERKS  │  payment: ρ = AmountDMBTR_band  │  purchase_order: ρ = PurchasingGroupEKKOEKGRP  │  purchase_requisition: ρ = type  │  quotation: ρ = VendorEBANLIFNR,True,,883,927,43.75512405609493,1,1.0498301245753114,4,0.04746494066882412,0.023661659926824563
"(2, 2, 5, 2, 2, 2, 1)",goods_receipt: ρ = type  │  invoice_receipt: ρ = CreditAmountBSEGWRBTR_band  │  material: ρ = PlantEKPOWERKS  │  payment: ρ = AmountDMBTR_band  │  purchase_order: ρ = VendorEKKOLIFNR  │  purchase_requisition: ρ = type  │  quotation: ρ = PurchasingGroupEBANEKGRP,True,,883,927,43.75512405609493,1,1.0498301245753114,4,0.04746494066882412,0.023661659926824563
"(2, 2, 5, 2, 3, 1, 2)",goods_receipt: ρ = type  │  invoice_receipt: ρ = CreditAmountBSEGWRBTR_band  │  material: ρ = PlantEKPOWERKS  │  payment: ρ = AmountDMBTR_band  │  purchase_order: ρ = type  │  purchase_requisition: ρ = PurchasingGroupEBANEKGRP  │  quotation: ρ = VendorEBANLIFNR,True,,883,927,43.75512405609493,1,1.0498301245753114,4,0.04746494066882412,0.023661659926824563
"(2, 2, 5, 3, 1, 1, 1)",goods_receipt: ρ = type  │  invoice_receipt: ρ = CreditAmountBSEGWRBTR_band  │  material: ρ = PlantEKPOWERKS  │  payment: ρ = PaymentMethodZLSCH  │  purchase_order: ρ = PurchasingGroupEKKOEKGRP  │  purchase_requisition: ρ = PurchasingGroupEBANEKGRP  │  quotation: ρ = PurchasingGroupEBANEKGRP,True,,807,927,43.1898597626753,1,1.1486988847583643,6,0.12944983818770228,0.03627479299056413
"(2, 2, 5, 3, 2, 1, 3)",goods_receipt: ρ = type  │  invoice_receipt: ρ = CreditAmountBSEGWRBTR_band  │  material: ρ = PlantEKPOWERKS  │  payment: ρ = PaymentMethodZLSCH  │  purchase_order: ρ = VendorEKKOLIFNR  │  purchase_requisition: ρ = PurchasingGroupEBANEKGRP  │  quotation: ρ = type,True,,911,927,44.01294498381877,1,1.017563117453348,2,0.017259978425027023,0.01790872328134019
"(2, 2, 5, 3, 1, 2, 2)",goods_receipt: ρ = type  │  invoice_receipt: ρ = CreditAmountBSEGWRBTR_band  │  material: ρ = PlantEKPOWERKS  │  payment: ρ = PaymentMethodZLSCH  │  purchase_order: ρ = PurchasingGroupEKKOEKGRP  │  purchase_requisition: ρ = type  │  quotation: ρ = VendorEBANLIFNR,True,,911,927,44.01294498381877,1,1.017563117453348,2,0.017259978425027023,0.01790872328134019
"(2, 2, 5, 3, 2, 2, 1)",goods_receipt: ρ = type  │  invoice_receipt: ρ = CreditAmountBSEGWRBTR_band  │  material: ρ = PlantEKPOWERKS  │  payment: ρ = PaymentMethodZLSCH  │  purchase_order: ρ = VendorEKKOLIFNR  │  purchase_requisition: ρ = type  │  quotation: ρ = PurchasingGroupEBANEKGRP,True,,911,927,44.01294498381877,1,1.017563117453348,2,0.017259978425027023,0.01790872328134019
"(2, 2, 5, 3, 3, 1, 2)",goods_receipt: ρ = type  │  invoice_receipt: ρ = CreditAmountBSEGWRBTR_band  │  material: ρ = PlantEKPOWERKS  │  payment: ρ = PaymentMethodZLSCH  │  purchase_order: ρ = type  │  purchase_requisition: ρ = PurchasingGroupEBANEKGRP  │  quotation: ρ = VendorEBANLIFNR,True,,911,927,44.01294498381877,1,1.017563117453348,2,0.017259978425027023,0.01790872328134019
"(2, 2, 5, 4, 1, 1, 2)",goods_receipt: ρ = type  │  invoice_receipt: ρ = CreditAmountBSEGWRBTR_band  │  material: ρ = PlantEKPOWERKS  │  payment: ρ = type  │  purchase_order: ρ = PurchasingGroupEKKOEKGRP  │  purchase_requisition: ρ = PurchasingGroupEBANEKGRP  │  quotation: ρ = VendorEBANLIFNR,True,,882,927,44.01294498381877,1,1.0510204081632653,4,0.04854368932038833,0.01790872328134019
"(2, 2, 5, 4, 2, 1, 1)",goods_receipt: ρ = type  │  invoice_receipt: ρ = CreditAmountBSEGWRBTR_band  │  material: ρ = PlantEKPOWERKS  │  payment: ρ = type  │  purchase_order: ρ = VendorEKKOLIFNR  │  purchase_requisition: ρ = PurchasingGroupEBANEKGRP  │  quotation: ρ = PurchasingGroupEBANEKGRP,True,,882,927,44.01294498381877,1,1.0510204081632653,4,0.04854368932038833,0.01790872328134019
"(2, 2, 5, 4, 2, 2, 2)",goods_receipt: ρ = type  │  invoice_receipt: ρ = CreditAmountBSEGWRBTR_band  │  material: ρ = PlantEKPOWERKS  │  payment: ρ = type  │  purchase_order: ρ = VendorEKKOLIFNR  │  purchase_requisition: ρ = type  │  quotation: ρ = VendorEBANLIFNR,True,,882,927,43.1898597626753,1,1.0510204081632653,4,0.04854368932038833,0.03627479299056413
"(2, 2, 6, 1, 1, 2, 3)",goods_receipt: ρ = type  │  invoice_receipt: ρ = CreditAmountBSEGWRBTR_band  │  material: ρ = QuantityEKPOMENGE  │  payment: ρ = AmountDMBTR  │  purchase_order: ρ = PurchasingGroupEKKOEKGRP  │  purchase_requisition: ρ = type  │  quotation: ρ = type,True,,919,927,44.33009708737864,1,1.0087051142546246,2,0.008629989212513456,0.010831889081455826
"(2, 2, 6, 1, 3, 1, 3)",goods_receipt: ρ = type  │  invoice_receipt: ρ = CreditAmountBSEGWRBTR_band  │  material: ρ = QuantityEKPOMENGE  │  payment: ρ = AmountDMBTR  │  purchase_order: ρ = type  │  purchase_requisition: ρ = PurchasingGroupEBANEKGRP  │  quotation: ρ = type,True,,919,927,44.33009708737864,1,1.0087051142546246,2,0.008629989212513456,0.010831889081455826
"(2, 2, 6, 1, 3, 2, 1)",goods_receipt: ρ = type  │  invoice_receipt: ρ = CreditAmountBSEGWRBTR_band  │  material: ρ = QuantityEKPOMENGE  │  payment: ρ = AmountDMBTR  │  purchase_order: ρ = type  │  purchase_requisition: ρ = type  │  quotation: ρ = PurchasingGroupEBANEKGRP,True,,919,927,44.33009708737864,1,1.0087051142546246,2,0.008629989212513456,0.010831889081455826
"(2, 2, 6, 2, 1, 1, 3)",goods_receipt: ρ = type  │  invoice_receipt: ρ = CreditAmountBSEGWRBTR_band  │  material: ρ = QuantityEKPOMENGE  │  payment: ρ = AmountDMBTR_band  │  purchase_order: ρ = PurchasingGroupEKKOEKGRP  │  purchase_requisition: ρ = PurchasingGroupEBANEKGRP  │  quotation: ρ = type,True,,853,927,44.0722761596548,1,1.0867526377491208,12,0.07982740021574974,0.01658482572694009
"(2, 2, 6, 2, 1, 2, 1)",goods_receipt: ρ = type  │  invoice_receipt: ρ = CreditAmountBSEGWRBTR_band  │  material: ρ = QuantityEKPOMENGE  │  payment: ρ = AmountDMBTR_band  │  purchase_order: ρ = PurchasingGroupEKKOEKGRP  │  purchase_requisition: ρ = type  │  quotation: ρ = PurchasingGroupEBANEKGRP,True,,853,927,43.249190938511326,1,1.0867526377491208,12,0.07982740021574974,0.03495089543616403
"(2, 2, 6, 2, 2, 2, 3)",goods_receipt: ρ = type  │  invoice_receipt: ρ = CreditAmountBSEGWRBTR_band  │  material: ρ = QuantityEKPOMENGE  │  payment: ρ = AmountDMBTR_band  │  purchase_order: ρ = VendorEKKOLIFNR  │  purchase_requisition: ρ = type  │  quotation: ρ = type,True,,910,927,44.0722761596548,1,1.0186813186813186,3,0.01833872707659112,0.01658482572694009
"(2, 2, 6, 2, 3, 1, 1)",goods_receipt: ρ = type  │  invoice_receipt: ρ = CreditAmountBSEGWRBTR_band  │  material: ρ = QuantityEKPOMENGE  │  payment: ρ = AmountDMBTR_band  │  purchase_order: ρ = type  │  purchase_requisition: ρ = PurchasingGroupEBANEKGRP  │  quotation: ρ = PurchasingGroupEBANEKGRP,True,,853,927,44.0722761596548,1,1.0867526377491208,12,0.07982740021574974,0.01658482572694009
"(2, 2, 6, 2, 3, 2, 2)",goods_receipt: ρ = type  │  invoice_receipt: ρ = CreditAmountBSEGWRBTR_band  │  material: ρ = QuantityEKPOMENGE  │  payment: ρ = AmountDMBTR_band  │  purchase_order: ρ = type  │  purchase_requisition: ρ = type  │  quotation: ρ = VendorEBANLIFNR,True,,910,927,44.0722761596548,1,1.0186813186813186,3,0.01833872707659112,0.01658482572694009
"(2, 2, 6, 3, 1, 1, 3)",goods_receipt: ρ = type  │  invoice_receipt: ρ = CreditAmountBSEGWRBTR_band  │  material: ρ = QuantityEKPOMENGE  │  payment: ρ = PaymentMethodZLSCH  │  purchase_order: ρ = PurchasingGroupEKKOEKGRP  │  purchase_requisition: ρ = PurchasingGroupEBANEKGRP  │  quotation: ρ = type,True,,882,927,44.33009708737864,1,1.0510204081632653,6,0.04854368932038833,0.010831889081455826
"(2, 2, 6, 3, 1, 2, 1)",goods_receipt: ρ = type  │  invoice_receipt: ρ = CreditAmountBSEGWRBTR_band  │  material: ρ = QuantityEKPOMENGE  │  payment: ρ = PaymentMethodZLSCH  │  purchase_order: ρ = PurchasingGroupEKKOEKGRP  │  purchase_requisition: ρ = type  │  quotation: ρ = PurchasingGroupEBANEKGRP,True,,882,927,43.50701186623517,1,1.0510204081632653,6,0.04854368932038833,0.029197958790679657
"(2, 2, 6, 3, 2, 2, 3)",goods_receipt: ρ = type  │  invoice_receipt: ρ = CreditAmountBSEGWRBTR_band  │  material: ρ = QuantityEKPOMENGE  │  payment: ρ = PaymentMethodZLSCH  │  purchase_order: ρ = VendorEKKOLIFNR  │  purchase_requisition: ρ = type  │  quotation: ρ = type,True,,922,927,44.33009708737864,1,1.0054229934924077,2,0.005393743257820938,0.010831889081455826
"(2, 2, 6, 3, 3, 1, 1)",goods_receipt: ρ = type  │  invoice_receipt: ρ = CreditAmountBSEGWRBTR_band  │  material: ρ = QuantityEKPOMENGE  │  payment: ρ = PaymentMethodZLSCH  │  purchase_order: ρ = type  │  purchase_requisition: ρ = PurchasingGroupEBANEKGRP  │  quotation: ρ = PurchasingGroupEBANEKGRP,True,,882,927,44.33009708737864,1,1.0510204081632653,6,0.04854368932038833,0.010831889081455826
"(2, 2, 6, 3, 3, 2, 2)",goods_receipt: ρ = type  │  invoice_receipt: ρ = CreditAmountBSEGWRBTR_band  │  material: ρ = QuantityEKPOMENGE  │  payment: ρ = PaymentMethodZLSCH  │  purchase_order: ρ = type  │  purchase_requisition: ρ = type  │  quotation: ρ = VendorEBANLIFNR,True,,922,927,44.33009708737864,1,1.0054229934924077,2,0.005393743257820938,0.010831889081455826
"(2, 2, 6, 4, 1, 1, 1)",goods_receipt: ρ = type  │  invoice_receipt: ρ = CreditAmountBSEGWRBTR_band  │  material: ρ = QuantityEKPOMENGE  │  payment: ρ = type  │  purchase_order: ρ = PurchasingGroupEKKOEKGRP  │  purchase_requisition: ρ = PurchasingGroupEBANEKGRP  │  quotation: ρ = PurchasingGroupEBANEKGRP,True,,851,927,43.50701186623517,1,1.0893066980023502,12,0.08198489751887805,0.029197958790679657
"(2, 2, 6, 4, 2, 1, 3)",goods_receipt: ρ = type  │  invoice_receipt: ρ = CreditAmountBSEGWRBTR_band  │  material: ρ = QuantityEKPOMENGE  │  payment: ρ = type  │  purchase_order: ρ = VendorEKKOLIFNR  │  purchase_requisition: ρ = PurchasingGroupEBANEKGRP  │  quotation: ρ = type,True,,909,927,44.33009708737864,1,1.0198019801980198,3,0.01941747572815533,0.010831889081455826
"(2, 2, 6, 4, 1, 2, 2)",goods_receipt: ρ = type  │  invoice_receipt: ρ = CreditAmountBSEGWRBTR_band  │  material: ρ = QuantityEKPOMENGE  │  payment: ρ = type  │  purchase_order: ρ = PurchasingGroupEKKOEKGRP  │  purchase_requisition: ρ = type  │  quotation: ρ = VendorEBANLIFNR,True,,909,927,44.33009708737864,1,1.0198019801980198,3,0.01941747572815533,0.010831889081455826
"(2, 2, 6, 4, 2, 2, 1)",goods_receipt: ρ = type  │  invoice_receipt: ρ = CreditAmountBSEGWRBTR_band  │  material: ρ = QuantityEKPOMENGE  │  payment: ρ = type  │  purchase_order: ρ = VendorEKKOLIFNR  │  purchase_requisition: ρ = type  │  quotation: ρ = PurchasingGroupEBANEKGRP,True,,909,927,44.33009708737864,1,1.0198019801980198,3,0.01941747572815533,0.010831889081455826
"(2, 2, 6, 4, 3, 1, 2)",goods_receipt: ρ = type  │  invoice_receipt: ρ = CreditAmountBSEGWRBTR_band  │  material: ρ = QuantityEKPOMENGE  │  payment: ρ = type  │  purchase_order: ρ = type  │  purchase_requisition: ρ = PurchasingGroupEBANEKGRP  │  quotation: ρ = VendorEBANLIFNR,True,,909,927,44.33009708737864,1,1.0198019801980198,3,0.01941747572815533,0.010831889081455826
"(2, 2, 7, 1, 1, 1, 3)",goods_receipt: ρ = type  │  invoice_receipt: ρ = CreditAmountBSEGWRBTR_band  │  material: ρ = QuantityEKPOMENGE_band  │  payment: ρ = AmountDMBTR  │  purchase_order: ρ = PurchasingGroupEKKOEKGRP  │  purchase_requisition: ρ = PurchasingGroupEBANEKGRP  │  quotation: ρ = type,True,,919,927,43.80474649406688,1,1.0087051142546246,2,0.008629989212513456,0.022554400154053522
"(2, 2, 7, 1, 1, 2, 1)",goods_receipt: ρ = type  │  invoice_receipt: ρ = CreditAmountBSEGWRBTR_band  │  material: ρ = QuantityEKPOMENGE_band  │  payment: ρ = AmountDMBTR  │  purchase_order: ρ = PurchasingGroupEKKOEKGRP  │  purchase_requisition: ρ = type  │  quotation: ρ = PurchasingGroupEBANEKGRP,True,,919,927,42.98166127292341,1,1.0087051142546246,2,0.008629989212513456,0.04092046986327735
"(2, 2, 7, 1, 2, 2, 3)",goods_receipt: ρ = type  │  invoice_receipt: ρ = CreditAmountBSEGWRBTR_band  │  material: ρ = QuantityEKPOMENGE_band  │  payment: ρ = AmountDMBTR  │  purchase_order: ρ = VendorEKKOLIFNR  │  purchase_requisition: ρ = type  │  quotation: ρ = type,True,,926,927,43.80474649406688,1,1.0010799136069115,2,0.0010787486515642097,0.022554400154053522
"(2, 2, 7, 1, 3, 1, 1)",goods_receipt: ρ = type  │  invoice_receipt: ρ = CreditAmountBSEGWRBTR_band  │  material: ρ = QuantityEKPOMENGE_band  │  payment: ρ = AmountDMBTR  │  purchase_order: ρ = type  │  purchase_requisition: ρ = PurchasingGroupEBANEKGRP  │  quotation: ρ = PurchasingGroupEBANEKGRP,True,,919,927,43.80474649406688,1,1.0087051142546246,2,0.008629989212513456,0.022554400154053522
"(2, 2, 7, 1, 3, 2, 2)",goods_receipt: ρ = type  │  invoice_receipt: ρ = CreditAmountBSEGWRBTR_band  │  material: ρ = QuantityEKPOMENGE_band  │  payment: ρ = AmountDMBTR  │  purchase_order: ρ = type  │  purchase_requisition: ρ = type  │  quotation: ρ = VendorEBANLIFNR,True,,926,927,43.80474649406688,1,1.0010799136069115,2,0.0010787486515642097,0.022554400154053522
"(2, 2, 7, 2, 1, 1, 1)",goods_receipt: ρ = type  │  invoice_receipt: ρ = CreditAmountBSEGWRBTR_band  │  material: ρ = QuantityEKPOMENGE_band  │  payment: ρ = AmountDMBTR_band  │  purchase_order: ρ = PurchasingGroupEKKOEKGRP  │  purchase_requisition: ρ = PurchasingGroupEBANEKGRP  │  quotation: ρ = PurchasingGroupEBANEKGRP,True,,703,927,42.72384034519957,1,1.3186344238975818,17,0.24163969795037754,0.04667340650876173
"(2, 2, 7, 2, 2, 1, 3)",goods_receipt: ρ = type  │  invoice_receipt: ρ = CreditAmountBSEGWRBTR_band  │  material: ρ = QuantityEKPOMENGE_band  │  payment: ρ = AmountDMBTR_band  │  purchase_order: ρ = VendorEKKOLIFNR  │  purchase_requisition: ρ = PurchasingGroupEBANEKGRP  │  quotation: ρ = type,True,,854,927,43.54692556634304,1,1.085480093676815,4,0.07874865156418553,0.028307336799537786
"(2, 2, 7, 2, 1, 2, 2)",goods_receipt: ρ = type  │  invoice_receipt: ρ = CreditAmountBSEGWRBTR_band  │  material: ρ = QuantityEKPOMENGE_band  │  payment: ρ = AmountDMBTR_band  │  purchase_order: ρ = PurchasingGroupEKKOEKGRP  │  purchase_requisition: ρ = type  │  quotation: ρ = VendorEBANLIFNR,True,,854,927,43.54692556634304,1,1.085480093676815,4,0.07874865156418553,0.028307336799537786
"(2, 2, 7, 2, 2, 2, 1)",goods_receipt: ρ = type  │  invoice_receipt: ρ = CreditAmountBSEGWRBTR_band  │  material: ρ = QuantityEKPOMENGE_band  │  payment: ρ = AmountDMBTR_band  │  purchase_order: ρ = VendorEKKOLIFNR  │  purchase_requisition: ρ = type  │  quotation: ρ = PurchasingGroupEBANEKGRP,True,,854,927,43.54692556634304,1,1.085480093676815,4,0.07874865156418553,0.028307336799537786
"(2, 2, 7, 2, 3, 1, 2)",goods_receipt: ρ = type  │  invoice_receipt: ρ = CreditAmountBSEGWRBTR_band  │  material: ρ = QuantityEKPOMENGE_band  │  payment: ρ = AmountDMBTR_band  │  purchase_order: ρ = type  │  purchase_requisition: ρ = PurchasingGroupEBANEKGRP  │  quotation: ρ = VendorEBANLIFNR,True,,854,927,43.54692556634304,1,1.085480093676815,4,0.07874865156418553,0.028307336799537786
"(2, 2, 7, 3, 1, 1, 1)",goods_receipt: ρ = type  │  invoice_receipt: ρ = CreditAmountBSEGWRBTR_band  │  material: ρ = QuantityEKPOMENGE_band  │  payment: ρ = PaymentMethodZLSCH  │  purchase_order: ρ = PurchasingGroupEKKOEKGRP  │  purchase_requisition: ρ = PurchasingGroupEBANEKGRP  │  quotation: ρ = PurchasingGroupEBANEKGRP,True,,772,927,42.98166127292341,1,1.200777202072539,8,0.16720604099244873,0.04092046986327735
"(2, 2, 7, 3, 2, 1, 3)",goods_receipt: ρ = type  │  invoice_receipt: ρ = CreditAmountBSEGWRBTR_band  │  material: ρ = QuantityEKPOMENGE_band  │  payment: ρ = PaymentMethodZLSCH  │  purchase_order: ρ = VendorEKKOLIFNR  │  purchase_requisition: ρ = PurchasingGroupEBANEKGRP  │  quotation: ρ = type,True,,897,927,43.80474649406688,1,1.0334448160535117,3,0.032362459546925515,0.022554400154053522
"(2, 2, 7, 3, 1, 2, 2)",goods_receipt: ρ = type  │  invoice_receipt: ρ = CreditAmountBSEGWRBTR_band  │  material: ρ = QuantityEKPOMENGE_band  │  payment: ρ = PaymentMethodZLSCH  │  purchase_order: ρ = PurchasingGroupEKKOEKGRP  │  purchase_requisition: ρ = type  │  quotation: ρ = VendorEBANLIFNR,True,,897,927,43.80474649406688,1,1.0334448160535117,3,0.032362459546925515,0.022554400154053522
"(2, 2, 7, 3, 2, 2, 1)",goods_receipt: ρ = type  │  invoice_receipt: ρ = CreditAmountBSEGWRBTR_band  │  material: ρ = QuantityEKPOMENGE_band  │  payment: ρ = PaymentMethodZLSCH  │  purchase_order: ρ = VendorEKKOLIFNR  │  purchase_requisition: ρ = type  │  quotation: ρ = PurchasingGroupEBANEKGRP,True,,897,927,43.80474649406688,1,1.0334448160535117,3,0.032362459546925515,0.022554400154053522
"(2, 2, 7, 3, 3, 1, 2)",goods_receipt: ρ = type  │  invoice_receipt: ρ = CreditAmountBSEGWRBTR_band  │  material: ρ = QuantityEKPOMENGE_band  │  payment: ρ = PaymentMethodZLSCH  │  purchase_order: ρ = type  │  purchase_requisition: ρ = PurchasingGroupEBANEKGRP  │  quotation: ρ = VendorEBANLIFNR,True,,897,927,43.80474649406688,1,1.0334448160535117,3,0.032362459546925515,0.022554400154053522
"(2, 2, 7, 4, 1, 1, 2)",goods_receipt: ρ = type  │  invoice_receipt: ρ = CreditAmountBSEGWRBTR_band  │  material: ρ = QuantityEKPOMENGE_band  │  payment: ρ = type  │  purchase_order: ρ = PurchasingGroupEKKOEKGRP  │  purchase_requisition: ρ = PurchasingGroupEBANEKGRP  │  quotation: ρ = VendorEBANLIFNR,True,,853,927,43.80474649406688,1,1.0867526377491208,4,0.07982740021574974,0.022554400154053522
"(2, 2, 7, 4, 2, 1, 1)",goods_receipt: ρ = type  │  invoice_receipt: ρ = CreditAmountBSEGWRBTR_band  │  material: ρ = QuantityEKPOMENGE_band  │  payment: ρ = type  │  purchase_order: ρ = VendorEKKOLIFNR  │  purchase_requisition: ρ = PurchasingGroupEBANEKGRP  │  quotation: ρ = PurchasingGroupEBANEKGRP,True,,853,927,43.80474649406688,1,1.0867526377491208,4,0.07982740021574974,0.022554400154053522
"(2, 2, 7, 4, 2, 2, 2)",goods_receipt: ρ = type  │  invoice_receipt: ρ = CreditAmountBSEGWRBTR_band  │  material: ρ = QuantityEKPOMENGE_band  │  payment: ρ = type  │  purchase_order: ρ = VendorEKKOLIFNR  │  purchase_requisition: ρ = type  │  quotation: ρ = VendorEBANLIFNR,True,,853,927,42.98166127292341,1,1.0867526377491208,4,0.07982740021574974,0.04092046986327735
"(2, 2, 8, 1, 1, 1, 3)",goods_receipt: ρ = type  │  invoice_receipt: ρ = CreditAmountBSEGWRBTR_band  │  material: ρ = StorageLocationEKPOLGORT  │  payment: ρ = AmountDMBTR  │  purchase_order: ρ = PurchasingGroupEKKOEKGRP  │  purchase_requisition: ρ = PurchasingGroupEBANEKGRP  │  quotation: ρ = type,True,,926,927,44.01294498381877,1,1.0010799136069115,2,0.0010787486515642097,0.01790872328134019
"(2, 2, 8, 1, 1, 2, 1)",goods_receipt: ρ = type  │  invoice_receipt: ρ = CreditAmountBSEGWRBTR_band  │  material: ρ = StorageLocationEKPOLGORT  │  payment: ρ = AmountDMBTR  │  purchase_order: ρ = PurchasingGroupEKKOEKGRP  │  purchase_requisition: ρ = type  │  quotation: ρ = PurchasingGroupEBANEKGRP,True,,926,927,43.1898597626753,1,1.0010799136069115,2,0.0010787486515642097,0.03627479299056413
"(2, 2, 8, 1, 3, 1, 1)",goods_receipt: ρ = type  │  invoice_receipt: ρ = CreditAmountBSEGWRBTR_band  │  material: ρ = StorageLocationEKPOLGORT  │  payment: ρ = AmountDMBTR  │  purchase_order: ρ = type  │  purchase_requisition: ρ = PurchasingGroupEBANEKGRP  │  quotation: ρ = PurchasingGroupEBANEKGRP,True,,926,927,44.01294498381877,1,1.0010799136069115,2,0.0010787486515642097,0.01790872328134019
"(2, 2, 8, 2, 1, 1, 1)",goods_receipt: ρ = type  │  invoice_receipt: ρ = CreditAmountBSEGWRBTR_band  │  material: ρ = StorageLocationEKPOLGORT  │  payment: ρ = AmountDMBTR_band  │  purchase_order: ρ = PurchasingGroupEKKOEKGRP  │  purchase_requisition: ρ = PurchasingGroupEBANEKGRP  │  quotation: ρ = PurchasingGroupEBANEKGRP,True,,743,927,42.932038834951456,1,1.2476446837146702,12,0.19848975188781015,0.042027729636048505
"(2, 2, 8, 2, 2, 1, 3)",goods_receipt: ρ = type  │  invoice_receipt: ρ = CreditAmountBSEGWRBTR_band  │  material: ρ = StorageLocationEKPOLGORT  │  payment: ρ = AmountDMBTR_band  │  purchase_order: ρ = VendorEKKOLIFNR  │  purchase_requisition: ρ = PurchasingGroupEBANEKGRP  │  quotation: ρ = type,True,,882,927,43.75512405609493,1,1.0510204081632653,3,0.04854368932038833,0.023661659926824563
"(2, 2, 8, 2, 1, 2, 2)",goods_receipt: ρ = type  │  invoice_receipt: ρ = CreditAmountBSEGWRBTR_band  │  material: ρ = StorageLocationEKPOLGORT  │  payment: ρ = AmountDMBTR_band  │  purchase_order: ρ = PurchasingGroupEKKOEKGRP  │  purchase_requisition: ρ = type  │  quotation: ρ = VendorEBANLIFNR,True,,882,927,43.75512405609493,1,1.0510204081632653,3,0.04854368932038833,0.023661659926824563
"(2, 2, 8, 2, 2, 2, 1)",goods_receipt: ρ = type  │  invoice_receipt: ρ = CreditAmountBSEGWRBTR_band  │  material: ρ = StorageLocationEKPOLGORT  │  payment: ρ = AmountDMBTR_band  │  purchase_order: ρ = VendorEKKOLIFNR  │  purchase_requisition: ρ = type  │  quotation: ρ = PurchasingGroupEBANEKGRP,True,,882,927,43.75512405609493,1,1.0510204081632653,3,0.04854368932038833,0.023661659926824563
"(2, 2, 8, 2, 3, 1, 2)",goods_receipt: ρ = type  │  invoice_receipt: ρ = CreditAmountBSEGWRBTR_band  │  material: ρ = StorageLocationEKPOLGORT  │  payment: ρ = AmountDMBTR_band  │  purchase_order: ρ = type  │  purchase_requisition: ρ = PurchasingGroupEBANEKGRP  │  quotation: ρ = VendorEBANLIFNR,True,,882,927,43.75512405609493,1,1.0510204081632653,3,0.04854368932038833,0.023661659926824563
"(2, 2, 8, 3, 1, 1, 1)",goods_receipt: ρ = type  │  invoice_receipt: ρ = CreditAmountBSEGWRBTR_band  │  material: ρ = StorageLocationEKPOLGORT  │  payment: ρ = PaymentMethodZLSCH  │  purchase_order: ρ = PurchasingGroupEKKOEKGRP  │  purchase_requisition: ρ = PurchasingGroupEBANEKGRP  │  quotation: ρ = PurchasingGroupEBANEKGRP,True,,808,927,43.1898597626753,1,1.1472772277227723,6,0.12837108953613807,0.03627479299056413
"(2, 2, 8, 3, 2, 1, 3)",goods_receipt: ρ = type  │  invoice_receipt: ρ = CreditAmountBSEGWRBTR_band  │  material: ρ = StorageLocationEKPOLGORT  │  payment: ρ = PaymentMethodZLSCH  │  purchase_order: ρ = VendorEKKOLIFNR  │  purchase_requisition: ρ = PurchasingGroupEBANEKGRP  │  quotation: ρ = type,True,,910,927,44.01294498381877,1,1.0186813186813186,2,0.01833872707659112,0.01790872328134019
"(2, 2, 8, 3, 1, 2, 2)",goods_receipt: ρ = type  │  invoice_receipt: ρ = CreditAmountBSEGWRBTR_band  │  material: ρ = StorageLocationEKPOLGORT  │  payment: ρ = PaymentMethodZLSCH  │  purchase_order: ρ = PurchasingGroupEKKOEKGRP  │  purchase_requisition: ρ = type  │  quotation: ρ = VendorEBANLIFNR,True,,910,927,44.01294498381877,1,1.0186813186813186,2,0.01833872707659112,0.01790872328134019
"(2, 2, 8, 3, 2, 2, 1)",goods_receipt: ρ = type  │  invoice_receipt: ρ = CreditAmountBSEGWRBTR_band  │  material: ρ = StorageLocationEKPOLGORT  │  payment: ρ = PaymentMethodZLSCH  │  purchase_order: ρ = VendorEKKOLIFNR  │  purchase_requisition: ρ = type  │  quotation: ρ = PurchasingGroupEBANEKGRP,True,,910,927,44.01294498381877,1,1.0186813186813186,2,0.01833872707659112,0.01790872328134019
"(2, 2, 8, 3, 3, 1, 2)",goods_receipt: ρ = type  │  invoice_receipt: ρ = CreditAmountBSEGWRBTR_band  │  material: ρ = StorageLocationEKPOLGORT  │  payment: ρ = PaymentMethodZLSCH  │  purchase_order: ρ = type  │  purchase_requisition: ρ = PurchasingGroupEBANEKGRP  │  quotation: ρ = VendorEBANLIFNR,True,,910,927,44.01294498381877,1,1.0186813186813186,2,0.01833872707659112,0.01790872328134019
"(2, 2, 8, 4, 1, 1, 2)",goods_receipt: ρ = type  │  invoice_receipt: ρ = CreditAmountBSEGWRBTR_band  │  material: ρ = StorageLocationEKPOLGORT  │  payment: ρ = type  │  purchase_order: ρ = PurchasingGroupEKKOEKGRP  │  purchase_requisition: ρ = PurchasingGroupEBANEKGRP  │  quotation: ρ = VendorEBANLIFNR,True,,881,927,44.01294498381877,1,1.0522133938706015,3,0.04962243797195254,0.01790872328134019
"(2, 2, 8, 4, 2, 1, 1)",goods_receipt: ρ = type  │  invoice_receipt: ρ = CreditAmountBSEGWRBTR_band  │  material: ρ = StorageLocationEKPOLGORT  │  payment: ρ = type  │  purchase_order: ρ = VendorEKKOLIFNR  │  purchase_requisition: ρ = PurchasingGroupEBANEKGRP  │  quotation: ρ = PurchasingGroupEBANEKGRP,True,,881,927,44.01294498381877,1,1.0522133938706015,3,0.04962243797195254,0.01790872328134019
"(2, 2, 8, 4, 2, 2, 2)",goods_receipt: ρ = type  │  invoice_receipt: ρ = CreditAmountBSEGWRBTR_band  │  material: ρ = StorageLocationEKPOLGORT  │  payment: ρ = type  │  purchase_order: ρ = VendorEKKOLIFNR  │  purchase_requisition: ρ = type  │  quotation: ρ = VendorEBANLIFNR,True,,881,927,43.1898597626753,1,1.0522133938706015,3,0.04962243797195254,0.03627479299056413
"(2, 2, 9, 1, 1, 1, 1)",goods_receipt: ρ = type  │  invoice_receipt: ρ = CreditAmountBSEGWRBTR_band  │  material: ρ = type  │  payment: ρ = AmountDMBTR  │  purchase_order: ρ = PurchasingGroupEKKOEKGRP  │  purchase_requisition: ρ = PurchasingGroupEBANEKGRP  │  quotation: ρ = PurchasingGroupEBANEKGRP,True,,918,927,42.36785329018339,1,1.0098039215686274,2,0.009708737864077666,0.05461679183516266
"(2, 2, 9, 1, 2, 1, 3)",goods_receipt: ρ = type  │  invoice_receipt: ρ = CreditAmountBSEGWRBTR_band  │  material: ρ = type  │  payment: ρ = AmountDMBTR  │  purchase_order: ρ = VendorEKKOLIFNR  │  purchase_requisition: ρ = PurchasingGroupEBANEKGRP  │  quotation: ρ = type,True,,926,927,43.19093851132686,1,1.0010799136069115,2,0.0010787486515642097,0.03625072212593872
"(2, 2, 9, 1, 1, 2, 2)",goods_receipt: ρ = type  │  invoice_receipt: ρ = CreditAmountBSEGWRBTR_band  │  material: ρ = type  │  payment: ρ = AmountDMBTR  │  purchase_order: ρ = PurchasingGroupEKKOEKGRP  │  purchase_requisition: ρ = type  │  quotation: ρ = VendorEBANLIFNR,True,,926,927,43.19093851132686,1,1.0010799136069115,2,0.0010787486515642097,0.03625072212593872
"(2, 2, 9, 1, 2, 2, 1)",goods_receipt: ρ = type  │  invoice_receipt: ρ = CreditAmountBSEGWRBTR_band  │  material: ρ = type  │  payment: ρ = AmountDMBTR  │  purchase_order: ρ = VendorEKKOLIFNR  │  purchase_requisition: ρ = type  │  quotation: ρ = PurchasingGroupEBANEKGRP,True,,926,927,43.19093851132686,1,1.0010799136069115,2,0.0010787486515642097,0.03625072212593872
"(2, 2, 9, 1, 3, 1, 2)",goods_receipt: ρ = type  │  invoice_receipt: ρ = CreditAmountBSEGWRBTR_band  │  material: ρ = type  │  payment: ρ = AmountDMBTR  │  purchase_order: ρ = type  │  purchase_requisition: ρ = PurchasingGroupEBANEKGRP  │  quotation: ρ = VendorEBANLIFNR,True,,926,927,43.19093851132686,1,1.0010799136069115,2,0.0010787486515642097,0.03625072212593872
"(2, 2, 9, 2, 1, 1, 2)",goods_receipt: ρ = type  │  invoice_receipt: ρ = CreditAmountBSEGWRBTR_band  │  material: ρ = type  │  payment: ρ = AmountDMBTR_band  │  purchase_order: ρ = PurchasingGroupEKKOEKGRP  │  purchase_requisition: ρ = PurchasingGroupEBANEKGRP  │  quotation: ρ = VendorEBANLIFNR,True,,794,927,42.93311758360302,1,1.1675062972292192,7,0.14347357065803668,0.04200365877142298
"(2, 2, 9, 2, 2, 1, 1)",goods_receipt: ρ = type  │  invoice_receipt: ρ = CreditAmountBSEGWRBTR_band  │  material: ρ = type  │  payment: ρ = AmountDMBTR_band  │  purchase_order: ρ = VendorEKKOLIFNR  │  purchase_requisition: ρ = PurchasingGroupEBANEKGRP  │  quotation: ρ = PurchasingGroupEBANEKGRP,True,,794,927,42.93311758360302,1,1.1675062972292192,7,0.14347357065803668,0.04200365877142298
"(2, 2, 9, 2, 2, 2, 2)",goods_receipt: ρ = type  │  invoice_receipt: ρ = CreditAmountBSEGWRBTR_band  │  material: ρ = type  │  payment: ρ = AmountDMBTR_band  │  purchase_order: ρ = VendorEKKOLIFNR  │  purchase_requisition: ρ = type  │  quotation: ρ = VendorEBANLIFNR,True,,794,927,42.11003236245955,1,1.1675062972292192,7,0.14347357065803668,0.06036972848064692
"(2, 2, 9, 3, 1, 1, 2)",goods_receipt: ρ = type  │  invoice_receipt: ρ = CreditAmountBSEGWRBTR_band  │  material: ρ = type  │  payment: ρ = PaymentMethodZLSCH  │  purchase_order: ρ = PurchasingGroupEKKOEKGRP  │  purchase_requisition: ρ = PurchasingGroupEBANEKGRP  │  quotation: ρ = VendorEBANLIFNR,True,,868,927,43.19093851132686,1,1.0679723502304148,4,0.06364617044228693,0.03625072212593872
"(2, 2, 9, 3, 2, 1, 1)",goods_receipt: ρ = type  │  invoice_receipt: ρ = CreditAmountBSEGWRBTR_band  │  material: ρ = type  │  payment: ρ = PaymentMethodZLSCH  │  purchase_order: ρ = VendorEKKOLIFNR  │  purchase_requisition: ρ = PurchasingGroupEBANEKGRP  │  quotation: ρ = PurchasingGroupEBANEKGRP,True,,868,927,43.19093851132686,1,1.0679723502304148,4,0.06364617044228693,0.03625072212593872
"(2, 2, 9, 3, 2, 2, 2)",goods_receipt: ρ = type  │  invoice_receipt: ρ = CreditAmountBSEGWRBTR_band  │  material: ρ = type  │  payment: ρ = PaymentMethodZLSCH  │  purchase_order: ρ = VendorEKKOLIFNR  │  purchase_requisition: ρ = type  │  quotation: ρ = VendorEBANLIFNR,True,,868,927,42.36785329018339,1,1.0679723502304148,4,0.06364617044228693,0.05461679183516266
"(2, 2, 9, 4, 2, 1, 2)",goods_receipt: ρ = type  │  invoice_receipt: ρ = CreditAmountBSEGWRBTR_band  │  material: ρ = type  │  payment: ρ = type  │  purchase_order: ρ = VendorEKKOLIFNR  │  purchase_requisition: ρ = PurchasingGroupEBANEKGRP  │  quotation: ρ = VendorEBANLIFNR,True,,791,927,42.36785329018339,1,1.1719342604298357,7,0.1467098166127292,0.05461679183516266
"(2, 3, 2, 1, 1, 2, 3)",goods_receipt: ρ = type  │  invoice_receipt: ρ = type  │  material: ρ = MaterialEKPOMATNR  │  payment: ρ = AmountDMBTR  │  purchase_order: ρ = PurchasingGroupEKKOEKGRP  │  purchase_requisition: ρ = type  │  quotation: ρ = type,True,,922,927,44.353829557713055,1,1.0054229934924077,2,0.005393743257820938,0.010302330059695608
"(2, 3, 2, 1, 3, 1, 3)",goods_receipt: ρ = type  │  invoice_receipt: ρ = type  │  material: ρ = MaterialEKPOMATNR  │  payment: ρ = AmountDMBTR  │  purchase_order: ρ = type  │  purchase_requisition: ρ = PurchasingGroupEBANEKGRP  │  quotation: ρ = type,True,,922,927,44.353829557713055,1,1.0054229934924077,2,0.005393743257820938,0.010302330059695608
"(2, 3, 2, 1, 3, 2, 1)",goods_receipt: ρ = type  │  invoice_receipt: ρ = type  │  material: ρ = MaterialEKPOMATNR  │  payment: ρ = AmountDMBTR  │  purchase_order: ρ = type  │  purchase_requisition: ρ = type  │  quotation: ρ = PurchasingGroupEBANEKGRP,True,,922,927,44.353829557713055,1,1.0054229934924077,2,0.005393743257820938,0.010302330059695608
"(2, 3, 2, 2, 1, 1, 3)",goods_receipt: ρ = type  │  invoice_receipt: ρ = type  │  material: ρ = MaterialEKPOMATNR  │  payment: ρ = AmountDMBTR_band  │  purchase_order: ρ = PurchasingGroupEKKOEKGRP  │  purchase_requisition: ρ = PurchasingGroupEBANEKGRP  │  quotation: ρ = type,True,,776,927,44.353829557713055,1,1.1945876288659794,12,0.162891046386192,0.010302330059695608
"(2, 3, 2, 2, 1, 2, 1)",goods_receipt: ρ = type  │  invoice_receipt: ρ = type  │  material: ρ = MaterialEKPOMATNR  │  payment: ρ = AmountDMBTR_band  │  purchase_order: ρ = PurchasingGroupEKKOEKGRP  │  purchase_requisition: ρ = type  │  quotation: ρ = PurchasingGroupEBANEKGRP,True,,776,927,43.530744336569576,1,1.1945876288659794,12,0.162891046386192,0.028668399768919772
"(2, 3, 2, 2, 2, 2, 3)",goods_receipt: ρ = type  │  invoice_receipt: ρ = type  │  material: ρ = MaterialEKPOMATNR  │  payment: ρ = AmountDMBTR_band  │  purchase_order: ρ = VendorEKKOLIFNR  │  purchase_requisition: ρ = type  │  quotation: ρ = type,True,,894,927,44.353829557713055,1,1.0369127516778522,4,0.035598705501618144,0.010302330059695608
"(2, 3, 2, 2, 3, 1, 1)",goods_receipt: ρ = type  │  invoice_receipt: ρ = type  │  material: ρ = MaterialEKPOMATNR  │  payment: ρ = AmountDMBTR_band  │  purchase_order: ρ = type  │  purchase_requisition: ρ = PurchasingGroupEBANEKGRP  │  quotation: ρ = PurchasingGroupEBANEKGRP,True,,776,927,44.353829557713055,1,1.1945876288659794,12,0.162891046386192,0.010302330059695608
"(2, 3, 2, 2, 3, 2, 2)",goods_receipt: ρ = type  │  invoice_receipt: ρ = type  │  material: ρ = MaterialEKPOMATNR  │  payment: ρ = AmountDMBTR_band  │  purchase_order: ρ = type  │  purchase_requisition: ρ = type  │  quotation: ρ = VendorEBANLIFNR,True,,894,927,44.353829557713055,1,1.0369127516778522,4,0.035598705501618144,0.010302330059695608
"(2, 3, 2, 3, 1, 1, 3)",goods_receipt: ρ = type  │  invoice_receipt: ρ = type  │  material: ρ = MaterialEKPOMATNR  │  payment: ρ = PaymentMethodZLSCH  │  purchase_order: ρ = PurchasingGroupEKKOEKGRP  │  purchase_requisition: ρ = PurchasingGroupEBANEKGRP  │  quotation: ρ = type,True,,811,927,44.353829557713055,1,1.1430332922318125,10,0.12513484358144555,0.010302330059695608
"(2, 3, 2, 3, 1, 2, 1)",goods_receipt: ρ = type  │  invoice_receipt: ρ = type  │  material: ρ = MaterialEKPOMATNR  │  payment: ρ = PaymentMethodZLSCH  │  purchase_order: ρ = PurchasingGroupEKKOEKGRP  │  purchase_requisition: ρ = type  │  quotation: ρ = PurchasingGroupEBANEKGRP,True,,811,927,43.530744336569576,1,1.1430332922318125,10,0.12513484358144555,0.028668399768919772
"(2, 3, 2, 3, 2, 2, 3)",goods_receipt: ρ = type  │  invoice_receipt: ρ = type  │  material: ρ = MaterialEKPOMATNR  │  payment: ρ = PaymentMethodZLSCH  │  purchase_order: ρ = VendorEKKOLIFNR  │  purchase_requisition: ρ = type  │  quotation: ρ = type,True,,907,927,44.353829557713055,1,1.022050716648291,3,0.02157497303128375,0.010302330059695608
"(2, 3, 2, 3, 3, 1, 1)",goods_receipt: ρ = type  │  invoice_receipt: ρ = type  │  material: ρ = MaterialEKPOMATNR  │  payment: ρ = PaymentMethodZLSCH  │  purchase_order: ρ = type  │  purchase_requisition: ρ = PurchasingGroupEBANEKGRP  │  quotation: ρ = PurchasingGroupEBANEKGRP,True,,811,927,44.353829557713055,1,1.1430332922318125,10,0.12513484358144555,0.010302330059695608
"(2, 3, 2, 3, 3, 2, 2)",goods_receipt: ρ = type  │  invoice_receipt: ρ = type  │  material: ρ = MaterialEKPOMATNR  │  payment: ρ = PaymentMethodZLSCH  │  purchase_order: ρ = type  │  purchase_requisition: ρ = type  │  quotation: ρ = VendorEBANLIFNR,True,,907,927,44.353829557713055,1,1.022050716648291,3,0.02157497303128375,0.010302330059695608
"(2, 3, 2, 4, 1, 1, 1)",goods_receipt: ρ = type  │  invoice_receipt: ρ = type  │  material: ρ = MaterialEKPOMATNR  │  payment: ρ = type  │  purchase_order: ρ = PurchasingGroupEKKOEKGRP  │  purchase_requisition: ρ = PurchasingGroupEBANEKGRP  │  quotation: ρ = PurchasingGroupEBANEKGRP,True,,744,927,43.530744336569576,1,1.2459677419354838,22,0.19741100323624594,0.028668399768919772
"(2, 3, 2, 4, 2, 1, 3)",goods_receipt: ρ = type  │  invoice_receipt: ρ = type  │  material: ρ = MaterialEKPOMATNR  │  payment: ρ = type  │  purchase_order: ρ = VendorEKKOLIFNR  │  purchase_requisition: ρ = PurchasingGroupEBANEKGRP  │  quotation: ρ = type,True,,876,927,44.353829557713055,1,1.0582191780821917,4,0.055016181229773475,0.010302330059695608
"(2, 3, 2, 4, 1, 2, 2)",goods_receipt: ρ = type  │  invoice_receipt: ρ = type  │  material: ρ = MaterialEKPOMATNR  │  payment: ρ = type  │  purchase_order: ρ = PurchasingGroupEKKOEKGRP  │  purchase_requisition: ρ = type  │  quotation: ρ = VendorEBANLIFNR,True,,876,927,44.353829557713055,1,1.0582191780821917,4,0.055016181229773475,0.010302330059695608
"(2, 3, 2, 4, 2, 2, 1)",goods_receipt: ρ = type  │  invoice_receipt: ρ = type  │  material: ρ = MaterialEKPOMATNR  │  payment: ρ = type  │  purchase_order: ρ = VendorEKKOLIFNR  │  purchase_requisition: ρ = type  │  quotation: ρ = PurchasingGroupEBANEKGRP,True,,876,927,44.353829557713055,1,1.0582191780821917,4,0.055016181229773475,0.010302330059695608
"(2, 3, 2, 4, 3, 1, 2)",goods_receipt: ρ = type  │  invoice_receipt: ρ = type  │  material: ρ = MaterialEKPOMATNR  │  payment: ρ = type  │  purchase_order: ρ = type  │  purchase_requisition: ρ = PurchasingGroupEBANEKGRP  │  quotation: ρ = VendorEBANLIFNR,True,,876,927,44.353829557713055,1,1.0582191780821917,4,0.055016181229773475,0.010302330059695608
"(2, 3, 3, 1, 1, 1, 3)",goods_receipt: ρ = type  │  invoice_receipt: ρ = type  │  material: ρ = NetPriceEKPONETPR  │  payment: ρ = AmountDMBTR  │  purchase_order: ρ = PurchasingGroupEKKOEKGRP  │  purchase_requisition: ρ = PurchasingGroupEBANEKGRP  │  quotation: ρ = type,True,,919,927,44.13484358144552,1,1.0087051142546246,2,0.008629989212513456,0.015188715578663525
"(2, 3, 3, 1, 1, 2, 1)",goods_receipt: ρ = type  │  invoice_receipt: ρ = type  │  material: ρ = NetPriceEKPONETPR  │  payment: ρ = AmountDMBTR  │  purchase_order: ρ = PurchasingGroupEKKOEKGRP  │  purchase_requisition: ρ = type  │  quotation: ρ = PurchasingGroupEBANEKGRP,True,,919,927,43.31175836030205,1,1.0087051142546246,2,0.008629989212513456,0.03355478528788747
"(2, 3, 3, 1, 2, 2, 3)",goods_receipt: ρ = type  │  invoice_receipt: ρ = type  │  material: ρ = NetPriceEKPONETPR  │  payment: ρ = AmountDMBTR  │  purchase_order: ρ = VendorEKKOLIFNR  │  purchase_requisition: ρ = type  │  quotation: ρ = type,True,,926,927,44.13484358144552,1,1.0010799136069115,2,0.0010787486515642097,0.015188715578663525
"(2, 3, 3, 1, 3, 1, 1)",goods_receipt: ρ = type  │  invoice_receipt: ρ = type  │  material: ρ = NetPriceEKPONETPR  │  payment: ρ = AmountDMBTR  │  purchase_order: ρ = type  │  purchase_requisition: ρ = PurchasingGroupEBANEKGRP  │  quotation: ρ = PurchasingGroupEBANEKGRP,True,,919,927,44.13484358144552,1,1.0087051142546246,2,0.008629989212513456,0.015188715578663525
"(2, 3, 3, 1, 3, 2, 2)",goods_receipt: ρ = type  │  invoice_receipt: ρ = type  │  material: ρ = NetPriceEKPONETPR  │  payment: ρ = AmountDMBTR  │  purchase_order: ρ = type  │  purchase_requisition: ρ = type  │  quotation: ρ = VendorEBANLIFNR,True,,926,927,44.13484358144552,1,1.0010799136069115,2,0.0010787486515642097,0.015188715578663525
"(2, 3, 3, 2, 1, 1, 1)",goods_receipt: ρ = type  │  invoice_receipt: ρ = type  │  material: ρ = NetPriceEKPONETPR  │  payment: ρ = AmountDMBTR_band  │  purchase_order: ρ = PurchasingGroupEKKOEKGRP  │  purchase_requisition: ρ = PurchasingGroupEBANEKGRP  │  quotation: ρ = PurchasingGroupEBANEKGRP,True,,737,927,43.31175836030205,1,1.2578018995929443,12,0.2049622437971953,0.03355478528788747
"(2, 3, 3, 2, 2, 1, 3)",goods_receipt: ρ = type  │  invoice_receipt: ρ = type  │  material: ρ = NetPriceEKPONETPR  │  payment: ρ = AmountDMBTR_band  │  purchase_order: ρ = VendorEKKOLIFNR  │  purchase_requisition: ρ = PurchasingGroupEBANEKGRP  │  quotation: ρ = type,True,,877,927,44.13484358144552,1,1.057012542759407,5,0.053937432578209266,0.015188715578663525
"(2, 3, 3, 2, 1, 2, 2)",goods_receipt: ρ = type  │  invoice_receipt: ρ = type  │  material: ρ = NetPriceEKPONETPR  │  payment: ρ = AmountDMBTR_band  │  purchase_order: ρ = PurchasingGroupEKKOEKGRP  │  purchase_requisition: ρ = type  │  quotation: ρ = VendorEBANLIFNR,True,,877,927,44.13484358144552,1,1.057012542759407,5,0.053937432578209266,0.015188715578663525
"(2, 3, 3, 2, 2, 2, 1)",goods_receipt: ρ = type  │  invoice_receipt: ρ = type  │  material: ρ = NetPriceEKPONETPR  │  payment: ρ = AmountDMBTR_band  │  purchase_order: ρ = VendorEKKOLIFNR  │  purchase_requisition: ρ = type  │  quotation: ρ = PurchasingGroupEBANEKGRP,True,,877,927,44.13484358144552,1,1.057012542759407,5,0.053937432578209266,0.015188715578663525
"(2, 3, 3, 2, 3, 1, 2)",goods_receipt: ρ = type  │  invoice_receipt: ρ = type  │  material: ρ = NetPriceEKPONETPR  │  payment: ρ = AmountDMBTR_band  │  purchase_order: ρ = type  │  purchase_requisition: ρ = PurchasingGroupEBANEKGRP  │  quotation: ρ = VendorEBANLIFNR,True,,877,927,44.13484358144552,1,1.057012542759407,5,0.053937432578209266,0.015188715578663525
"(2, 3, 3, 3, 1, 1, 1)",goods_receipt: ρ = type  │  invoice_receipt: ρ = type  │  material: ρ = NetPriceEKPONETPR  │  payment: ρ = PaymentMethodZLSCH  │  purchase_order: ρ = PurchasingGroupEKKOEKGRP  │  purchase_requisition: ρ = PurchasingGroupEBANEKGRP  │  quotation: ρ = PurchasingGroupEBANEKGRP,True,,773,927,43.31175836030205,1,1.1992238033635187,10,0.16612729234088452,0.03355478528788747
"(2, 3, 3, 3, 2, 1, 3)",goods_receipt: ρ = type  │  invoice_receipt: ρ = type  │  material: ρ = NetPriceEKPONETPR  │  payment: ρ = PaymentMethodZLSCH  │  purchase_order: ρ = VendorEKKOLIFNR  │  purchase_requisition: ρ = PurchasingGroupEBANEKGRP  │  quotation: ρ = type,True,,898,927,44.13484358144552,1,1.0322939866369711,3,0.031283710895361416,0.015188715578663525
"(2, 3, 3, 3, 1, 2, 2)",goods_receipt: ρ = type  │  invoice_receipt: ρ = type  │  material: ρ = NetPriceEKPONETPR  │  payment: ρ = PaymentMethodZLSCH  │  purchase_order: ρ = PurchasingGroupEKKOEKGRP  │  purchase_requisition: ρ = type  │  quotation: ρ = VendorEBANLIFNR,True,,898,927,44.13484358144552,1,1.0322939866369711,3,0.031283710895361416,0.015188715578663525
"(2, 3, 3, 3, 2, 2, 1)",goods_receipt: ρ = type  │  invoice_receipt: ρ = type  │  material: ρ = NetPriceEKPONETPR  │  payment: ρ = PaymentMethodZLSCH  │  purchase_order: ρ = VendorEKKOLIFNR  │  purchase_requisition: ρ = type  │  quotation: ρ = PurchasingGroupEBANEKGRP,True,,898,927,44.13484358144552,1,1.0322939866369711,3,0.031283710895361416,0.015188715578663525
"(2, 3, 3, 3, 3, 1, 2)",goods_receipt: ρ = type  │  invoice_receipt: ρ = type  │  material: ρ = NetPriceEKPONETPR  │  payment: ρ = PaymentMethodZLSCH  │  purchase_order: ρ = type  │  purchase_requisition: ρ = PurchasingGroupEBANEKGRP  │  quotation: ρ = VendorEBANLIFNR,True,,898,927,44.13484358144552,1,1.0322939866369711,3,0.031283710895361416,0.015188715578663525
"(2, 3, 3, 4, 1, 1, 2)",goods_receipt: ρ = type  │  invoice_receipt: ρ = type  │  material: ρ = NetPriceEKPONETPR  │  payment: ρ = type  │  purchase_order: ρ = PurchasingGroupEKKOEKGRP  │  purchase_requisition: ρ = PurchasingGroupEBANEKGRP  │  quotation: ρ = VendorEBANLIFNR,True,,857,927,44.13484358144552,1,1.0816802800466745,5,0.07551240560949302,0.015188715578663525
"(2, 3, 3, 4, 2, 1, 1)",goods_receipt: ρ = type  │  invoice_receipt: ρ = type  │  material: ρ = NetPriceEKPONETPR  │  payment: ρ = type  │  purchase_order: ρ = VendorEKKOLIFNR  │  purchase_requisition: ρ = PurchasingGroupEBANEKGRP  │  quotation: ρ = PurchasingGroupEBANEKGRP,True,,857,927,44.13484358144552,1,1.0816802800466745,5,0.07551240560949302,0.015188715578663525
"(2, 3, 3, 4, 2, 2, 2)",goods_receipt: ρ = type  │  invoice_receipt: ρ = type  │  material: ρ = NetPriceEKPONETPR  │  payment: ρ = type  │  purchase_order: ρ = VendorEKKOLIFNR  │  purchase_requisition: ρ = type  │  quotation: ρ = VendorEBANLIFNR,True,,857,927,43.31175836030205,1,1.0816802800466745,5,0.07551240560949302,0.03355478528788747
"(2, 3, 4, 1, 1, 1, 1)",goods_receipt: ρ = type  │  invoice_receipt: ρ = type  │  material: ρ = NetPriceEKPONETPR_band  │  payment: ρ = AmountDMBTR  │  purchase_order: ρ = PurchasingGroupEKKOEKGRP  │  purchase_requisition: ρ = PurchasingGroupEBANEKGRP  │  quotation: ρ = PurchasingGroupEBANEKGRP,True,,918,927,42.52211434735707,1,1.0098039215686274,2,0.009708737864077666,0.051174658193722244
"(2, 3, 4, 1, 2, 1, 3)",goods_receipt: ρ = type  │  invoice_receipt: ρ = type  │  material: ρ = NetPriceEKPONETPR_band  │  payment: ρ = AmountDMBTR  │  purchase_order: ρ = VendorEKKOLIFNR  │  purchase_requisition: ρ = PurchasingGroupEBANEKGRP  │  quotation: ρ = type,True,,926,927,43.34519956850054,1,1.0010799136069115,2,0.0010787486515642097,0.0328085884844983
"(2, 3, 4, 1, 1, 2, 2)",goods_receipt: ρ = type  │  invoice_receipt: ρ = type  │  material: ρ = NetPriceEKPONETPR_band  │  payment: ρ = AmountDMBTR  │  purchase_order: ρ = PurchasingGroupEKKOEKGRP  │  purchase_requisition: ρ = type  │  quotation: ρ = VendorEBANLIFNR,True,,926,927,43.34519956850054,1,1.0010799136069115,2,0.0010787486515642097,0.0328085884844983
"(2, 3, 4, 1, 2, 2, 1)",goods_receipt: ρ = type  │  invoice_receipt: ρ = type  │  material: ρ = NetPriceEKPONETPR_band  │  payment: ρ = AmountDMBTR  │  purchase_order: ρ = VendorEKKOLIFNR  │  purchase_requisition: ρ = type  │  quotation: ρ = PurchasingGroupEBANEKGRP,True,,926,927,43.34519956850054,1,1.0010799136069115,2,0.0010787486515642097,0.0328085884844983
"(2, 3, 4, 1, 3, 1, 2)",goods_receipt: ρ = type  │  invoice_receipt: ρ = type  │  material: ρ = NetPriceEKPONETPR_band  │  payment: ρ = AmountDMBTR  │  purchase_order: ρ = type  │  purchase_requisition: ρ = PurchasingGroupEBANEKGRP  │  quotation: ρ = VendorEBANLIFNR,True,,926,927,43.34519956850054,1,1.0010799136069115,2,0.0010787486515642097,0.0328085884844983
"(2, 3, 4, 2, 1, 1, 2)",goods_receipt: ρ = type  │  invoice_receipt: ρ = type  │  material: ρ = NetPriceEKPONETPR_band  │  payment: ρ = AmountDMBTR_band  │  purchase_order: ρ = PurchasingGroupEKKOEKGRP  │  purchase_requisition: ρ = PurchasingGroupEBANEKGRP  │  quotation: ρ = VendorEBANLIFNR,True,,803,927,43.34519956850054,1,1.1544209215442092,7,0.133764832793959,0.0328085884844983
"(2, 3, 4, 2, 2, 1, 1)",goods_receipt: ρ = type  │  invoice_receipt: ρ = type  │  material: ρ = NetPriceEKPONETPR_band  │  payment: ρ = AmountDMBTR_band  │  purchase_order: ρ = VendorEKKOLIFNR  │  purchase_requisition: ρ = PurchasingGroupEBANEKGRP  │  quotation: ρ = PurchasingGroupEBANEKGRP,True,,803,927,43.34519956850054,1,1.1544209215442092,7,0.133764832793959,0.0328085884844983
"(2, 3, 4, 2, 2, 2, 2)",goods_receipt: ρ = type  │  invoice_receipt: ρ = type  │  material: ρ = NetPriceEKPONETPR_band  │  payment: ρ = AmountDMBTR_band  │  purchase_order: ρ = VendorEKKOLIFNR  │  purchase_requisition: ρ = type  │  quotation: ρ = VendorEBANLIFNR,True,,803,927,42.52211434735707,1,1.1544209215442092,7,0.133764832793959,0.051174658193722244
"(2, 3, 4, 3, 1, 1, 2)",goods_receipt: ρ = type  │  invoice_receipt: ρ = type  │  material: ρ = NetPriceEKPONETPR_band  │  payment: ρ = PaymentMethodZLSCH  │  purchase_order: ρ = PurchasingGroupEKKOEKGRP  │  purchase_requisition: ρ = PurchasingGroupEBANEKGRP  │  quotation: ρ = VendorEBANLIFNR,True,,856,927,43.34519956850054,1,1.0829439252336448,5,0.07659115426105723,0.0328085884844983
"(2, 3, 4, 3, 2, 1, 1)",goods_receipt: ρ = type  │  invoice_receipt: ρ = type  │  material: ρ = NetPriceEKPONETPR_band  │  payment: ρ = PaymentMethodZLSCH  │  purchase_order: ρ = VendorEKKOLIFNR  │  purchase_requisition: ρ = PurchasingGroupEBANEKGRP  │  quotation: ρ = PurchasingGroupEBANEKGRP,True,,856,927,43.34519956850054,1,1.0829439252336448,5,0.07659115426105723,0.0328085884844983
"(2, 3, 4, 3, 2, 2, 2)",goods_receipt: ρ = type  │  invoice_receipt: ρ = type  │  material: ρ = NetPriceEKPONETPR_band  │  payment: ρ = PaymentMethodZLSCH  │  purchase_order: ρ = VendorEKKOLIFNR  │  purchase_requisition: ρ = type  │  quotation: ρ = VendorEBANLIFNR,True,,856,927,42.52211434735707,1,1.0829439252336448,5,0.07659115426105723,0.051174658193722244
"(2, 3, 4, 4, 2, 1, 2)",goods_receipt: ρ = type  │  invoice_receipt: ρ = type  │  material: ρ = NetPriceEKPONETPR_band  │  payment: ρ = type  │  purchase_order: ρ = VendorEKKOLIFNR  │  purchase_requisition: ρ = PurchasingGroupEBANEKGRP  │  quotation: ρ = VendorEBANLIFNR,True,,765,927,42.52211434735707,1,1.2117647058823529,7,0.1747572815533981,0.051174658193722244
"(2, 3, 0, 2, 1, 1, 3)",goods_receipt: ρ = type  │  invoice_receipt: ρ = type  │  material: ρ = id  │  payment: ρ = AmountDMBTR_band  │  purchase_order: ρ = PurchasingGroupEKKOEKGRP  │  purchase_requisition: ρ = PurchasingGroupEBANEKGRP  │  quotation: ρ = type,True,,870,927,44.353829557713055,1,1.0655172413793104,12,0.06148867313915862,0.010302330059695608
"(2, 3, 0, 2, 1, 2, 1)",goods_receipt: ρ = type  │  invoice_receipt: ρ = type  │  material: ρ = id  │  payment: ρ = AmountDMBTR_band  │  purchase_order: ρ = PurchasingGroupEKKOEKGRP  │  purchase_requisition: ρ = type  │  quotation: ρ = PurchasingGroupEBANEKGRP,True,,870,927,43.530744336569576,1,1.0655172413793104,12,0.06148867313915862,0.028668399768919772
"(2, 3, 0, 2, 2, 2, 3)",goods_receipt: ρ = type  │  invoice_receipt: ρ = type  │  material: ρ = id  │  payment: ρ = AmountDMBTR_band  │  purchase_order: ρ = VendorEKKOLIFNR  │  purchase_requisition: ρ = type  │  quotation: ρ = type,True,,912,927,44.353829557713055,1,1.0164473684210527,3,0.016181229773462813,0.010302330059695608
"(2, 3, 0, 2, 3, 1, 1)",goods_receipt: ρ = type  │  invoice_receipt: ρ = type  │  material: ρ = id  │  payment: ρ = AmountDMBTR_band  │  purchase_order: ρ = type  │  purchase_requisition: ρ = PurchasingGroupEBANEKGRP  │  quotation: ρ = PurchasingGroupEBANEKGRP,True,,870,927,44.353829557713055,1,1.0655172413793104,12,0.06148867313915862,0.010302330059695608
"(2, 3, 0, 2, 3, 2, 2)",goods_receipt: ρ = type  │  invoice_receipt: ρ = type  │  material: ρ = id  │  payment: ρ = AmountDMBTR_band  │  purchase_order: ρ = type  │  purchase_requisition: ρ = type  │  quotation: ρ = VendorEBANLIFNR,True,,912,927,44.353829557713055,1,1.0164473684210527,3,0.016181229773462813,0.010302330059695608
"(2, 3, 0, 3, 1, 1, 3)",goods_receipt: ρ = type  │  invoice_receipt: ρ = type  │  material: ρ = id  │  payment: ρ = PaymentMethodZLSCH  │  purchase_order: ρ = PurchasingGroupEKKOEKGRP  │  purchase_requisition: ρ = PurchasingGroupEBANEKGRP  │  quotation: ρ = type,True,,874,927,44.353829557713055,1,1.0606407322654463,10,0.057173678532901784,0.010302330059695608
"(2, 3, 0, 3, 1, 2, 1)",goods_receipt: ρ = type  │  invoice_receipt: ρ = type  │  material: ρ = id  │  payment: ρ = PaymentMethodZLSCH  │  purchase_order: ρ = PurchasingGroupEKKOEKGRP  │  purchase_requisition: ρ = type  │  quotation: ρ = PurchasingGroupEBANEKGRP,True,,874,927,43.530744336569576,1,1.0606407322654463,10,0.057173678532901784,0.028668399768919772
"(2, 3, 0, 3, 2, 2, 3)",goods_receipt: ρ = type  │  invoice_receipt: ρ = type  │  material: ρ = id  │  payment: ρ = PaymentMethodZLSCH  │  purchase_order: ρ = VendorEKKOLIFNR  │  purchase_requisition: ρ = type  │  quotation: ρ = type,True,,918,927,44.353829557713055,1,1.0098039215686274,3,0.009708737864077666,0.010302330059695608
"(2, 3, 0, 3, 3, 1, 1)",goods_receipt: ρ = type  │  invoice_receipt: ρ = type  │  material: ρ = id  │  payment: ρ = PaymentMethodZLSCH  │  purchase_order: ρ = type  │  purchase_requisition: ρ = PurchasingGroupEBANEKGRP  │  quotation: ρ = PurchasingGroupEBANEKGRP,True,,874,927,44.353829557713055,1,1.0606407322654463,10,0.057173678532901784,0.010302330059695608
"(2, 3, 0, 3, 3, 2, 2)",goods_receipt: ρ = type  │  invoice_receipt: ρ = type  │  material: ρ = id  │  payment: ρ = PaymentMethodZLSCH  │  purchase_order: ρ = type  │  purchase_requisition: ρ = type  │  quotation: ρ = VendorEBANLIFNR,True,,918,927,44.353829557713055,1,1.0098039215686274,3,0.009708737864077666,0.010302330059695608
"(2, 3, 0, 4, 1, 1, 1)",goods_receipt: ρ = type  │  invoice_receipt: ρ = type  │  material: ρ = id  │  payment: ρ = type  │  purchase_order: ρ = PurchasingGroupEKKOEKGRP  │  purchase_requisition: ρ = PurchasingGroupEBANEKGRP  │  quotation: ρ = PurchasingGroupEBANEKGRP,True,,857,927,43.530744336569576,1,1.0816802800466745,22,0.07551240560949302,0.028668399768919772
"(2, 3, 0, 4, 2, 1, 3)",goods_receipt: ρ = type  │  invoice_receipt: ρ = type  │  material: ρ = id  │  payment: ρ = type  │  purchase_order: ρ = VendorEKKOLIFNR  │  purchase_requisition: ρ = PurchasingGroupEBANEKGRP  │  quotation: ρ = type,True,,901,927,44.353829557713055,1,1.0288568257491675,4,0.028047464940668787,0.010302330059695608
"(2, 3, 0, 4, 1, 2, 2)",goods_receipt: ρ = type  │  invoice_receipt: ρ = type  │  material: ρ = id  │  payment: ρ = type  │  purchase_order: ρ = PurchasingGroupEKKOEKGRP  │  purchase_requisition: ρ = type  │  quotation: ρ = VendorEBANLIFNR,True,,901,927,44.353829557713055,1,1.0288568257491675,4,0.028047464940668787,0.010302330059695608
"(2, 3, 0, 4, 2, 2, 1)",goods_receipt: ρ = type  │  invoice_receipt: ρ = type  │  material: ρ = id  │  payment: ρ = type  │  purchase_order: ρ = VendorEKKOLIFNR  │  purchase_requisition: ρ = type  │  quotation: ρ = PurchasingGroupEBANEKGRP,True,,901,927,44.353829557713055,1,1.0288568257491675,4,0.028047464940668787,0.010302330059695608
"(2, 3, 0, 4, 3, 1, 2)",goods_receipt: ρ = type  │  invoice_receipt: ρ = type  │  material: ρ = id  │  payment: ρ = type  │  purchase_order: ρ = type  │  purchase_requisition: ρ = PurchasingGroupEBANEKGRP  │  quotation: ρ = VendorEBANLIFNR,True,,901,927,44.353829557713055,1,1.0288568257491675,4,0.028047464940668787,0.010302330059695608
"(2, 3, 1, 2, 1, 1, 1)",goods_receipt: ρ = type  │  invoice_receipt: ρ = type  │  material: ρ = DeliveryDateEKPOBEDAT  │  payment: ρ = AmountDMBTR_band  │  purchase_order: ρ = PurchasingGroupEKKOEKGRP  │  purchase_requisition: ρ = PurchasingGroupEBANEKGRP  │  quotation: ρ = PurchasingGroupEBANEKGRP,True,,870,927,43.530744336569576,1,1.0655172413793104,12,0.06148867313915862,0.028668399768919772
"(2, 3, 1, 2, 2, 1, 3)",goods_receipt: ρ = type  │  invoice_receipt: ρ = type  │  material: ρ = DeliveryDateEKPOBEDAT  │  payment: ρ = AmountDMBTR_band  │  purchase_order: ρ = VendorEKKOLIFNR  │  purchase_requisition: ρ = PurchasingGroupEBANEKGRP  │  quotation: ρ = type,True,,912,927,44.353829557713055,1,1.0164473684210527,3,0.016181229773462813,0.010302330059695608
"(2, 3, 1, 2, 1, 2, 2)",goods_receipt: ρ = type  │  invoice_receipt: ρ = type  │  material: ρ = DeliveryDateEKPOBEDAT  │  payment: ρ = AmountDMBTR_band  │  purchase_order: ρ = PurchasingGroupEKKOEKGRP  │  purchase_requisition: ρ = type  │  quotation: ρ = VendorEBANLIFNR,True,,912,927,44.353829557713055,1,1.0164473684210527,3,0.016181229773462813,0.010302330059695608
"(2, 3, 1, 2, 2, 2, 1)",goods_receipt: ρ = type  │  invoice_receipt: ρ = type  │  material: ρ = DeliveryDateEKPOBEDAT  │  payment: ρ = AmountDMBTR_band  │  purchase_order: ρ = VendorEKKOLIFNR  │  purchase_requisition: ρ = type  │  quotation: ρ = PurchasingGroupEBANEKGRP,True,,912,927,44.353829557713055,1,1.0164473684210527,3,0.016181229773462813,0.010302330059695608
"(2, 3, 1, 2, 3, 1, 2)",goods_receipt: ρ = type  │  invoice_receipt: ρ = type  │  material: ρ = DeliveryDateEKPOBEDAT  │  payment: ρ = AmountDMBTR_band  │  purchase_order: ρ = type  │  purchase_requisition: ρ = PurchasingGroupEBANEKGRP  │  quotation: ρ = VendorEBANLIFNR,True,,912,927,44.353829557713055,1,1.0164473684210527,3,0.016181229773462813,0.010302330059695608
"(2, 3, 1, 3, 1, 1, 1)",goods_receipt: ρ = type  │  invoice_receipt: ρ = type  │  material: ρ = DeliveryDateEKPOBEDAT  │  payment: ρ = PaymentMethodZLSCH  │  purchase_order: ρ = PurchasingGroupEKKOEKGRP  │  purchase_requisition: ρ = PurchasingGroupEBANEKGRP  │  quotation: ρ = PurchasingGroupEBANEKGRP,True,,874,927,43.530744336569576,1,1.0606407322654463,10,0.057173678532901784,0.028668399768919772
"(2, 3, 1, 3, 2, 1, 3)",goods_receipt: ρ = type  │  invoice_receipt: ρ = type  │  material: ρ = DeliveryDateEKPOBEDAT  │  payment: ρ = PaymentMethodZLSCH  │  purchase_order: ρ = VendorEKKOLIFNR  │  purchase_requisition: ρ = PurchasingGroupEBANEKGRP  │  quotation: ρ = type,True,,918,927,44.353829557713055,1,1.0098039215686274,3,0.009708737864077666,0.010302330059695608
"(2, 3, 1, 3, 1, 2, 2)",goods_receipt: ρ = type  │  invoice_receipt: ρ = type  │  material: ρ = DeliveryDateEKPOBEDAT  │  payment: ρ = PaymentMethodZLSCH  │  purchase_order: ρ = PurchasingGroupEKKOEKGRP  │  purchase_requisition: ρ = type  │  quotation: ρ = VendorEBANLIFNR,True,,918,927,44.353829557713055,1,1.0098039215686274,3,0.009708737864077666,0.010302330059695608
"(2, 3, 1, 3, 2, 2, 1)",goods_receipt: ρ = type  │  invoice_receipt: ρ = type  │  material: ρ = DeliveryDateEKPOBEDAT  │  payment: ρ = PaymentMethodZLSCH  │  purchase_order: ρ = VendorEKKOLIFNR  │  purchase_requisition: ρ = type  │  quotation: ρ = PurchasingGroupEBANEKGRP,True,,918,927,44.353829557713055,1,1.0098039215686274,3,0.009708737864077666,0.010302330059695608
"(2, 3, 1, 3, 3, 1, 2)",goods_receipt: ρ = type  │  invoice_receipt: ρ = type  │  material: ρ = DeliveryDateEKPOBEDAT  │  payment: ρ = PaymentMethodZLSCH  │  purchase_order: ρ = type  │  purchase_requisition: ρ = PurchasingGroupEBANEKGRP  │  quotation: ρ = VendorEBANLIFNR,True,,918,927,44.353829557713055,1,1.0098039215686274,3,0.009708737864077666,0.010302330059695608
"(2, 3, 1, 4, 1, 1, 2)",goods_receipt: ρ = type  │  invoice_receipt: ρ = type  │  material: ρ = DeliveryDateEKPOBEDAT  │  payment: ρ = type  │  purchase_order: ρ = PurchasingGroupEKKOEKGRP  │  purchase_requisition: ρ = PurchasingGroupEBANEKGRP  │  quotation: ρ = VendorEBANLIFNR,True,,901,927,44.353829557713055,1,1.0288568257491675,4,0.028047464940668787,0.010302330059695608
"(2, 3, 1, 4, 2, 1, 1)",goods_receipt: ρ = type  │  invoice_receipt: ρ = type  │  material: ρ = DeliveryDateEKPOBEDAT  │  payment: ρ = type  │  purchase_order: ρ = VendorEKKOLIFNR  │  purchase_requisition: ρ = PurchasingGroupEBANEKGRP  │  quotation: ρ = PurchasingGroupEBANEKGRP,True,,901,927,44.353829557713055,1,1.0288568257491675,4,0.028047464940668787,0.010302330059695608
"(2, 3, 1, 4, 2, 2, 2)",goods_receipt: ρ = type  │  invoice_receipt: ρ = type  │  material: ρ = DeliveryDateEKPOBEDAT  │  payment: ρ = type  │  purchase_order: ρ = VendorEKKOLIFNR  │  purchase_requisition: ρ = type  │  quotation: ρ = VendorEBANLIFNR,True,,901,927,43.530744336569576,1,1.0288568257491675,4,0.028047464940668787,0.028668399768919772
"(2, 3, 5, 1, 1, 1, 1)",goods_receipt: ρ = type  │  invoice_receipt: ρ = type  │  material: ρ = PlantEKPOWERKS  │  payment: ρ = AmountDMBTR  │  purchase_order: ρ = PurchasingGroupEKKOEKGRP  │  purchase_requisition: ρ = PurchasingGroupEBANEKGRP  │  quotation: ρ = PurchasingGroupEBANEKGRP,True,,926,927,43.1898597626753,1,1.0010799136069115,2,0.0010787486515642097,0.03627479299056413
"(2, 3, 5, 1, 2, 1, 3)",goods_receipt: ρ = type  │  invoice_receipt: ρ = type  │  material: ρ = PlantEKPOWERKS  │  payment: ρ = AmountDMBTR  │  purchase_order: ρ = VendorEKKOLIFNR  │  purchase_requisition: ρ = PurchasingGroupEBANEKGRP  │  quotation: ρ = type,True,,926,927,44.01294498381877,1,1.0010799136069115,2,0.0010787486515642097,0.01790872328134019
"(2, 3, 5, 1, 1, 2, 2)",goods_receipt: ρ = type  │  invoice_receipt: ρ = type  │  material: ρ = PlantEKPOWERKS  │  payment: ρ = AmountDMBTR  │  purchase_order: ρ = PurchasingGroupEKKOEKGRP  │  purchase_requisition: ρ = type  │  quotation: ρ = VendorEBANLIFNR,True,,926,927,44.01294498381877,1,1.0010799136069115,2,0.0010787486515642097,0.01790872328134019
"(2, 3, 5, 1, 2, 2, 1)",goods_receipt: ρ = type  │  invoice_receipt: ρ = type  │  material: ρ = PlantEKPOWERKS  │  payment: ρ = AmountDMBTR  │  purchase_order: ρ = VendorEKKOLIFNR  │  purchase_requisition: ρ = type  │  quotation: ρ = PurchasingGroupEBANEKGRP,True,,926,927,44.01294498381877,1,1.0010799136069115,2,0.0010787486515642097,0.01790872328134019
"(2, 3, 5, 1, 3, 1, 2)",goods_receipt: ρ = type  │  invoice_receipt: ρ = type  │  material: ρ = PlantEKPOWERKS  │  payment: ρ = AmountDMBTR  │  purchase_order: ρ = type  │  purchase_requisition: ρ = PurchasingGroupEBANEKGRP  │  quotation: ρ = VendorEBANLIFNR,True,,926,927,44.01294498381877,1,1.0010799136069115,2,0.0010787486515642097,0.01790872328134019
"(2, 3, 5, 2, 1, 1, 2)",goods_receipt: ρ = type  │  invoice_receipt: ρ = type  │  material: ρ = PlantEKPOWERKS  │  payment: ρ = AmountDMBTR_band  │  purchase_order: ρ = PurchasingGroupEKKOEKGRP  │  purchase_requisition: ρ = PurchasingGroupEBANEKGRP  │  quotation: ρ = VendorEBANLIFNR,True,,881,927,44.01294498381877,1,1.0522133938706015,4,0.04962243797195254,0.01790872328134019
"(2, 3, 5, 2, 2, 1, 1)",goods_receipt: ρ = type  │  invoice_receipt: ρ = type  │  material: ρ = PlantEKPOWERKS  │  payment: ρ = AmountDMBTR_band  │  purchase_order: ρ = VendorEKKOLIFNR  │  purchase_requisition: ρ = PurchasingGroupEBANEKGRP  │  quotation: ρ = PurchasingGroupEBANEKGRP,True,,881,927,44.01294498381877,1,1.0522133938706015,4,0.04962243797195254,0.01790872328134019
"(2, 3, 5, 2, 2, 2, 2)",goods_receipt: ρ = type  │  invoice_receipt: ρ = type  │  material: ρ = PlantEKPOWERKS  │  payment: ρ = AmountDMBTR_band  │  purchase_order: ρ = VendorEKKOLIFNR  │  purchase_requisition: ρ = type  │  quotation: ρ = VendorEBANLIFNR,True,,881,927,43.1898597626753,1,1.0522133938706015,4,0.04962243797195254,0.03627479299056413
"(2, 3, 5, 3, 1, 1, 2)",goods_receipt: ρ = type  │  invoice_receipt: ρ = type  │  material: ρ = PlantEKPOWERKS  │  payment: ρ = PaymentMethodZLSCH  │  purchase_order: ρ = PurchasingGroupEKKOEKGRP  │  purchase_requisition: ρ = PurchasingGroupEBANEKGRP  │  quotation: ρ = VendorEBANLIFNR,True,,902,927,44.01294498381877,1,1.0277161862527717,3,0.02696871628910469,0.01790872328134019
"(2, 3, 5, 3, 2, 1, 1)",goods_receipt: ρ = type  │  invoice_receipt: ρ = type  │  material: ρ = PlantEKPOWERKS  │  payment: ρ = PaymentMethodZLSCH  │  purchase_order: ρ = VendorEKKOLIFNR  │  purchase_requisition: ρ = PurchasingGroupEBANEKGRP  │  quotation: ρ = PurchasingGroupEBANEKGRP,True,,902,927,44.01294498381877,1,1.0277161862527717,3,0.02696871628910469,0.01790872328134019
"(2, 3, 5, 3, 2, 2, 2)",goods_receipt: ρ = type  │  invoice_receipt: ρ = type  │  material: ρ = PlantEKPOWERKS  │  payment: ρ = PaymentMethodZLSCH  │  purchase_order: ρ = VendorEKKOLIFNR  │  purchase_requisition: ρ = type  │  quotation: ρ = VendorEBANLIFNR,True,,902,927,43.1898597626753,1,1.0277161862527717,3,0.02696871628910469,0.03627479299056413
"(2, 3, 5, 4, 2, 1, 2)",goods_receipt: ρ = type  │  invoice_receipt: ρ = type  │  material: ρ = PlantEKPOWERKS  │  payment: ρ = type  │  purchase_order: ρ = VendorEKKOLIFNR  │  purchase_requisition: ρ = PurchasingGroupEBANEKGRP  │  quotation: ρ = VendorEBANLIFNR,True,,858,927,43.1898597626753,1,1.0804195804195804,4,0.0744336569579288,0.03627479299056413
"(2, 3, 6, 1, 1, 1, 3)",goods_receipt: ρ = type  │  invoice_receipt: ρ = type  │  material: ρ = QuantityEKPOMENGE  │  payment: ρ = AmountDMBTR  │  purchase_order: ρ = PurchasingGroupEKKOEKGRP  │  purchase_requisition: ρ = PurchasingGroupEBANEKGRP  │  quotation: ρ = type,True,,919,927,44.33009708737864,1,1.0087051142546246,2,0.008629989212513456,0.010831889081455826
"(2, 3, 6, 1, 1, 2, 1)",goods_receipt: ρ = type  │  invoice_receipt: ρ = type  │  material: ρ = QuantityEKPOMENGE  │  payment: ρ = AmountDMBTR  │  purchase_order: ρ = PurchasingGroupEKKOEKGRP  │  purchase_requisition: ρ = type  │  quotation: ρ = PurchasingGroupEBANEKGRP,True,,919,927,43.50701186623517,1,1.0087051142546246,2,0.008629989212513456,0.029197958790679657
"(2, 3, 6, 1, 2, 2, 3)",goods_receipt: ρ = type  │  invoice_receipt: ρ = type  │  material: ρ = QuantityEKPOMENGE  │  payment: ρ = AmountDMBTR  │  purchase_order: ρ = VendorEKKOLIFNR  │  purchase_requisition: ρ = type  │  quotation: ρ = type,True,,926,927,44.33009708737864,1,1.0010799136069115,2,0.0010787486515642097,0.010831889081455826
"(2, 3, 6, 1, 3, 1, 1)",goods_receipt: ρ = type  │  invoice_receipt: ρ = type  │  material: ρ = QuantityEKPOMENGE  │  payment: ρ = AmountDMBTR  │  purchase_order: ρ = type  │  purchase_requisition: ρ = PurchasingGroupEBANEKGRP  │  quotation: ρ = PurchasingGroupEBANEKGRP,True,,919,927,44.33009708737864,1,1.0087051142546246,2,0.008629989212513456,0.010831889081455826
"(2, 3, 6, 1, 3, 2, 2)",goods_receipt: ρ = type  │  invoice_receipt: ρ = type  │  material: ρ = QuantityEKPOMENGE  │  payment: ρ = AmountDMBTR  │  purchase_order: ρ = type  │  purchase_requisition: ρ = type  │  quotation: ρ = VendorEBANLIFNR,True,,926,927,44.33009708737864,1,1.0010799136069115,2,0.0010787486515642097,0.010831889081455826
"(2, 3, 6, 2, 1, 1, 1)",goods_receipt: ρ = type  │  invoice_receipt: ρ = type  │  material: ρ = QuantityEKPOMENGE  │  payment: ρ = AmountDMBTR_band  │  purchase_order: ρ = PurchasingGroupEKKOEKGRP  │  purchase_requisition: ρ = PurchasingGroupEBANEKGRP  │  quotation: ρ = PurchasingGroupEBANEKGRP,True,,851,927,43.50701186623517,1,1.0893066980023502,12,0.08198489751887805,0.029197958790679657
"(2, 3, 6, 2, 2, 1, 3)",goods_receipt: ρ = type  │  invoice_receipt: ρ = type  │  material: ρ = QuantityEKPOMENGE  │  payment: ρ = AmountDMBTR_band  │  purchase_order: ρ = VendorEKKOLIFNR  │  purchase_requisition: ρ = PurchasingGroupEBANEKGRP  │  quotation: ρ = type,True,,909,927,44.33009708737864,1,1.0198019801980198,3,0.01941747572815533,0.010831889081455826
"(2, 3, 6, 2, 1, 2, 2)",goods_receipt: ρ = type  │  invoice_receipt: ρ = type  │  material: ρ = QuantityEKPOMENGE  │  payment: ρ = AmountDMBTR_band  │  purchase_order: ρ = PurchasingGroupEKKOEKGRP  │  purchase_requisition: ρ = type  │  quotation: ρ = VendorEBANLIFNR,True,,909,927,44.33009708737864,1,1.0198019801980198,3,0.01941747572815533,0.010831889081455826
"(2, 3, 6, 2, 2, 2, 1)",goods_receipt: ρ = type  │  invoice_receipt: ρ = type  │  material: ρ = QuantityEKPOMENGE  │  payment: ρ = AmountDMBTR_band  │  purchase_order: ρ = VendorEKKOLIFNR  │  purchase_requisition: ρ = type  │  quotation: ρ = PurchasingGroupEBANEKGRP,True,,909,927,44.33009708737864,1,1.0198019801980198,3,0.01941747572815533,0.010831889081455826
"(2, 3, 6, 2, 3, 1, 2)",goods_receipt: ρ = type  │  invoice_receipt: ρ = type  │  material: ρ = QuantityEKPOMENGE  │  payment: ρ = AmountDMBTR_band  │  purchase_order: ρ = type  │  purchase_requisition: ρ = PurchasingGroupEBANEKGRP  │  quotation: ρ = VendorEBANLIFNR,True,,909,927,44.33009708737864,1,1.0198019801980198,3,0.01941747572815533,0.010831889081455826
"(2, 3, 6, 3, 1, 1, 1)",goods_receipt: ρ = type  │  invoice_receipt: ρ = type  │  material: ρ = QuantityEKPOMENGE  │  payment: ρ = PaymentMethodZLSCH  │  purchase_order: ρ = PurchasingGroupEKKOEKGRP  │  purchase_requisition: ρ = PurchasingGroupEBANEKGRP  │  quotation: ρ = PurchasingGroupEBANEKGRP,True,,867,927,43.50701186623517,1,1.069204152249135,10,0.06472491909385114,0.029197958790679657
"(2, 3, 6, 3, 2, 1, 3)",goods_receipt: ρ = type  │  invoice_receipt: ρ = type  │  material: ρ = QuantityEKPOMENGE  │  payment: ρ = PaymentMethodZLSCH  │  purchase_order: ρ = VendorEKKOLIFNR  │  purchase_requisition: ρ = PurchasingGroupEBANEKGRP  │  quotation: ρ = type,True,,917,927,44.33009708737864,1,1.0109051254089423,3,0.010787486515641875,0.010831889081455826
"(2, 3, 6, 3, 1, 2, 2)",goods_receipt: ρ = type  │  invoice_receipt: ρ = type  │  material: ρ = QuantityEKPOMENGE  │  payment: ρ = PaymentMethodZLSCH  │  purchase_order: ρ = PurchasingGroupEKKOEKGRP  │  purchase_requisition: ρ = type  │  quotation: ρ = VendorEBANLIFNR,True,,917,927,44.33009708737864,1,1.0109051254089423,3,0.010787486515641875,0.010831889081455826
"(2, 3, 6, 3, 2, 2, 1)",goods_receipt: ρ = type  │  invoice_receipt: ρ = type  │  material: ρ = QuantityEKPOMENGE  │  payment: ρ = PaymentMethodZLSCH  │  purchase_order: ρ = VendorEKKOLIFNR  │  purchase_requisition: ρ = type  │  quotation: ρ = PurchasingGroupEBANEKGRP,True,,917,927,44.33009708737864,1,1.0109051254089423,3,0.010787486515641875,0.010831889081455826
"(2, 3, 6, 3, 3, 1, 2)",goods_receipt: ρ = type  │  invoice_receipt: ρ = type  │  material: ρ = QuantityEKPOMENGE  │  payment: ρ = PaymentMethodZLSCH  │  purchase_order: ρ = type  │  purchase_requisition: ρ = PurchasingGroupEBANEKGRP  │  quotation: ρ = VendorEBANLIFNR,True,,917,927,44.33009708737864,1,1.0109051254089423,3,0.010787486515641875,0.010831889081455826
"(2, 3, 6, 4, 1, 1, 2)",goods_receipt: ρ = type  │  invoice_receipt: ρ = type  │  material: ρ = QuantityEKPOMENGE  │  payment: ρ = type  │  purchase_order: ρ = PurchasingGroupEKKOEKGRP  │  purchase_requisition: ρ = PurchasingGroupEBANEKGRP  │  quotation: ρ = VendorEBANLIFNR,True,,898,927,44.33009708737864,1,1.0322939866369711,4,0.031283710895361416,0.010831889081455826
"(2, 3, 6, 4, 2, 1, 1)",goods_receipt: ρ = type  │  invoice_receipt: ρ = type  │  material: ρ = QuantityEKPOMENGE  │  payment: ρ = type  │  purchase_order: ρ = VendorEKKOLIFNR  │  purchase_requisition: ρ = PurchasingGroupEBANEKGRP  │  quotation: ρ = PurchasingGroupEBANEKGRP,True,,898,927,44.33009708737864,1,1.0322939866369711,4,0.031283710895361416,0.010831889081455826
"(2, 3, 6, 4, 2, 2, 2)",goods_receipt: ρ = type  │  invoice_receipt: ρ = type  │  material: ρ = QuantityEKPOMENGE  │  payment: ρ = type  │  purchase_order: ρ = VendorEKKOLIFNR  │  purchase_requisition: ρ = type  │  quotation: ρ = VendorEBANLIFNR,True,,898,927,43.50701186623517,1,1.0322939866369711,4,0.031283710895361416,0.029197958790679657
"(2, 3, 7, 1, 1, 1, 1)",goods_receipt: ρ = type  │  invoice_receipt: ρ = type  │  material: ρ = QuantityEKPOMENGE_band  │  payment: ρ = AmountDMBTR  │  purchase_order: ρ = PurchasingGroupEKKOEKGRP  │  purchase_requisition: ρ = PurchasingGroupEBANEKGRP  │  quotation: ρ = PurchasingGroupEBANEKGRP,True,,919,927,42.98166127292341,1,1.0087051142546246,2,0.008629989212513456,0.04092046986327735
"(2, 3, 7, 1, 2, 1, 3)",goods_receipt: ρ = type  │  invoice_receipt: ρ = type  │  material: ρ = QuantityEKPOMENGE_band  │  payment: ρ = AmountDMBTR  │  purchase_order: ρ = VendorEKKOLIFNR  │  purchase_requisition: ρ = PurchasingGroupEBANEKGRP  │  quotation: ρ = type,True,,926,927,43.80474649406688,1,1.0010799136069115,2,0.0010787486515642097,0.022554400154053522
"(2, 3, 7, 1, 1, 2, 2)",goods_receipt: ρ = type  │  invoice_receipt: ρ = type  │  material: ρ = QuantityEKPOMENGE_band  │  payment: ρ = AmountDMBTR  │  purchase_order: ρ = PurchasingGroupEKKOEKGRP  │  purchase_requisition: ρ = type  │  quotation: ρ = VendorEBANLIFNR,True,,926,927,43.80474649406688,1,1.0010799136069115,2,0.0010787486515642097,0.022554400154053522
"(2, 3, 7, 1, 2, 2, 1)",goods_receipt: ρ = type  │  invoice_receipt: ρ = type  │  material: ρ = QuantityEKPOMENGE_band  │  payment: ρ = AmountDMBTR  │  purchase_order: ρ = VendorEKKOLIFNR  │  purchase_requisition: ρ = type  │  quotation: ρ = PurchasingGroupEBANEKGRP,True,,926,927,43.80474649406688,1,1.0010799136069115,2,0.0010787486515642097,0.022554400154053522
"(2, 3, 7, 1, 3, 1, 2)",goods_receipt: ρ = type  │  invoice_receipt: ρ = type  │  material: ρ = QuantityEKPOMENGE_band  │  payment: ρ = AmountDMBTR  │  purchase_order: ρ = type  │  purchase_requisition: ρ = PurchasingGroupEBANEKGRP  │  quotation: ρ = VendorEBANLIFNR,True,,926,927,43.80474649406688,1,1.0010799136069115,2,0.0010787486515642097,0.022554400154053522
"(2, 3, 7, 2, 1, 1, 2)",goods_receipt: ρ = type  │  invoice_receipt: ρ = type  │  material: ρ = QuantityEKPOMENGE_band  │  payment: ρ = AmountDMBTR_band  │  purchase_order: ρ = PurchasingGroupEKKOEKGRP  │  purchase_requisition: ρ = PurchasingGroupEBANEKGRP  │  quotation: ρ = VendorEBANLIFNR,True,,853,927,43.80474649406688,1,1.0867526377491208,4,0.07982740021574974,0.022554400154053522
"(2, 3, 7, 2, 2, 1, 1)",goods_receipt: ρ = type  │  invoice_receipt: ρ = type  │  material: ρ = QuantityEKPOMENGE_band  │  payment: ρ = AmountDMBTR_band  │  purchase_order: ρ = VendorEKKOLIFNR  │  purchase_requisition: ρ = PurchasingGroupEBANEKGRP  │  quotation: ρ = PurchasingGroupEBANEKGRP,True,,853,927,43.80474649406688,1,1.0867526377491208,4,0.07982740021574974,0.022554400154053522
"(2, 3, 7, 2, 2, 2, 2)",goods_receipt: ρ = type  │  invoice_receipt: ρ = type  │  material: ρ = QuantityEKPOMENGE_band  │  payment: ρ = AmountDMBTR_band  │  purchase_order: ρ = VendorEKKOLIFNR  │  purchase_requisition: ρ = type  │  quotation: ρ = VendorEBANLIFNR,True,,853,927,42.98166127292341,1,1.0867526377491208,4,0.07982740021574974,0.04092046986327735
"(2, 3, 7, 3, 1, 1, 2)",goods_receipt: ρ = type  │  invoice_receipt: ρ = type  │  material: ρ = QuantityEKPOMENGE_band  │  payment: ρ = PaymentMethodZLSCH  │  purchase_order: ρ = PurchasingGroupEKKOEKGRP  │  purchase_requisition: ρ = PurchasingGroupEBANEKGRP  │  quotation: ρ = VendorEBANLIFNR,True,,889,927,43.80474649406688,1,1.0427446569178853,3,0.04099244875943908,0.022554400154053522
"(2, 3, 7, 3, 2, 1, 1)",goods_receipt: ρ = type  │  invoice_receipt: ρ = type  │  material: ρ = QuantityEKPOMENGE_band  │  payment: ρ = PaymentMethodZLSCH  │  purchase_order: ρ = VendorEKKOLIFNR  │  purchase_requisition: ρ = PurchasingGroupEBANEKGRP  │  quotation: ρ = PurchasingGroupEBANEKGRP,True,,889,927,43.80474649406688,1,1.0427446569178853,3,0.04099244875943908,0.022554400154053522
"(2, 3, 7, 3, 2, 2, 2)",goods_receipt: ρ = type  │  invoice_receipt: ρ = type  │  material: ρ = QuantityEKPOMENGE_band  │  payment: ρ = PaymentMethodZLSCH  │  purchase_order: ρ = VendorEKKOLIFNR  │  purchase_requisition: ρ = type  │  quotation: ρ = VendorEBANLIFNR,True,,889,927,42.98166127292341,1,1.0427446569178853,3,0.04099244875943908,0.04092046986327735
"(2, 3, 7, 4, 2, 1, 2)",goods_receipt: ρ = type  │  invoice_receipt: ρ = type  │  material: ρ = QuantityEKPOMENGE_band  │  payment: ρ = type  │  purchase_order: ρ = VendorEKKOLIFNR  │  purchase_requisition: ρ = PurchasingGroupEBANEKGRP  │  quotation: ρ = VendorEBANLIFNR,True,,836,927,42.98166127292341,1,1.1088516746411483,4,0.09816612729234087,0.04092046986327735
"(2, 3, 8, 1, 1, 1, 1)",goods_receipt: ρ = type  │  invoice_receipt: ρ = type  │  material: ρ = StorageLocationEKPOLGORT  │  payment: ρ = AmountDMBTR  │  purchase_order: ρ = PurchasingGroupEKKOEKGRP  │  purchase_requisition: ρ = PurchasingGroupEBANEKGRP  │  quotation: ρ = PurchasingGroupEBANEKGRP,True,,926,927,43.1898597626753,1,1.0010799136069115,2,0.0010787486515642097,0.03627479299056413
"(2, 3, 8, 2, 1, 1, 2)",goods_receipt: ρ = type  │  invoice_receipt: ρ = type  │  material: ρ = StorageLocationEKPOLGORT  │  payment: ρ = AmountDMBTR_band  │  purchase_order: ρ = PurchasingGroupEKKOEKGRP  │  purchase_requisition: ρ = PurchasingGroupEBANEKGRP  │  quotation: ρ = VendorEBANLIFNR,True,,881,927,44.01294498381877,1,1.0522133938706015,3,0.04962243797195254,0.01790872328134019
"(2, 3, 8, 2, 2, 1, 1)",goods_receipt: ρ = type  │  invoice_receipt: ρ = type  │  material: ρ = StorageLocationEKPOLGORT  │  payment: ρ = AmountDMBTR_band  │  purchase_order: ρ = VendorEKKOLIFNR  │  purchase_requisition: ρ = PurchasingGroupEBANEKGRP  │  quotation: ρ = PurchasingGroupEBANEKGRP,True,,881,927,44.01294498381877,1,1.0522133938706015,3,0.04962243797195254,0.01790872328134019
"(2, 3, 8, 2, 2, 2, 2)",goods_receipt: ρ = type  │  invoice_receipt: ρ = type  │  material: ρ = StorageLocationEKPOLGORT  │  payment: ρ = AmountDMBTR_band  │  purchase_order: ρ = VendorEKKOLIFNR  │  purchase_requisition: ρ = type  │  quotation: ρ = VendorEBANLIFNR,True,,881,927,43.1898597626753,1,1.0522133938706015,3,0.04962243797195254,0.03627479299056413
"(2, 3, 8, 3, 1, 1, 2)",goods_receipt: ρ = type  │  invoice_receipt: ρ = type  │  material: ρ = StorageLocationEKPOLGORT  │  payment: ρ = PaymentMethodZLSCH  │  purchase_order: ρ = PurchasingGroupEKKOEKGRP  │  purchase_requisition: ρ = PurchasingGroupEBANEKGRP  │  quotation: ρ = VendorEBANLIFNR,True,,900,927,44.01294498381877,1,1.03,3,0.029126213592232997,0.01790872328134019
"(2, 3, 8, 3, 2, 1, 1)",goods_receipt: ρ = type  │  invoice_receipt: ρ = type  │  material: ρ = StorageLocationEKPOLGORT  │  payment: ρ = PaymentMethodZLSCH  │  purchase_order: ρ = VendorEKKOLIFNR  │  purchase_requisition: ρ = PurchasingGroupEBANEKGRP  │  quotation: ρ = PurchasingGroupEBANEKGRP,True,,900,927,44.01294498381877,1,1.03,3,0.029126213592232997,0.01790872328134019
"(2, 3, 8, 3, 2, 2, 2)",goods_receipt: ρ = type  │  invoice_receipt: ρ = type  │  material: ρ = StorageLocationEKPOLGORT  │  payment: ρ = PaymentMethodZLSCH  │  purchase_order: ρ = VendorEKKOLIFNR  │  purchase_requisition: ρ = type  │  quotation: ρ = VendorEBANLIFNR,True,,900,927,43.1898597626753,1,1.03,3,0.029126213592232997,0.03627479299056413
"(2, 3, 8, 4, 2, 1, 2)",goods_receipt: ρ = type  │  invoice_receipt: ρ = type  │  material: ρ = StorageLocationEKPOLGORT  │  payment: ρ = type  │  purchase_order: ρ = VendorEKKOLIFNR  │  purchase_requisition: ρ = PurchasingGroupEBANEKGRP  │  quotation: ρ = VendorEBANLIFNR,True,,855,927,43.1898597626753,1,1.0842105263157895,4,0.07766990291262132,0.03627479299056413
"(2, 3, 9, 1, 1, 1, 2)",goods_receipt: ρ = type  │  invoice_receipt: ρ = type  │  material: ρ = type  │  payment: ρ = AmountDMBTR  │  purchase_order: ρ = PurchasingGroupEKKOEKGRP  │  purchase_requisition: ρ = PurchasingGroupEBANEKGRP  │  quotation: ρ = VendorEBANLIFNR,True,,926,927,43.19093851132686,1,1.0010799136069115,2,0.0010787486515642097,0.03625072212593872
"(2, 3, 9, 1, 2, 1, 1)",goods_receipt: ρ = type  │  invoice_receipt: ρ = type  │  material: ρ = type  │  payment: ρ = AmountDMBTR  │  purchase_order: ρ = VendorEKKOLIFNR  │  purchase_requisition: ρ = PurchasingGroupEBANEKGRP  │  quotation: ρ = PurchasingGroupEBANEKGRP,True,,926,927,43.19093851132686,1,1.0010799136069115,2,0.0010787486515642097,0.03625072212593872
"(2, 3, 9, 1, 2, 2, 2)",goods_receipt: ρ = type  │  invoice_receipt: ρ = type  │  material: ρ = type  │  payment: ρ = AmountDMBTR  │  purchase_order: ρ = VendorEKKOLIFNR  │  purchase_requisition: ρ = type  │  quotation: ρ = VendorEBANLIFNR,True,,926,927,42.36785329018339,1,1.0010799136069115,2,0.0010787486515642097,0.05461679183516266
"(2, 3, 9, 2, 2, 1, 2)",goods_receipt: ρ = type  │  invoice_receipt: ρ = type  │  material: ρ = type  │  payment: ρ = AmountDMBTR_band  │  purchase_order: ρ = VendorEKKOLIFNR  │  purchase_requisition: ρ = PurchasingGroupEBANEKGRP  │  quotation: ρ = VendorEBANLIFNR,True,,792,927,42.36785329018339,1,1.1704545454545454,7,0.1456310679611651,0.05461679183516266
"(2, 3, 9, 3, 2, 1, 2)",goods_receipt: ρ = type  │  invoice_receipt: ρ = type  │  material: ρ = type  │  payment: ρ = PaymentMethodZLSCH  │  purchase_order: ρ = VendorEKKOLIFNR  │  purchase_requisition: ρ = PurchasingGroupEBANEKGRP  │  quotation: ρ = VendorEBANLIFNR,True,,844,927,42.36785329018339,1,1.0983412322274881,5,0.08953613807982741,0.05461679183516266
"(2, 1, 2, 1, 3, 2, 3)",goods_receipt: ρ = type  │  invoice_receipt: ρ = CreditAmountBSEGWRBTR  │  material: ρ = MaterialEKPOMATNR  │  payment: ρ = AmountDMBTR  │  purchase_order: ρ = type  │  purchase_requisition: ρ = type  │  quotation: ρ = type,True,,920,927,44.096008629989214,1,1.007608695652174,2,0.007551240560949246,0.016055266705179982
"(2, 1, 2, 2, 1, 2, 3)",goods_receipt: ρ = type  │  invoice_receipt: ρ = CreditAmountBSEGWRBTR  │  material: ρ = MaterialEKPOMATNR  │  payment: ρ = AmountDMBTR_band  │  purchase_order: ρ = PurchasingGroupEKKOEKGRP  │  purchase_requisition: ρ = type  │  quotation: ρ = type,True,,922,927,44.353829557713055,1,1.0054229934924077,2,0.005393743257820938,0.010302330059695608
"(2, 1, 2, 2, 3, 1, 3)",goods_receipt: ρ = type  │  invoice_receipt: ρ = CreditAmountBSEGWRBTR  │  material: ρ = MaterialEKPOMATNR  │  payment: ρ = AmountDMBTR_band  │  purchase_order: ρ = type  │  purchase_requisition: ρ = PurchasingGroupEBANEKGRP  │  quotation: ρ = type,True,,922,927,44.353829557713055,1,1.0054229934924077,2,0.005393743257820938,0.010302330059695608
"(2, 1, 2, 2, 3, 2, 1)",goods_receipt: ρ = type  │  invoice_receipt: ρ = CreditAmountBSEGWRBTR  │  material: ρ = MaterialEKPOMATNR  │  payment: ρ = AmountDMBTR_band  │  purchase_order: ρ = type  │  purchase_requisition: ρ = type  │  quotation: ρ = PurchasingGroupEBANEKGRP,True,,922,927,44.353829557713055,1,1.0054229934924077,2,0.005393743257820938,0.010302330059695608
"(2, 1, 2, 4, 1, 1, 3)",goods_receipt: ρ = type  │  invoice_receipt: ρ = CreditAmountBSEGWRBTR  │  material: ρ = MaterialEKPOMATNR  │  payment: ρ = type  │  purchase_order: ρ = PurchasingGroupEKKOEKGRP  │  purchase_requisition: ρ = PurchasingGroupEBANEKGRP  │  quotation: ρ = type,True,,922,927,44.353829557713055,1,1.0054229934924077,2,0.005393743257820938,0.010302330059695608
"(2, 1, 2, 4, 1, 2, 1)",goods_receipt: ρ = type  │  invoice_receipt: ρ = CreditAmountBSEGWRBTR  │  material: ρ = MaterialEKPOMATNR  │  payment: ρ = type  │  purchase_order: ρ = PurchasingGroupEKKOEKGRP  │  purchase_requisition: ρ = type  │  quotation: ρ = PurchasingGroupEBANEKGRP,True,,922,927,43.530744336569576,1,1.0054229934924077,2,0.005393743257820938,0.028668399768919772
"(2, 1, 2, 4, 2, 2, 3)",goods_receipt: ρ = type  │  invoice_receipt: ρ = CreditAmountBSEGWRBTR  │  material: ρ = MaterialEKPOMATNR  │  payment: ρ = type  │  purchase_order: ρ = VendorEKKOLIFNR  │  purchase_requisition: ρ = type  │  quotation: ρ = type,False,no merging (K = n_executions),927,927,44.353829557713055,1,1.0,1,0.0,0.010302330059695608
"(2, 1, 2, 4, 3, 1, 1)",goods_receipt: ρ = type  │  invoice_receipt: ρ = CreditAmountBSEGWRBTR  │  material: ρ = MaterialEKPOMATNR  │  payment: ρ = type  │  purchase_order: ρ = type  │  purchase_requisition: ρ = PurchasingGroupEBANEKGRP  │  quotation: ρ = PurchasingGroupEBANEKGRP,True,,922,927,44.353829557713055,1,1.0054229934924077,2,0.005393743257820938,0.010302330059695608
"(2, 1, 2, 4, 3, 2, 2)",goods_receipt: ρ = type  │  invoice_receipt: ρ = CreditAmountBSEGWRBTR  │  material: ρ = MaterialEKPOMATNR  │  payment: ρ = type  │  purchase_order: ρ = type  │  purchase_requisition: ρ = type  │  quotation: ρ = VendorEBANLIFNR,False,no merging (K = n_executions),927,927,44.353829557713055,1,1.0,1,0.0,0.010302330059695608
"(2, 1, 3, 1, 1, 2, 3)",goods_receipt: ρ = type  │  invoice_receipt: ρ = CreditAmountBSEGWRBTR  │  material: ρ = NetPriceEKPONETPR  │  payment: ρ = AmountDMBTR  │  purchase_order: ρ = PurchasingGroupEKKOEKGRP  │  purchase_requisition: ρ = type  │  quotation: ρ = type,True,,919,927,43.87702265372168,1,1.0087051142546246,2,0.008629989212513456,0.0209416522241479
"(2, 1, 3, 1, 3, 1, 3)",goods_receipt: ρ = type  │  invoice_receipt: ρ = CreditAmountBSEGWRBTR  │  material: ρ = NetPriceEKPONETPR  │  payment: ρ = AmountDMBTR  │  purchase_order: ρ = type  │  purchase_requisition: ρ = PurchasingGroupEBANEKGRP  │  quotation: ρ = type,True,,919,927,43.87702265372168,1,1.0087051142546246,2,0.008629989212513456,0.0209416522241479
"(2, 1, 3, 1, 3, 2, 1)",goods_receipt: ρ = type  │  invoice_receipt: ρ = CreditAmountBSEGWRBTR  │  material: ρ = NetPriceEKPONETPR  │  payment: ρ = AmountDMBTR  │  purchase_order: ρ = type  │  purchase_requisition: ρ = type  │  quotation: ρ = PurchasingGroupEBANEKGRP,True,,919,927,43.87702265372168,1,1.0087051142546246,2,0.008629989212513456,0.0209416522241479
"(2, 1, 3, 2, 1, 1, 3)",goods_receipt: ρ = type  │  invoice_receipt: ρ = CreditAmountBSEGWRBTR  │  material: ρ = NetPriceEKPONETPR  │  payment: ρ = AmountDMBTR_band  │  purchase_order: ρ = PurchasingGroupEKKOEKGRP  │  purchase_requisition: ρ = PurchasingGroupEBANEKGRP  │  quotation: ρ = type,True,,919,927,44.13484358144552,1,1.0087051142546246,2,0.008629989212513456,0.015188715578663525
"(2, 1, 3, 2, 1, 2, 1)",goods_receipt: ρ = type  │  invoice_receipt: ρ = CreditAmountBSEGWRBTR  │  material: ρ = NetPriceEKPONETPR  │  payment: ρ = AmountDMBTR_band  │  purchase_order: ρ = PurchasingGroupEKKOEKGRP  │  purchase_requisition: ρ = type  │  quotation: ρ = PurchasingGroupEBANEKGRP,True,,919,927,43.31175836030205,1,1.0087051142546246,2,0.008629989212513456,0.03355478528788747
"(2, 1, 3, 2, 2, 2, 3)",goods_receipt: ρ = type  │  invoice_receipt: ρ = CreditAmountBSEGWRBTR  │  material: ρ = NetPriceEKPONETPR  │  payment: ρ = AmountDMBTR_band  │  purchase_order: ρ = VendorEKKOLIFNR  │  purchase_requisition: ρ = type  │  quotation: ρ = type,True,,926,927,44.13484358144552,1,1.0010799136069115,2,0.0010787486515642097,0.015188715578663525
"(2, 1, 3, 2, 3, 1, 1)",goods_receipt: ρ = type  │  invoice_receipt: ρ = CreditAmountBSEGWRBTR  │  material: ρ = NetPriceEKPONETPR  │  payment: ρ = AmountDMBTR_band  │  purchase_order: ρ = type  │  purchase_requisition: ρ = PurchasingGroupEBANEKGRP  │  quotation: ρ = PurchasingGroupEBANEKGRP,True,,919,927,44.13484358144552,1,1.0087051142546246,2,0.008629989212513456,0.015188715578663525
"(2, 1, 3, 2, 3, 2, 2)",goods_receipt: ρ = type  │  invoice_receipt: ρ = CreditAmountBSEGWRBTR  │  material: ρ = NetPriceEKPONETPR  │  payment: ρ = AmountDMBTR_band  │  purchase_order: ρ = type  │  purchase_requisition: ρ = type  │  quotation: ρ = VendorEBANLIFNR,True,,926,927,44.13484358144552,1,1.0010799136069115,2,0.0010787486515642097,0.015188715578663525
"(2, 1, 3, 3, 1, 1, 3)",goods_receipt: ρ = type  │  invoice_receipt: ρ = CreditAmountBSEGWRBTR  │  material: ρ = NetPriceEKPONETPR  │  payment: ρ = PaymentMethodZLSCH  │  purchase_order: ρ = PurchasingGroupEKKOEKGRP  │  purchase_requisition: ρ = PurchasingGroupEBANEKGRP  │  quotation: ρ = type,True,,924,927,44.13484358144552,1,1.0032467532467533,2,0.003236245954692518,0.015188715578663525
"(2, 1, 3, 3, 1, 2, 1)",goods_receipt: ρ = type  │  invoice_receipt: ρ = CreditAmountBSEGWRBTR  │  material: ρ = NetPriceEKPONETPR  │  payment: ρ = PaymentMethodZLSCH  │  purchase_order: ρ = PurchasingGroupEKKOEKGRP  │  purchase_requisition: ρ = type  │  quotation: ρ = PurchasingGroupEBANEKGRP,True,,924,927,43.31175836030205,1,1.0032467532467533,2,0.003236245954692518,0.03355478528788747
"(2, 1, 3, 3, 2, 2, 3)",goods_receipt: ρ = type  │  invoice_receipt: ρ = CreditAmountBSEGWRBTR  │  material: ρ = NetPriceEKPONETPR  │  payment: ρ = PaymentMethodZLSCH  │  purchase_order: ρ = VendorEKKOLIFNR  │  purchase_requisition: ρ = type  │  quotation: ρ = type,True,,926,927,44.13484358144552,1,1.0010799136069115,2,0.0010787486515642097,0.015188715578663525
"(2, 1, 3, 3, 3, 1, 1)",goods_receipt: ρ = type  │  invoice_receipt: ρ = CreditAmountBSEGWRBTR  │  material: ρ = NetPriceEKPONETPR  │  payment: ρ = PaymentMethodZLSCH  │  purchase_order: ρ = type  │  purchase_requisition: ρ = PurchasingGroupEBANEKGRP  │  quotation: ρ = PurchasingGroupEBANEKGRP,True,,924,927,44.13484358144552,1,1.0032467532467533,2,0.003236245954692518,0.015188715578663525
"(2, 1, 3, 3, 3, 2, 2)",goods_receipt: ρ = type  │  invoice_receipt: ρ = CreditAmountBSEGWRBTR  │  material: ρ = NetPriceEKPONETPR  │  payment: ρ = PaymentMethodZLSCH  │  purchase_order: ρ = type  │  purchase_requisition: ρ = type  │  quotation: ρ = VendorEBANLIFNR,True,,926,927,44.13484358144552,1,1.0010799136069115,2,0.0010787486515642097,0.015188715578663525
"(2, 1, 3, 4, 1, 1, 1)",goods_receipt: ρ = type  │  invoice_receipt: ρ = CreditAmountBSEGWRBTR  │  material: ρ = NetPriceEKPONETPR  │  payment: ρ = type  │  purchase_order: ρ = PurchasingGroupEKKOEKGRP  │  purchase_requisition: ρ = PurchasingGroupEBANEKGRP  │  quotation: ρ = PurchasingGroupEBANEKGRP,True,,919,927,43.31175836030205,1,1.0087051142546246,2,0.008629989212513456,0.03355478528788747
"(2, 1, 3, 4, 2, 1, 3)",goods_receipt: ρ = type  │  invoice_receipt: ρ = CreditAmountBSEGWRBTR  │  material: ρ = NetPriceEKPONETPR  │  payment: ρ = type  │  purchase_order: ρ = VendorEKKOLIFNR  │  purchase_requisition: ρ = PurchasingGroupEBANEKGRP  │  quotation: ρ = type,True,,926,927,44.13484358144552,1,1.0010799136069115,2,0.0010787486515642097,0.015188715578663525
"(2, 1, 3, 4, 1, 2, 2)",goods_receipt: ρ = type  │  invoice_receipt: ρ = CreditAmountBSEGWRBTR  │  material: ρ = NetPriceEKPONETPR  │  payment: ρ = type  │  purchase_order: ρ = PurchasingGroupEKKOEKGRP  │  purchase_requisition: ρ = type  │  quotation: ρ = VendorEBANLIFNR,True,,926,927,44.13484358144552,1,1.0010799136069115,2,0.0010787486515642097,0.015188715578663525
"(2, 1, 3, 4, 2, 2, 1)",goods_receipt: ρ = type  │  invoice_receipt: ρ = CreditAmountBSEGWRBTR  │  material: ρ = NetPriceEKPONETPR  │  payment: ρ = type  │  purchase_order: ρ = VendorEKKOLIFNR  │  purchase_requisition: ρ = type  │  quotation: ρ = PurchasingGroupEBANEKGRP,True,,926,927,44.13484358144552,1,1.0010799136069115,2,0.0010787486515642097,0.015188715578663525
"(2, 1, 3, 4, 3, 1, 2)",goods_receipt: ρ = type  │  invoice_receipt: ρ = CreditAmountBSEGWRBTR  │  material: ρ = NetPriceEKPONETPR  │  payment: ρ = type  │  purchase_order: ρ = type  │  purchase_requisition: ρ = PurchasingGroupEBANEKGRP  │  quotation: ρ = VendorEBANLIFNR,True,,926,927,44.13484358144552,1,1.0010799136069115,2,0.0010787486515642097,0.015188715578663525
"(2, 1, 4, 1, 1, 1, 3)",goods_receipt: ρ = type  │  invoice_receipt: ρ = CreditAmountBSEGWRBTR  │  material: ρ = NetPriceEKPONETPR_band  │  payment: ρ = AmountDMBTR  │  purchase_order: ρ = PurchasingGroupEKKOEKGRP  │  purchase_requisition: ρ = PurchasingGroupEBANEKGRP  │  quotation: ρ = type,True,,918,927,43.0873786407767,1,1.0098039215686274,2,0.009708737864077666,0.03856152512998268
"(2, 1, 4, 1, 1, 2, 1)",goods_receipt: ρ = type  │  invoice_receipt: ρ = CreditAmountBSEGWRBTR  │  material: ρ = NetPriceEKPONETPR_band  │  payment: ρ = AmountDMBTR  │  purchase_order: ρ = PurchasingGroupEKKOEKGRP  │  purchase_requisition: ρ = type  │  quotation: ρ = PurchasingGroupEBANEKGRP,True,,918,927,42.264293419633226,1,1.0098039215686274,2,0.009708737864077666,0.05692759483920651
"(2, 1, 4, 1, 2, 2, 3)",goods_receipt: ρ = type  │  invoice_receipt: ρ = CreditAmountBSEGWRBTR  │  material: ρ = NetPriceEKPONETPR_band  │  payment: ρ = AmountDMBTR  │  purchase_order: ρ = VendorEKKOLIFNR  │  purchase_requisition: ρ = type  │  quotation: ρ = type,True,,926,927,43.0873786407767,1,1.0010799136069115,2,0.0010787486515642097,0.03856152512998268
"(2, 1, 4, 1, 3, 1, 1)",goods_receipt: ρ = type  │  invoice_receipt: ρ = CreditAmountBSEGWRBTR  │  material: ρ = NetPriceEKPONETPR_band  │  payment: ρ = AmountDMBTR  │  purchase_order: ρ = type  │  purchase_requisition: ρ = PurchasingGroupEBANEKGRP  │  quotation: ρ = PurchasingGroupEBANEKGRP,True,,918,927,43.0873786407767,1,1.0098039215686274,2,0.009708737864077666,0.03856152512998268
"(2, 1, 4, 1, 3, 2, 2)",goods_receipt: ρ = type  │  invoice_receipt: ρ = CreditAmountBSEGWRBTR  │  material: ρ = NetPriceEKPONETPR_band  │  payment: ρ = AmountDMBTR  │  purchase_order: ρ = type  │  purchase_requisition: ρ = type  │  quotation: ρ = VendorEBANLIFNR,True,,926,927,43.0873786407767,1,1.0010799136069115,2,0.0010787486515642097,0.03856152512998268
"(2, 1, 4, 2, 1, 1, 1)",goods_receipt: ρ = type  │  invoice_receipt: ρ = CreditAmountBSEGWRBTR  │  material: ρ = NetPriceEKPONETPR_band  │  payment: ρ = AmountDMBTR_band  │  purchase_order: ρ = PurchasingGroupEKKOEKGRP  │  purchase_requisition: ρ = PurchasingGroupEBANEKGRP  │  quotation: ρ = PurchasingGroupEBANEKGRP,True,,918,927,42.52211434735707,1,1.0098039215686274,2,0.009708737864077666,0.051174658193722244
"(2, 1, 4, 2, 2, 1, 3)",goods_receipt: ρ = type  │  invoice_receipt: ρ = CreditAmountBSEGWRBTR  │  material: ρ = NetPriceEKPONETPR_band  │  payment: ρ = AmountDMBTR_band  │  purchase_order: ρ = VendorEKKOLIFNR  │  purchase_requisition: ρ = PurchasingGroupEBANEKGRP  │  quotation: ρ = type,True,,926,927,43.34519956850054,1,1.0010799136069115,2,0.0010787486515642097,0.0328085884844983
"(2, 1, 4, 2, 1, 2, 2)",goods_receipt: ρ = type  │  invoice_receipt: ρ = CreditAmountBSEGWRBTR  │  material: ρ = NetPriceEKPONETPR_band  │  payment: ρ = AmountDMBTR_band  │  purchase_order: ρ = PurchasingGroupEKKOEKGRP  │  purchase_requisition: ρ = type  │  quotation: ρ = VendorEBANLIFNR,True,,926,927,43.34519956850054,1,1.0010799136069115,2,0.0010787486515642097,0.0328085884844983
"(2, 1, 4, 2, 2, 2, 1)",goods_receipt: ρ = type  │  invoice_receipt: ρ = CreditAmountBSEGWRBTR  │  material: ρ = NetPriceEKPONETPR_band  │  payment: ρ = AmountDMBTR_band  │  purchase_order: ρ = VendorEKKOLIFNR  │  purchase_requisition: ρ = type  │  quotation: ρ = PurchasingGroupEBANEKGRP,True,,926,927,43.34519956850054,1,1.0010799136069115,2,0.0010787486515642097,0.0328085884844983
"(2, 1, 4, 2, 3, 1, 2)",goods_receipt: ρ = type  │  invoice_receipt: ρ = CreditAmountBSEGWRBTR  │  material: ρ = NetPriceEKPONETPR_band  │  payment: ρ = AmountDMBTR_band  │  purchase_order: ρ = type  │  purchase_requisition: ρ = PurchasingGroupEBANEKGRP  │  quotation: ρ = VendorEBANLIFNR,True,,926,927,43.34519956850054,1,1.0010799136069115,2,0.0010787486515642097,0.0328085884844983
"(2, 1, 4, 3, 1, 1, 1)",goods_receipt: ρ = type  │  invoice_receipt: ρ = CreditAmountBSEGWRBTR  │  material: ρ = NetPriceEKPONETPR_band  │  payment: ρ = PaymentMethodZLSCH  │  purchase_order: ρ = PurchasingGroupEKKOEKGRP  │  purchase_requisition: ρ = PurchasingGroupEBANEKGRP  │  quotation: ρ = PurchasingGroupEBANEKGRP,True,,924,927,42.52211434735707,1,1.0032467532467533,2,0.003236245954692518,0.051174658193722244
"(2, 1, 4, 3, 2, 1, 3)",goods_receipt: ρ = type  │  invoice_receipt: ρ = CreditAmountBSEGWRBTR  │  material: ρ = NetPriceEKPONETPR_band  │  payment: ρ = PaymentMethodZLSCH  │  purchase_order: ρ = VendorEKKOLIFNR  │  purchase_requisition: ρ = PurchasingGroupEBANEKGRP  │  quotation: ρ = type,True,,926,927,43.34519956850054,1,1.0010799136069115,2,0.0010787486515642097,0.0328085884844983
"(2, 1, 4, 3, 1, 2, 2)",goods_receipt: ρ = type  │  invoice_receipt: ρ = CreditAmountBSEGWRBTR  │  material: ρ = NetPriceEKPONETPR_band  │  payment: ρ = PaymentMethodZLSCH  │  purchase_order: ρ = PurchasingGroupEKKOEKGRP  │  purchase_requisition: ρ = type  │  quotation: ρ = VendorEBANLIFNR,True,,926,927,43.34519956850054,1,1.0010799136069115,2,0.0010787486515642097,0.0328085884844983
"(2, 1, 4, 3, 2, 2, 1)",goods_receipt: ρ = type  │  invoice_receipt: ρ = CreditAmountBSEGWRBTR  │  material: ρ = NetPriceEKPONETPR_band  │  payment: ρ = PaymentMethodZLSCH  │  purchase_order: ρ = VendorEKKOLIFNR  │  purchase_requisition: ρ = type  │  quotation: ρ = PurchasingGroupEBANEKGRP,True,,926,927,43.34519956850054,1,1.0010799136069115,2,0.0010787486515642097,0.0328085884844983
"(2, 1, 4, 3, 3, 1, 2)",goods_receipt: ρ = type  │  invoice_receipt: ρ = CreditAmountBSEGWRBTR  │  material: ρ = NetPriceEKPONETPR_band  │  payment: ρ = PaymentMethodZLSCH  │  purchase_order: ρ = type  │  purchase_requisition: ρ = PurchasingGroupEBANEKGRP  │  quotation: ρ = VendorEBANLIFNR,True,,926,927,43.34519956850054,1,1.0010799136069115,2,0.0010787486515642097,0.0328085884844983
"(2, 1, 4, 4, 1, 1, 2)",goods_receipt: ρ = type  │  invoice_receipt: ρ = CreditAmountBSEGWRBTR  │  material: ρ = NetPriceEKPONETPR_band  │  payment: ρ = type  │  purchase_order: ρ = PurchasingGroupEKKOEKGRP  │  purchase_requisition: ρ = PurchasingGroupEBANEKGRP  │  quotation: ρ = VendorEBANLIFNR,True,,926,927,43.34519956850054,1,1.0010799136069115,2,0.0010787486515642097,0.0328085884844983
"(2, 1, 4, 4, 2, 1, 1)",goods_receipt: ρ = type  │  invoice_receipt: ρ = CreditAmountBSEGWRBTR  │  material: ρ = NetPriceEKPONETPR_band  │  payment: ρ = type  │  purchase_order: ρ = VendorEKKOLIFNR  │  purchase_requisition: ρ = PurchasingGroupEBANEKGRP  │  quotation: ρ = PurchasingGroupEBANEKGRP,True,,926,927,43.34519956850054,1,1.0010799136069115,2,0.0010787486515642097,0.0328085884844983
"(2, 1, 4, 4, 2, 2, 2)",goods_receipt: ρ = type  │  invoice_receipt: ρ = CreditAmountBSEGWRBTR  │  material: ρ = NetPriceEKPONETPR_band  │  payment: ρ = type  │  purchase_order: ρ = VendorEKKOLIFNR  │  purchase_requisition: ρ = type  │  quotation: ρ = VendorEBANLIFNR,True,,926,927,42.52211434735707,1,1.0010799136069115,2,0.0010787486515642097,0.051174658193722244
"(2, 1, 0, 1, 3, 2, 3)",goods_receipt: ρ = type  │  invoice_receipt: ρ = CreditAmountBSEGWRBTR  │  material: ρ = id  │  payment: ρ = AmountDMBTR  │  purchase_order: ρ = type  │  purchase_requisition: ρ = type  │  quotation: ρ = type,True,,925,927,44.096008629989214,1,1.0021621621621621,2,0.0021574973031284195,0.016055266705179982
"(2, 1, 5, 1, 1, 1, 3)",goods_receipt: ρ = type  │  invoice_receipt: ρ = CreditAmountBSEGWRBTR  │  material: ρ = PlantEKPOWERKS  │  payment: ρ = AmountDMBTR  │  purchase_order: ρ = PurchasingGroupEKKOEKGRP  │  purchase_requisition: ρ = PurchasingGroupEBANEKGRP  │  quotation: ρ = type,True,,926,927,43.75512405609493,1,1.0010799136069115,2,0.0010787486515642097,0.023661659926824563
"(2, 1, 5, 1, 1, 2, 1)",goods_receipt: ρ = type  │  invoice_receipt: ρ = CreditAmountBSEGWRBTR  │  material: ρ = PlantEKPOWERKS  │  payment: ρ = AmountDMBTR  │  purchase_order: ρ = PurchasingGroupEKKOEKGRP  │  purchase_requisition: ρ = type  │  quotation: ρ = PurchasingGroupEBANEKGRP,True,,926,927,42.932038834951456,1,1.0010799136069115,2,0.0010787486515642097,0.042027729636048505
"(2, 1, 5, 1, 2, 2, 3)",goods_receipt: ρ = type  │  invoice_receipt: ρ = CreditAmountBSEGWRBTR  │  material: ρ = PlantEKPOWERKS  │  payment: ρ = AmountDMBTR  │  purchase_order: ρ = VendorEKKOLIFNR  │  purchase_requisition: ρ = type  │  quotation: ρ = type,True,,926,927,43.75512405609493,1,1.0010799136069115,2,0.0010787486515642097,0.023661659926824563
"(2, 1, 5, 1, 3, 1, 1)",goods_receipt: ρ = type  │  invoice_receipt: ρ = CreditAmountBSEGWRBTR  │  material: ρ = PlantEKPOWERKS  │  payment: ρ = AmountDMBTR  │  purchase_order: ρ = type  │  purchase_requisition: ρ = PurchasingGroupEBANEKGRP  │  quotation: ρ = PurchasingGroupEBANEKGRP,True,,926,927,43.75512405609493,1,1.0010799136069115,2,0.0010787486515642097,0.023661659926824563
"(2, 1, 5, 1, 3, 2, 2)",goods_receipt: ρ = type  │  invoice_receipt: ρ = CreditAmountBSEGWRBTR  │  material: ρ = PlantEKPOWERKS  │  payment: ρ = AmountDMBTR  │  purchase_order: ρ = type  │  purchase_requisition: ρ = type  │  quotation: ρ = VendorEBANLIFNR,True,,926,927,43.75512405609493,1,1.0010799136069115,2,0.0010787486515642097,0.023661659926824563
"(2, 1, 5, 2, 1, 1, 1)",goods_receipt: ρ = type  │  invoice_receipt: ρ = CreditAmountBSEGWRBTR  │  material: ρ = PlantEKPOWERKS  │  payment: ρ = AmountDMBTR_band  │  purchase_order: ρ = PurchasingGroupEKKOEKGRP  │  purchase_requisition: ρ = PurchasingGroupEBANEKGRP  │  quotation: ρ = PurchasingGroupEBANEKGRP,True,,926,927,43.1898597626753,1,1.0010799136069115,2,0.0010787486515642097,0.03627479299056413
"(2, 1, 5, 2, 2, 1, 3)",goods_receipt: ρ = type  │  invoice_receipt: ρ = CreditAmountBSEGWRBTR  │  material: ρ = PlantEKPOWERKS  │  payment: ρ = AmountDMBTR_band  │  purchase_order: ρ = VendorEKKOLIFNR  │  purchase_requisition: ρ = PurchasingGroupEBANEKGRP  │  quotation: ρ = type,True,,926,927,44.01294498381877,1,1.0010799136069115,2,0.0010787486515642097,0.01790872328134019
"(2, 1, 5, 2, 1, 2, 2)",goods_receipt: ρ = type  │  invoice_receipt: ρ = CreditAmountBSEGWRBTR  │  material: ρ = PlantEKPOWERKS  │  payment: ρ = AmountDMBTR_band  │  purchase_order: ρ = PurchasingGroupEKKOEKGRP  │  purchase_requisition: ρ = type  │  quotation: ρ = VendorEBANLIFNR,True,,926,927,44.01294498381877,1,1.0010799136069115,2,0.0010787486515642097,0.01790872328134019
"(2, 1, 5, 2, 2, 2, 1)",goods_receipt: ρ = type  │  invoice_receipt: ρ = CreditAmountBSEGWRBTR  │  material: ρ = PlantEKPOWERKS  │  payment: ρ = AmountDMBTR_band  │  purchase_order: ρ = VendorEKKOLIFNR  │  purchase_requisition: ρ = type  │  quotation: ρ = PurchasingGroupEBANEKGRP,True,,926,927,44.01294498381877,1,1.0010799136069115,2,0.0010787486515642097,0.01790872328134019
"(2, 1, 5, 2, 3, 1, 2)",goods_receipt: ρ = type  │  invoice_receipt: ρ = CreditAmountBSEGWRBTR  │  material: ρ = PlantEKPOWERKS  │  payment: ρ = AmountDMBTR_band  │  purchase_order: ρ = type  │  purchase_requisition: ρ = PurchasingGroupEBANEKGRP  │  quotation: ρ = VendorEBANLIFNR,True,,926,927,44.01294498381877,1,1.0010799136069115,2,0.0010787486515642097,0.01790872328134019
"(2, 1, 5, 3, 1, 1, 1)",goods_receipt: ρ = type  │  invoice_receipt: ρ = CreditAmountBSEGWRBTR  │  material: ρ = PlantEKPOWERKS  │  payment: ρ = PaymentMethodZLSCH  │  purchase_order: ρ = PurchasingGroupEKKOEKGRP  │  purchase_requisition: ρ = PurchasingGroupEBANEKGRP  │  quotation: ρ = PurchasingGroupEBANEKGRP,True,,926,927,43.1898597626753,1,1.0010799136069115,2,0.0010787486515642097,0.03627479299056413
"(2, 1, 5, 3, 2, 1, 3)",goods_receipt: ρ = type  │  invoice_receipt: ρ = CreditAmountBSEGWRBTR  │  material: ρ = PlantEKPOWERKS  │  payment: ρ = PaymentMethodZLSCH  │  purchase_order: ρ = VendorEKKOLIFNR  │  purchase_requisition: ρ = PurchasingGroupEBANEKGRP  │  quotation: ρ = type,True,,926,927,44.01294498381877,1,1.0010799136069115,2,0.0010787486515642097,0.01790872328134019
"(2, 1, 5, 3, 1, 2, 2)",goods_receipt: ρ = type  │  invoice_receipt: ρ = CreditAmountBSEGWRBTR  │  material: ρ = PlantEKPOWERKS  │  payment: ρ = PaymentMethodZLSCH  │  purchase_order: ρ = PurchasingGroupEKKOEKGRP  │  purchase_requisition: ρ = type  │  quotation: ρ = VendorEBANLIFNR,True,,926,927,44.01294498381877,1,1.0010799136069115,2,0.0010787486515642097,0.01790872328134019
"(2, 1, 5, 3, 2, 2, 1)",goods_receipt: ρ = type  │  invoice_receipt: ρ = CreditAmountBSEGWRBTR  │  material: ρ = PlantEKPOWERKS  │  payment: ρ = PaymentMethodZLSCH  │  purchase_order: ρ = VendorEKKOLIFNR  │  purchase_requisition: ρ = type  │  quotation: ρ = PurchasingGroupEBANEKGRP,True,,926,927,44.01294498381877,1,1.0010799136069115,2,0.0010787486515642097,0.01790872328134019
"(2, 1, 5, 3, 3, 1, 2)",goods_receipt: ρ = type  │  invoice_receipt: ρ = CreditAmountBSEGWRBTR  │  material: ρ = PlantEKPOWERKS  │  payment: ρ = PaymentMethodZLSCH  │  purchase_order: ρ = type  │  purchase_requisition: ρ = PurchasingGroupEBANEKGRP  │  quotation: ρ = VendorEBANLIFNR,True,,926,927,44.01294498381877,1,1.0010799136069115,2,0.0010787486515642097,0.01790872328134019
"(2, 1, 5, 4, 1, 1, 2)",goods_receipt: ρ = type  │  invoice_receipt: ρ = CreditAmountBSEGWRBTR  │  material: ρ = PlantEKPOWERKS  │  payment: ρ = type  │  purchase_order: ρ = PurchasingGroupEKKOEKGRP  │  purchase_requisition: ρ = PurchasingGroupEBANEKGRP  │  quotation: ρ = VendorEBANLIFNR,True,,926,927,44.01294498381877,1,1.0010799136069115,2,0.0010787486515642097,0.01790872328134019
"(2, 1, 5, 4, 2, 1, 1)",goods_receipt: ρ = type  │  invoice_receipt: ρ = CreditAmountBSEGWRBTR  │  material: ρ = PlantEKPOWERKS  │  payment: ρ = type  │  purchase_order: ρ = VendorEKKOLIFNR  │  purchase_requisition: ρ = PurchasingGroupEBANEKGRP  │  quotation: ρ = PurchasingGroupEBANEKGRP,True,,926,927,44.01294498381877,1,1.0010799136069115,2,0.0010787486515642097,0.01790872328134019
"(2, 1, 5, 4, 2, 2, 2)",goods_receipt: ρ = type  │  invoice_receipt: ρ = CreditAmountBSEGWRBTR  │  material: ρ = PlantEKPOWERKS  │  payment: ρ = type  │  purchase_order: ρ = VendorEKKOLIFNR  │  purchase_requisition: ρ = type  │  quotation: ρ = VendorEBANLIFNR,True,,926,927,43.1898597626753,1,1.0010799136069115,2,0.0010787486515642097,0.03627479299056413
"(2, 1, 6, 1, 1, 2, 3)",goods_receipt: ρ = type  │  invoice_receipt: ρ = CreditAmountBSEGWRBTR  │  material: ρ = QuantityEKPOMENGE  │  payment: ρ = AmountDMBTR  │  purchase_order: ρ = PurchasingGroupEKKOEKGRP  │  purchase_requisition: ρ = type  │  quotation: ρ = type,True,,919,927,44.0722761596548,1,1.0087051142546246,2,0.008629989212513456,0.01658482572694009
"(2, 1, 6, 1, 3, 1, 3)",goods_receipt: ρ = type  │  invoice_receipt: ρ = CreditAmountBSEGWRBTR  │  material: ρ = QuantityEKPOMENGE  │  payment: ρ = AmountDMBTR  │  purchase_order: ρ = type  │  purchase_requisition: ρ = PurchasingGroupEBANEKGRP  │  quotation: ρ = type,True,,919,927,44.0722761596548,1,1.0087051142546246,2,0.008629989212513456,0.01658482572694009
"(2, 1, 6, 1, 3, 2, 1)",goods_receipt: ρ = type  │  invoice_receipt: ρ = CreditAmountBSEGWRBTR  │  material: ρ = QuantityEKPOMENGE  │  payment: ρ = AmountDMBTR  │  purchase_order: ρ = type  │  purchase_requisition: ρ = type  │  quotation: ρ = PurchasingGroupEBANEKGRP,True,,919,927,44.0722761596548,1,1.0087051142546246,2,0.008629989212513456,0.01658482572694009
"(2, 1, 6, 2, 1, 1, 3)",goods_receipt: ρ = type  │  invoice_receipt: ρ = CreditAmountBSEGWRBTR  │  material: ρ = QuantityEKPOMENGE  │  payment: ρ = AmountDMBTR_band  │  purchase_order: ρ = PurchasingGroupEKKOEKGRP  │  purchase_requisition: ρ = PurchasingGroupEBANEKGRP  │  quotation: ρ = type,True,,919,927,44.33009708737864,1,1.0087051142546246,2,0.008629989212513456,0.010831889081455826
"(2, 1, 6, 2, 1, 2, 1)",goods_receipt: ρ = type  │  invoice_receipt: ρ = CreditAmountBSEGWRBTR  │  material: ρ = QuantityEKPOMENGE  │  payment: ρ = AmountDMBTR_band  │  purchase_order: ρ = PurchasingGroupEKKOEKGRP  │  purchase_requisition: ρ = type  │  quotation: ρ = PurchasingGroupEBANEKGRP,True,,919,927,43.50701186623517,1,1.0087051142546246,2,0.008629989212513456,0.029197958790679657
"(2, 1, 6, 2, 2, 2, 3)",goods_receipt: ρ = type  │  invoice_receipt: ρ = CreditAmountBSEGWRBTR  │  material: ρ = QuantityEKPOMENGE  │  payment: ρ = AmountDMBTR_band  │  purchase_order: ρ = VendorEKKOLIFNR  │  purchase_requisition: ρ = type  │  quotation: ρ = type,True,,926,927,44.33009708737864,1,1.0010799136069115,2,0.0010787486515642097,0.010831889081455826
"(2, 1, 6, 2, 3, 1, 1)",goods_receipt: ρ = type  │  invoice_receipt: ρ = CreditAmountBSEGWRBTR  │  material: ρ = QuantityEKPOMENGE  │  payment: ρ = AmountDMBTR_band  │  purchase_order: ρ = type  │  purchase_requisition: ρ = PurchasingGroupEBANEKGRP  │  quotation: ρ = PurchasingGroupEBANEKGRP,True,,919,927,44.33009708737864,1,1.0087051142546246,2,0.008629989212513456,0.010831889081455826
"(2, 1, 6, 2, 3, 2, 2)",goods_receipt: ρ = type  │  invoice_receipt: ρ = CreditAmountBSEGWRBTR  │  material: ρ = QuantityEKPOMENGE  │  payment: ρ = AmountDMBTR_band  │  purchase_order: ρ = type  │  purchase_requisition: ρ = type  │  quotation: ρ = VendorEBANLIFNR,True,,926,927,44.33009708737864,1,1.0010799136069115,2,0.0010787486515642097,0.010831889081455826
"(2, 1, 6, 3, 1, 1, 3)",goods_receipt: ρ = type  │  invoice_receipt: ρ = CreditAmountBSEGWRBTR  │  material: ρ = QuantityEKPOMENGE  │  payment: ρ = PaymentMethodZLSCH  │  purchase_order: ρ = PurchasingGroupEKKOEKGRP  │  purchase_requisition: ρ = PurchasingGroupEBANEKGRP  │  quotation: ρ = type,True,,924,927,44.33009708737864,1,1.0032467532467533,2,0.003236245954692518,0.010831889081455826
"(2, 1, 6, 3, 1, 2, 1)",goods_receipt: ρ = type  │  invoice_receipt: ρ = CreditAmountBSEGWRBTR  │  material: ρ = QuantityEKPOMENGE  │  payment: ρ = PaymentMethodZLSCH  │  purchase_order: ρ = PurchasingGroupEKKOEKGRP  │  purchase_requisition: ρ = type  │  quotation: ρ = PurchasingGroupEBANEKGRP,True,,924,927,43.50701186623517,1,1.0032467532467533,2,0.003236245954692518,0.029197958790679657
"(2, 1, 6, 3, 2, 2, 3)",goods_receipt: ρ = type  │  invoice_receipt: ρ = CreditAmountBSEGWRBTR  │  material: ρ = QuantityEKPOMENGE  │  payment: ρ = PaymentMethodZLSCH  │  purchase_order: ρ = VendorEKKOLIFNR  │  purchase_requisition: ρ = type  │  quotation: ρ = type,True,,926,927,44.33009708737864,1,1.0010799136069115,2,0.0010787486515642097,0.010831889081455826
"(2, 1, 6, 3, 3, 1, 1)",goods_receipt: ρ = type  │  invoice_receipt: ρ = CreditAmountBSEGWRBTR  │  material: ρ = QuantityEKPOMENGE  │  payment: ρ = PaymentMethodZLSCH  │  purchase_order: ρ = type  │  purchase_requisition: ρ = PurchasingGroupEBANEKGRP  │  quotation: ρ = PurchasingGroupEBANEKGRP,True,,924,927,44.33009708737864,1,1.0032467532467533,2,0.003236245954692518,0.010831889081455826
"(2, 1, 6, 3, 3, 2, 2)",goods_receipt: ρ = type  │  invoice_receipt: ρ = CreditAmountBSEGWRBTR  │  material: ρ = QuantityEKPOMENGE  │  payment: ρ = PaymentMethodZLSCH  │  purchase_order: ρ = type  │  purchase_requisition: ρ = type  │  quotation: ρ = VendorEBANLIFNR,True,,926,927,44.33009708737864,1,1.0010799136069115,2,0.0010787486515642097,0.010831889081455826
"(2, 1, 6, 4, 1, 1, 1)",goods_receipt: ρ = type  │  invoice_receipt: ρ = CreditAmountBSEGWRBTR  │  material: ρ = QuantityEKPOMENGE  │  payment: ρ = type  │  purchase_order: ρ = PurchasingGroupEKKOEKGRP  │  purchase_requisition: ρ = PurchasingGroupEBANEKGRP  │  quotation: ρ = PurchasingGroupEBANEKGRP,True,,919,927,43.50701186623517,1,1.0087051142546246,2,0.008629989212513456,0.029197958790679657
"(2, 1, 6, 4, 2, 1, 3)",goods_receipt: ρ = type  │  invoice_receipt: ρ = CreditAmountBSEGWRBTR  │  material: ρ = QuantityEKPOMENGE  │  payment: ρ = type  │  purchase_order: ρ = VendorEKKOLIFNR  │  purchase_requisition: ρ = PurchasingGroupEBANEKGRP  │  quotation: ρ = type,True,,926,927,44.33009708737864,1,1.0010799136069115,2,0.0010787486515642097,0.010831889081455826
"(2, 1, 6, 4, 1, 2, 2)",goods_receipt: ρ = type  │  invoice_receipt: ρ = CreditAmountBSEGWRBTR  │  material: ρ = QuantityEKPOMENGE  │  payment: ρ = type  │  purchase_order: ρ = PurchasingGroupEKKOEKGRP  │  purchase_requisition: ρ = type  │  quotation: ρ = VendorEBANLIFNR,True,,926,927,44.33009708737864,1,1.0010799136069115,2,0.0010787486515642097,0.010831889081455826
"(2, 1, 6, 4, 2, 2, 1)",goods_receipt: ρ = type  │  invoice_receipt: ρ = CreditAmountBSEGWRBTR  │  material: ρ = QuantityEKPOMENGE  │  payment: ρ = type  │  purchase_order: ρ = VendorEKKOLIFNR  │  purchase_requisition: ρ = type  │  quotation: ρ = PurchasingGroupEBANEKGRP,True,,926,927,44.33009708737864,1,1.0010799136069115,2,0.0010787486515642097,0.010831889081455826
"(2, 1, 6, 4, 3, 1, 2)",goods_receipt: ρ = type  │  invoice_receipt: ρ = CreditAmountBSEGWRBTR  │  material: ρ = QuantityEKPOMENGE  │  payment: ρ = type  │  purchase_order: ρ = type  │  purchase_requisition: ρ = PurchasingGroupEBANEKGRP  │  quotation: ρ = VendorEBANLIFNR,True,,926,927,44.33009708737864,1,1.0010799136069115,2,0.0010787486515642097,0.010831889081455826
"(2, 1, 7, 1, 1, 1, 3)",goods_receipt: ρ = type  │  invoice_receipt: ρ = CreditAmountBSEGWRBTR  │  material: ρ = QuantityEKPOMENGE_band  │  payment: ρ = AmountDMBTR  │  purchase_order: ρ = PurchasingGroupEKKOEKGRP  │  purchase_requisition: ρ = PurchasingGroupEBANEKGRP  │  quotation: ρ = type,True,,919,927,43.54692556634304,1,1.0087051142546246,2,0.008629989212513456,0.028307336799537786
"(2, 1, 7, 1, 1, 2, 1)",goods_receipt: ρ = type  │  invoice_receipt: ρ = CreditAmountBSEGWRBTR  │  material: ρ = QuantityEKPOMENGE_band  │  payment: ρ = AmountDMBTR  │  purchase_order: ρ = PurchasingGroupEKKOEKGRP  │  purchase_requisition: ρ = type  │  quotation: ρ = PurchasingGroupEBANEKGRP,True,,919,927,42.72384034519957,1,1.0087051142546246,2,0.008629989212513456,0.04667340650876173
"(2, 1, 7, 1, 2, 2, 3)",goods_receipt: ρ = type  │  invoice_receipt: ρ = CreditAmountBSEGWRBTR  │  material: ρ = QuantityEKPOMENGE_band  │  payment: ρ = AmountDMBTR  │  purchase_order: ρ = VendorEKKOLIFNR  │  purchase_requisition: ρ = type  │  quotation: ρ = type,True,,926,927,43.54692556634304,1,1.0010799136069115,2,0.0010787486515642097,0.028307336799537786
"(2, 1, 7, 1, 3, 1, 1)",goods_receipt: ρ = type  │  invoice_receipt: ρ = CreditAmountBSEGWRBTR  │  material: ρ = QuantityEKPOMENGE_band  │  payment: ρ = AmountDMBTR  │  purchase_order: ρ = type  │  purchase_requisition: ρ = PurchasingGroupEBANEKGRP  │  quotation: ρ = PurchasingGroupEBANEKGRP,True,,919,927,43.54692556634304,1,1.0087051142546246,2,0.008629989212513456,0.028307336799537786
"(2, 1, 7, 1, 3, 2, 2)",goods_receipt: ρ = type  │  invoice_receipt: ρ = CreditAmountBSEGWRBTR  │  material: ρ = QuantityEKPOMENGE_band  │  payment: ρ = AmountDMBTR  │  purchase_order: ρ = type  │  purchase_requisition: ρ = type  │  quotation: ρ = VendorEBANLIFNR,True,,926,927,43.54692556634304,1,1.0010799136069115,2,0.0010787486515642097,0.028307336799537786
"(2, 1, 7, 2, 1, 1, 1)",goods_receipt: ρ = type  │  invoice_receipt: ρ = CreditAmountBSEGWRBTR  │  material: ρ = QuantityEKPOMENGE_band  │  payment: ρ = AmountDMBTR_band  │  purchase_order: ρ = PurchasingGroupEKKOEKGRP  │  purchase_requisition: ρ = PurchasingGroupEBANEKGRP  │  quotation: ρ = PurchasingGroupEBANEKGRP,True,,919,927,42.98166127292341,1,1.0087051142546246,2,0.008629989212513456,0.04092046986327735
"(2, 1, 7, 2, 2, 1, 3)",goods_receipt: ρ = type  │  invoice_receipt: ρ = CreditAmountBSEGWRBTR  │  material: ρ = QuantityEKPOMENGE_band  │  payment: ρ = AmountDMBTR_band  │  purchase_order: ρ = VendorEKKOLIFNR  │  purchase_requisition: ρ = PurchasingGroupEBANEKGRP  │  quotation: ρ = type,True,,926,927,43.80474649406688,1,1.0010799136069115,2,0.0010787486515642097,0.022554400154053522
"(2, 1, 7, 2, 1, 2, 2)",goods_receipt: ρ = type  │  invoice_receipt: ρ = CreditAmountBSEGWRBTR  │  material: ρ = QuantityEKPOMENGE_band  │  payment: ρ = AmountDMBTR_band  │  purchase_order: ρ = PurchasingGroupEKKOEKGRP  │  purchase_requisition: ρ = type  │  quotation: ρ = VendorEBANLIFNR,True,,926,927,43.80474649406688,1,1.0010799136069115,2,0.0010787486515642097,0.022554400154053522
"(2, 1, 7, 2, 2, 2, 1)",goods_receipt: ρ = type  │  invoice_receipt: ρ = CreditAmountBSEGWRBTR  │  material: ρ = QuantityEKPOMENGE_band  │  payment: ρ = AmountDMBTR_band  │  purchase_order: ρ = VendorEKKOLIFNR  │  purchase_requisition: ρ = type  │  quotation: ρ = PurchasingGroupEBANEKGRP,True,,926,927,43.80474649406688,1,1.0010799136069115,2,0.0010787486515642097,0.022554400154053522
"(2, 1, 7, 2, 3, 1, 2)",goods_receipt: ρ = type  │  invoice_receipt: ρ = CreditAmountBSEGWRBTR  │  material: ρ = QuantityEKPOMENGE_band  │  payment: ρ = AmountDMBTR_band  │  purchase_order: ρ = type  │  purchase_requisition: ρ = PurchasingGroupEBANEKGRP  │  quotation: ρ = VendorEBANLIFNR,True,,926,927,43.80474649406688,1,1.0010799136069115,2,0.0010787486515642097,0.022554400154053522
"(2, 1, 7, 3, 1, 1, 1)",goods_receipt: ρ = type  │  invoice_receipt: ρ = CreditAmountBSEGWRBTR  │  material: ρ = QuantityEKPOMENGE_band  │  payment: ρ = PaymentMethodZLSCH  │  purchase_order: ρ = PurchasingGroupEKKOEKGRP  │  purchase_requisition: ρ = PurchasingGroupEBANEKGRP  │  quotation: ρ = PurchasingGroupEBANEKGRP,True,,924,927,42.98166127292341,1,1.0032467532467533,2,0.003236245954692518,0.04092046986327735
"(2, 1, 7, 3, 2, 1, 3)",goods_receipt: ρ = type  │  invoice_receipt: ρ = CreditAmountBSEGWRBTR  │  material: ρ = QuantityEKPOMENGE_band  │  payment: ρ = PaymentMethodZLSCH  │  purchase_order: ρ = VendorEKKOLIFNR  │  purchase_requisition: ρ = PurchasingGroupEBANEKGRP  │  quotation: ρ = type,True,,926,927,43.80474649406688,1,1.0010799136069115,2,0.0010787486515642097,0.022554400154053522
"(2, 1, 7, 3, 1, 2, 2)",goods_receipt: ρ = type  │  invoice_receipt: ρ = CreditAmountBSEGWRBTR  │  material: ρ = QuantityEKPOMENGE_band  │  payment: ρ = PaymentMethodZLSCH  │  purchase_order: ρ = PurchasingGroupEKKOEKGRP  │  purchase_requisition: ρ = type  │  quotation: ρ = VendorEBANLIFNR,True,,926,927,43.80474649406688,1,1.0010799136069115,2,0.0010787486515642097,0.022554400154053522
"(2, 1, 7, 3, 2, 2, 1)",goods_receipt: ρ = type  │  invoice_receipt: ρ = CreditAmountBSEGWRBTR  │  material: ρ = QuantityEKPOMENGE_band  │  payment: ρ = PaymentMethodZLSCH  │  purchase_order: ρ = VendorEKKOLIFNR  │  purchase_requisition: ρ = type  │  quotation: ρ = PurchasingGroupEBANEKGRP,True,,926,927,43.80474649406688,1,1.0010799136069115,2,0.0010787486515642097,0.022554400154053522
"(2, 1, 7, 3, 3, 1, 2)",goods_receipt: ρ = type  │  invoice_receipt: ρ = CreditAmountBSEGWRBTR  │  material: ρ = QuantityEKPOMENGE_band  │  payment: ρ = PaymentMethodZLSCH  │  purchase_order: ρ = type  │  purchase_requisition: ρ = PurchasingGroupEBANEKGRP  │  quotation: ρ = VendorEBANLIFNR,True,,926,927,43.80474649406688,1,1.0010799136069115,2,0.0010787486515642097,0.022554400154053522
"(2, 1, 7, 4, 1, 1, 2)",goods_receipt: ρ = type  │  invoice_receipt: ρ = CreditAmountBSEGWRBTR  │  material: ρ = QuantityEKPOMENGE_band  │  payment: ρ = type  │  purchase_order: ρ = PurchasingGroupEKKOEKGRP  │  purchase_requisition: ρ = PurchasingGroupEBANEKGRP  │  quotation: ρ = VendorEBANLIFNR,True,,926,927,43.80474649406688,1,1.0010799136069115,2,0.0010787486515642097,0.022554400154053522
"(2, 1, 7, 4, 2, 1, 1)",goods_receipt: ρ = type  │  invoice_receipt: ρ = CreditAmountBSEGWRBTR  │  material: ρ = QuantityEKPOMENGE_band  │  payment: ρ = type  │  purchase_order: ρ = VendorEKKOLIFNR  │  purchase_requisition: ρ = PurchasingGroupEBANEKGRP  │  quotation: ρ = PurchasingGroupEBANEKGRP,True,,926,927,43.80474649406688,1,1.0010799136069115,2,0.0010787486515642097,0.022554400154053522
"(2, 1, 7, 4, 2, 2, 2)",goods_receipt: ρ = type  │  invoice_receipt: ρ = CreditAmountBSEGWRBTR  │  material: ρ = QuantityEKPOMENGE_band  │  payment: ρ = type  │  purchase_order: ρ = VendorEKKOLIFNR  │  purchase_requisition: ρ = type  │  quotation: ρ = VendorEBANLIFNR,True,,926,927,42.98166127292341,1,1.0010799136069115,2,0.0010787486515642097,0.04092046986327735
"(2, 1, 8, 1, 1, 1, 3)",goods_receipt: ρ = type  │  invoice_receipt: ρ = CreditAmountBSEGWRBTR  │  material: ρ = StorageLocationEKPOLGORT  │  payment: ρ = AmountDMBTR  │  purchase_order: ρ = PurchasingGroupEKKOEKGRP  │  purchase_requisition: ρ = PurchasingGroupEBANEKGRP  │  quotation: ρ = type,True,,926,927,43.75512405609493,1,1.0010799136069115,2,0.0010787486515642097,0.023661659926824563
"(2, 1, 8, 1, 1, 2, 1)",goods_receipt: ρ = type  │  invoice_receipt: ρ = CreditAmountBSEGWRBTR  │  material: ρ = StorageLocationEKPOLGORT  │  payment: ρ = AmountDMBTR  │  purchase_order: ρ = PurchasingGroupEKKOEKGRP  │  purchase_requisition: ρ = type  │  quotation: ρ = PurchasingGroupEBANEKGRP,True,,926,927,42.932038834951456,1,1.0010799136069115,2,0.0010787486515642097,0.042027729636048505
"(2, 1, 8, 1, 3, 1, 1)",goods_receipt: ρ = type  │  invoice_receipt: ρ = CreditAmountBSEGWRBTR  │  material: ρ = StorageLocationEKPOLGORT  │  payment: ρ = AmountDMBTR  │  purchase_order: ρ = type  │  purchase_requisition: ρ = PurchasingGroupEBANEKGRP  │  quotation: ρ = PurchasingGroupEBANEKGRP,True,,926,927,43.75512405609493,1,1.0010799136069115,2,0.0010787486515642097,0.023661659926824563
"(2, 1, 8, 2, 1, 1, 1)",goods_receipt: ρ = type  │  invoice_receipt: ρ = CreditAmountBSEGWRBTR  │  material: ρ = StorageLocationEKPOLGORT  │  payment: ρ = AmountDMBTR_band  │  purchase_order: ρ = PurchasingGroupEKKOEKGRP  │  purchase_requisition: ρ = PurchasingGroupEBANEKGRP  │  quotation: ρ = PurchasingGroupEBANEKGRP,True,,926,927,43.1898597626753,1,1.0010799136069115,2,0.0010787486515642097,0.03627479299056413
"(2, 1, 9, 1, 1, 1, 1)",goods_receipt: ρ = type  │  invoice_receipt: ρ = CreditAmountBSEGWRBTR  │  material: ρ = type  │  payment: ρ = AmountDMBTR  │  purchase_order: ρ = PurchasingGroupEKKOEKGRP  │  purchase_requisition: ρ = PurchasingGroupEBANEKGRP  │  quotation: ρ = PurchasingGroupEBANEKGRP,True,,918,927,42.11003236245955,1,1.0098039215686274,2,0.009708737864077666,0.06036972848064692
"(2, 1, 9, 1, 2, 1, 3)",goods_receipt: ρ = type  │  invoice_receipt: ρ = CreditAmountBSEGWRBTR  │  material: ρ = type  │  payment: ρ = AmountDMBTR  │  purchase_order: ρ = VendorEKKOLIFNR  │  purchase_requisition: ρ = PurchasingGroupEBANEKGRP  │  quotation: ρ = type,True,,926,927,42.93311758360302,1,1.0010799136069115,2,0.0010787486515642097,0.04200365877142298
"(2, 1, 9, 1, 1, 2, 2)",goods_receipt: ρ = type  │  invoice_receipt: ρ = CreditAmountBSEGWRBTR  │  material: ρ = type  │  payment: ρ = AmountDMBTR  │  purchase_order: ρ = PurchasingGroupEKKOEKGRP  │  purchase_requisition: ρ = type  │  quotation: ρ = VendorEBANLIFNR,True,,926,927,42.93311758360302,1,1.0010799136069115,2,0.0010787486515642097,0.04200365877142298
"(2, 1, 9, 1, 2, 2, 1)",goods_receipt: ρ = type  │  invoice_receipt: ρ = CreditAmountBSEGWRBTR  │  material: ρ = type  │  payment: ρ = AmountDMBTR  │  purchase_order: ρ = VendorEKKOLIFNR  │  purchase_requisition: ρ = type  │  quotation: ρ = PurchasingGroupEBANEKGRP,True,,926,927,42.93311758360302,1,1.0010799136069115,2,0.0010787486515642097,0.04200365877142298
"(2, 1, 9, 1, 3, 1, 2)",goods_receipt: ρ = type  │  invoice_receipt: ρ = CreditAmountBSEGWRBTR  │  material: ρ = type  │  payment: ρ = AmountDMBTR  │  purchase_order: ρ = type  │  purchase_requisition: ρ = PurchasingGroupEBANEKGRP  │  quotation: ρ = VendorEBANLIFNR,True,,926,927,42.93311758360302,1,1.0010799136069115,2,0.0010787486515642097,0.04200365877142298
"(2, 1, 9, 2, 1, 1, 2)",goods_receipt: ρ = type  │  invoice_receipt: ρ = CreditAmountBSEGWRBTR  │  material: ρ = type  │  payment: ρ = AmountDMBTR_band  │  purchase_order: ρ = PurchasingGroupEKKOEKGRP  │  purchase_requisition: ρ = PurchasingGroupEBANEKGRP  │  quotation: ρ = VendorEBANLIFNR,True,,926,927,43.19093851132686,1,1.0010799136069115,2,0.0010787486515642097,0.03625072212593872
"(2, 1, 9, 2, 2, 1, 1)",goods_receipt: ρ = type  │  invoice_receipt: ρ = CreditAmountBSEGWRBTR  │  material: ρ = type  │  payment: ρ = AmountDMBTR_band  │  purchase_order: ρ = VendorEKKOLIFNR  │  purchase_requisition: ρ = PurchasingGroupEBANEKGRP  │  quotation: ρ = PurchasingGroupEBANEKGRP,True,,926,927,43.19093851132686,1,1.0010799136069115,2,0.0010787486515642097,0.03625072212593872
"(2, 1, 9, 2, 2, 2, 2)",goods_receipt: ρ = type  │  invoice_receipt: ρ = CreditAmountBSEGWRBTR  │  material: ρ = type  │  payment: ρ = AmountDMBTR_band  │  purchase_order: ρ = VendorEKKOLIFNR  │  purchase_requisition: ρ = type  │  quotation: ρ = VendorEBANLIFNR,True,,926,927,42.36785329018339,1,1.0010799136069115,2,0.0010787486515642097,0.05461679183516266
"(2, 1, 9, 3, 1, 1, 2)",goods_receipt: ρ = type  │  invoice_receipt: ρ = CreditAmountBSEGWRBTR  │  material: ρ = type  │  payment: ρ = PaymentMethodZLSCH  │  purchase_order: ρ = PurchasingGroupEKKOEKGRP  │  purchase_requisition: ρ = PurchasingGroupEBANEKGRP  │  quotation: ρ = VendorEBANLIFNR,True,,926,927,43.19093851132686,1,1.0010799136069115,2,0.0010787486515642097,0.03625072212593872
"(2, 1, 9, 3, 2, 1, 1)",goods_receipt: ρ = type  │  invoice_receipt: ρ = CreditAmountBSEGWRBTR  │  material: ρ = type  │  payment: ρ = PaymentMethodZLSCH  │  purchase_order: ρ = VendorEKKOLIFNR  │  purchase_requisition: ρ = PurchasingGroupEBANEKGRP  │  quotation: ρ = PurchasingGroupEBANEKGRP,True,,926,927,43.19093851132686,1,1.0010799136069115,2,0.0010787486515642097,0.03625072212593872
"(2, 1, 9, 3, 2, 2, 2)",goods_receipt: ρ = type  │  invoice_receipt: ρ = CreditAmountBSEGWRBTR  │  material: ρ = type  │  payment: ρ = PaymentMethodZLSCH  │  purchase_order: ρ = VendorEKKOLIFNR  │  purchase_requisition: ρ = type  │  quotation: ρ = VendorEBANLIFNR,True,,926,927,42.36785329018339,1,1.0010799136069115,2,0.0010787486515642097,0.05461679183516266
"(2, 1, 9, 4, 2, 1, 2)",goods_receipt: ρ = type  │  invoice_receipt: ρ = CreditAmountBSEGWRBTR  │  material: ρ = type  │  payment: ρ = type  │  purchase_order: ρ = VendorEKKOLIFNR  │  purchase_requisition: ρ = PurchasingGroupEBANEKGRP  │  quotation: ρ = VendorEBANLIFNR,True,,926,927,42.36785329018339,1,1.0010799136069115,2,0.0010787486515642097,0.05461679183516266
"(2, 2, 2, 1, 1, 2, 3)",goods_receipt: ρ = type  │  invoice_receipt: ρ = CreditAmountBSEGWRBTR_band  │  material: ρ = MaterialEKPOMATNR  │  payment: ρ = AmountDMBTR  │  purchase_order: ρ = PurchasingGroupEKKOEKGRP  │  purchase_requisition: ρ = type  │  quotation: ρ = type,True,,922,927,44.353829557713055,1,1.0054229934924077,2,0.005393743257820938,0.010302330059695608
"(2, 2, 2, 1, 3, 1, 3)",goods_receipt: ρ = type  │  invoice_receipt: ρ = CreditAmountBSEGWRBTR_band  │  material: ρ = MaterialEKPOMATNR  │  payment: ρ = AmountDMBTR  │  purchase_order: ρ = type  │  purchase_requisition: ρ = PurchasingGroupEBANEKGRP  │  quotation: ρ = type,True,,922,927,44.353829557713055,1,1.0054229934924077,2,0.005393743257820938,0.010302330059695608
"(2, 2, 2, 1, 3, 2, 1)",goods_receipt: ρ = type  │  invoice_receipt: ρ = CreditAmountBSEGWRBTR_band  │  material: ρ = MaterialEKPOMATNR  │  payment: ρ = AmountDMBTR  │  purchase_order: ρ = type  │  purchase_requisition: ρ = type  │  quotation: ρ = PurchasingGroupEBANEKGRP,True,,922,927,44.353829557713055,1,1.0054229934924077,2,0.005393743257820938,0.010302330059695608
"(2, 2, 2, 2, 1, 1, 3)",goods_receipt: ρ = type  │  invoice_receipt: ρ = CreditAmountBSEGWRBTR_band  │  material: ρ = MaterialEKPOMATNR  │  payment: ρ = AmountDMBTR_band  │  purchase_order: ρ = PurchasingGroupEKKOEKGRP  │  purchase_requisition: ρ = PurchasingGroupEBANEKGRP  │  quotation: ρ = type,True,,778,927,44.096008629989214,1,1.1915167095115682,12,0.1607335490830637,0.016055266705179982
"(2, 2, 2, 2, 1, 2, 1)",goods_receipt: ρ = type  │  invoice_receipt: ρ = CreditAmountBSEGWRBTR_band  │  material: ρ = MaterialEKPOMATNR  │  payment: ρ = AmountDMBTR_band  │  purchase_order: ρ = PurchasingGroupEKKOEKGRP  │  purchase_requisition: ρ = type  │  quotation: ρ = PurchasingGroupEBANEKGRP,True,,778,927,43.27292340884574,1,1.1915167095115682,12,0.1607335490830637,0.034421336414403925
"(2, 2, 2, 2, 2, 2, 3)",goods_receipt: ρ = type  │  invoice_receipt: ρ = CreditAmountBSEGWRBTR_band  │  material: ρ = MaterialEKPOMATNR  │  payment: ρ = AmountDMBTR_band  │  purchase_order: ρ = VendorEKKOLIFNR  │  purchase_requisition: ρ = type  │  quotation: ρ = type,True,,895,927,44.096008629989214,1,1.035754189944134,4,0.034519956850053934,0.016055266705179982
"(2, 2, 2, 2, 3, 1, 1)",goods_receipt: ρ = type  │  invoice_receipt: ρ = CreditAmountBSEGWRBTR_band  │  material: ρ = MaterialEKPOMATNR  │  payment: ρ = AmountDMBTR_band  │  purchase_order: ρ = type  │  purchase_requisition: ρ = PurchasingGroupEBANEKGRP  │  quotation: ρ = PurchasingGroupEBANEKGRP,True,,778,927,44.096008629989214,1,1.1915167095115682,12,0.1607335490830637,0.016055266705179982
"(2, 2, 2, 2, 3, 2, 2)",goods_receipt: ρ = type  │  invoice_receipt: ρ = CreditAmountBSEGWRBTR_band  │  material: ρ = MaterialEKPOMATNR  │  payment: ρ = AmountDMBTR_band  │  purchase_order: ρ = type  │  purchase_requisition: ρ = type  │  quotation: ρ = VendorEBANLIFNR,True,,895,927,44.096008629989214,1,1.035754189944134,4,0.034519956850053934,0.016055266705179982
"(2, 2, 2, 3, 1, 1, 3)",goods_receipt: ρ = type  │  invoice_receipt: ρ = CreditAmountBSEGWRBTR_band  │  material: ρ = MaterialEKPOMATNR  │  payment: ρ = PaymentMethodZLSCH  │  purchase_order: ρ = PurchasingGroupEKKOEKGRP  │  purchase_requisition: ρ = PurchasingGroupEBANEKGRP  │  quotation: ρ = type,True,,841,927,44.353829557713055,1,1.1022592152199762,6,0.09277238403451993,0.010302330059695608
"(2, 2, 2, 3, 1, 2, 1)",goods_receipt: ρ = type  │  invoice_receipt: ρ = CreditAmountBSEGWRBTR_band  │  material: ρ = MaterialEKPOMATNR  │  payment: ρ = PaymentMethodZLSCH  │  purchase_order: ρ = PurchasingGroupEKKOEKGRP  │  purchase_requisition: ρ = type  │  quotation: ρ = PurchasingGroupEBANEKGRP,True,,841,927,43.530744336569576,1,1.1022592152199762,6,0.09277238403451993,0.028668399768919772
"(2, 2, 2, 3, 2, 2, 3)",goods_receipt: ρ = type  │  invoice_receipt: ρ = CreditAmountBSEGWRBTR_band  │  material: ρ = MaterialEKPOMATNR  │  payment: ρ = PaymentMethodZLSCH  │  purchase_order: ρ = VendorEKKOLIFNR  │  purchase_requisition: ρ = type  │  quotation: ρ = type,True,,915,927,44.353829557713055,1,1.0131147540983607,3,0.012944983818770184,0.010302330059695608
"(2, 2, 2, 3, 3, 1, 1)",goods_receipt: ρ = type  │  invoice_receipt: ρ = CreditAmountBSEGWRBTR_band  │  material: ρ = MaterialEKPOMATNR  │  payment: ρ = PaymentMethodZLSCH  │  purchase_order: ρ = type  │  purchase_requisition: ρ = PurchasingGroupEBANEKGRP  │  quotation: ρ = PurchasingGroupEBANEKGRP,True,,841,927,44.353829557713055,1,1.1022592152199762,6,0.09277238403451993,0.010302330059695608
"(2, 2, 2, 3, 3, 2, 2)",goods_receipt: ρ = type  │  invoice_receipt: ρ = CreditAmountBSEGWRBTR_band  │  material: ρ = MaterialEKPOMATNR  │  payment: ρ = PaymentMethodZLSCH  │  purchase_order: ρ = type  │  purchase_requisition: ρ = type  │  quotation: ρ = VendorEBANLIFNR,True,,915,927,44.353829557713055,1,1.0131147540983607,3,0.012944983818770184,0.010302330059695608
"(2, 2, 2, 4, 1, 1, 1)",goods_receipt: ρ = type  │  invoice_receipt: ρ = CreditAmountBSEGWRBTR_band  │  material: ρ = MaterialEKPOMATNR  │  payment: ρ = type  │  purchase_order: ρ = PurchasingGroupEKKOEKGRP  │  purchase_requisition: ρ = PurchasingGroupEBANEKGRP  │  quotation: ρ = PurchasingGroupEBANEKGRP,True,,776,927,43.530744336569576,1,1.1945876288659794,12,0.162891046386192,0.028668399768919772
"(2, 2, 2, 4, 2, 1, 3)",goods_receipt: ρ = type  │  invoice_receipt: ρ = CreditAmountBSEGWRBTR_band  │  material: ρ = MaterialEKPOMATNR  │  payment: ρ = type  │  purchase_order: ρ = VendorEKKOLIFNR  │  purchase_requisition: ρ = PurchasingGroupEBANEKGRP  │  quotation: ρ = type,True,,894,927,44.353829557713055,1,1.0369127516778522,4,0.035598705501618144,0.010302330059695608
"(2, 2, 2, 4, 1, 2, 2)",goods_receipt: ρ = type  │  invoice_receipt: ρ = CreditAmountBSEGWRBTR_band  │  material: ρ = MaterialEKPOMATNR  │  payment: ρ = type  │  purchase_order: ρ = PurchasingGroupEKKOEKGRP  │  purchase_requisition: ρ = type  │  quotation: ρ = VendorEBANLIFNR,True,,894,927,44.353829557713055,1,1.0369127516778522,4,0.035598705501618144,0.010302330059695608
"(2, 2, 2, 4, 2, 2, 1)",goods_receipt: ρ = type  │  invoice_receipt: ρ = CreditAmountBSEGWRBTR_band  │  material: ρ = MaterialEKPOMATNR  │  payment: ρ = type  │  purchase_order: ρ = VendorEKKOLIFNR  │  purchase_requisition: ρ = type  │  quotation: ρ = PurchasingGroupEBANEKGRP,True,,894,927,44.353829557713055,1,1.0369127516778522,4,0.035598705501618144,0.010302330059695608
"(2, 2, 2, 4, 3, 1, 2)",goods_receipt: ρ = type  │  invoice_receipt: ρ = CreditAmountBSEGWRBTR_band  │  material: ρ = MaterialEKPOMATNR  │  payment: ρ = type  │  purchase_order: ρ = type  │  purchase_requisition: ρ = PurchasingGroupEBANEKGRP  │  quotation: ρ = VendorEBANLIFNR,True,,894,927,44.353829557713055,1,1.0369127516778522,4,0.035598705501618144,0.010302330059695608
"(2, 2, 3, 1, 1, 1, 3)",goods_receipt: ρ = type  │  invoice_receipt: ρ = CreditAmountBSEGWRBTR_band  │  material: ρ = NetPriceEKPONETPR  │  payment: ρ = AmountDMBTR  │  purchase_order: ρ = PurchasingGroupEKKOEKGRP  │  purchase_requisition: ρ = PurchasingGroupEBANEKGRP  │  quotation: ρ = type,True,,919,927,44.13484358144552,1,1.0087051142546246,2,0.008629989212513456,0.015188715578663525
"(2, 2, 3, 1, 1, 2, 1)",goods_receipt: ρ = type  │  invoice_receipt: ρ = CreditAmountBSEGWRBTR_band  │  material: ρ = NetPriceEKPONETPR  │  payment: ρ = AmountDMBTR  │  purchase_order: ρ = PurchasingGroupEKKOEKGRP  │  purchase_requisition: ρ = type  │  quotation: ρ = PurchasingGroupEBANEKGRP,True,,919,927,43.31175836030205,1,1.0087051142546246,2,0.008629989212513456,0.03355478528788747
"(2, 2, 3, 1, 2, 2, 3)",goods_receipt: ρ = type  │  invoice_receipt: ρ = CreditAmountBSEGWRBTR_band  │  material: ρ = NetPriceEKPONETPR  │  payment: ρ = AmountDMBTR  │  purchase_order: ρ = VendorEKKOLIFNR  │  purchase_requisition: ρ = type  │  quotation: ρ = type,True,,926,927,44.13484358144552,1,1.0010799136069115,2,0.0010787486515642097,0.015188715578663525
"(2, 2, 3, 1, 3, 1, 1)",goods_receipt: ρ = type  │  invoice_receipt: ρ = CreditAmountBSEGWRBTR_band  │  material: ρ = NetPriceEKPONETPR  │  payment: ρ = AmountDMBTR  │  purchase_order: ρ = type  │  purchase_requisition: ρ = PurchasingGroupEBANEKGRP  │  quotation: ρ = PurchasingGroupEBANEKGRP,True,,919,927,44.13484358144552,1,1.0087051142546246,2,0.008629989212513456,0.015188715578663525
"(2, 2, 3, 1, 3, 2, 2)",goods_receipt: ρ = type  │  invoice_receipt: ρ = CreditAmountBSEGWRBTR_band  │  material: ρ = NetPriceEKPONETPR  │  payment: ρ = AmountDMBTR  │  purchase_order: ρ = type  │  purchase_requisition: ρ = type  │  quotation: ρ = VendorEBANLIFNR,True,,926,927,44.13484358144552,1,1.0010799136069115,2,0.0010787486515642097,0.015188715578663525
"(2, 2, 3, 2, 1, 1, 1)",goods_receipt: ρ = type  │  invoice_receipt: ρ = CreditAmountBSEGWRBTR_band  │  material: ρ = NetPriceEKPONETPR  │  payment: ρ = AmountDMBTR_band  │  purchase_order: ρ = PurchasingGroupEKKOEKGRP  │  purchase_requisition: ρ = PurchasingGroupEBANEKGRP  │  quotation: ρ = PurchasingGroupEBANEKGRP,True,,739,927,43.05393743257821,1,1.2543978349120433,12,0.20280474649406688,0.03930772193337184
"(2, 2, 3, 2, 2, 1, 3)",goods_receipt: ρ = type  │  invoice_receipt: ρ = CreditAmountBSEGWRBTR_band  │  material: ρ = NetPriceEKPONETPR  │  payment: ρ = AmountDMBTR_band  │  purchase_order: ρ = VendorEKKOLIFNR  │  purchase_requisition: ρ = PurchasingGroupEBANEKGRP  │  quotation: ρ = type,True,,878,927,43.87702265372168,1,1.0558086560364466,5,0.052858683926645056,0.0209416522241479
"(2, 2, 3, 2, 1, 2, 2)",goods_receipt: ρ = type  │  invoice_receipt: ρ = CreditAmountBSEGWRBTR_band  │  material: ρ = NetPriceEKPONETPR  │  payment: ρ = AmountDMBTR_band  │  purchase_order: ρ = PurchasingGroupEKKOEKGRP  │  purchase_requisition: ρ = type  │  quotation: ρ = VendorEBANLIFNR,True,,878,927,43.87702265372168,1,1.0558086560364466,5,0.052858683926645056,0.0209416522241479
"(2, 2, 3, 2, 2, 2, 1)",goods_receipt: ρ = type  │  invoice_receipt: ρ = CreditAmountBSEGWRBTR_band  │  material: ρ = NetPriceEKPONETPR  │  payment: ρ = AmountDMBTR_band  │  purchase_order: ρ = VendorEKKOLIFNR  │  purchase_requisition: ρ = type  │  quotation: ρ = PurchasingGroupEBANEKGRP,True,,878,927,43.87702265372168,1,1.0558086560364466,5,0.052858683926645056,0.0209416522241479
"(2, 2, 3, 2, 3, 1, 2)",goods_receipt: ρ = type  │  invoice_receipt: ρ = CreditAmountBSEGWRBTR_band  │  material: ρ = NetPriceEKPONETPR  │  payment: ρ = AmountDMBTR_band  │  purchase_order: ρ = type  │  purchase_requisition: ρ = PurchasingGroupEBANEKGRP  │  quotation: ρ = VendorEBANLIFNR,True,,878,927,43.87702265372168,1,1.0558086560364466,5,0.052858683926645056,0.0209416522241479
"(2, 2, 3, 3, 1, 1, 1)",goods_receipt: ρ = type  │  invoice_receipt: ρ = CreditAmountBSEGWRBTR_band  │  material: ρ = NetPriceEKPONETPR  │  payment: ρ = PaymentMethodZLSCH  │  purchase_order: ρ = PurchasingGroupEKKOEKGRP  │  purchase_requisition: ρ = PurchasingGroupEBANEKGRP  │  quotation: ρ = PurchasingGroupEBANEKGRP,True,,806,927,43.31175836030205,1,1.150124069478908,6,0.1305285868392665,0.03355478528788747
"(2, 2, 3, 3, 2, 1, 3)",goods_receipt: ρ = type  │  invoice_receipt: ρ = CreditAmountBSEGWRBTR_band  │  material: ρ = NetPriceEKPONETPR  │  payment: ρ = PaymentMethodZLSCH  │  purchase_order: ρ = VendorEKKOLIFNR  │  purchase_requisition: ρ = PurchasingGroupEBANEKGRP  │  quotation: ρ = type,True,,907,927,44.13484358144552,1,1.022050716648291,3,0.02157497303128375,0.015188715578663525
"(2, 2, 3, 3, 1, 2, 2)",goods_receipt: ρ = type  │  invoice_receipt: ρ = CreditAmountBSEGWRBTR_band  │  material: ρ = NetPriceEKPONETPR  │  payment: ρ = PaymentMethodZLSCH  │  purchase_order: ρ = PurchasingGroupEKKOEKGRP  │  purchase_requisition: ρ = type  │  quotation: ρ = VendorEBANLIFNR,True,,907,927,44.13484358144552,1,1.022050716648291,3,0.02157497303128375,0.015188715578663525
"(2, 2, 3, 3, 2, 2, 1)",goods_receipt: ρ = type  │  invoice_receipt: ρ = CreditAmountBSEGWRBTR_band  │  material: ρ = NetPriceEKPONETPR  │  payment: ρ = PaymentMethodZLSCH  │  purchase_order: ρ = VendorEKKOLIFNR  │  purchase_requisition: ρ = type  │  quotation: ρ = PurchasingGroupEBANEKGRP,True,,907,927,44.13484358144552,1,1.022050716648291,3,0.02157497303128375,0.015188715578663525
"(2, 2, 3, 3, 3, 1, 2)",goods_receipt: ρ = type  │  invoice_receipt: ρ = CreditAmountBSEGWRBTR_band  │  material: ρ = NetPriceEKPONETPR  │  payment: ρ = PaymentMethodZLSCH  │  purchase_order: ρ = type  │  purchase_requisition: ρ = PurchasingGroupEBANEKGRP  │  quotation: ρ = VendorEBANLIFNR,True,,907,927,44.13484358144552,1,1.022050716648291,3,0.02157497303128375,0.015188715578663525
"(2, 2, 3, 4, 1, 1, 2)",goods_receipt: ρ = type  │  invoice_receipt: ρ = CreditAmountBSEGWRBTR_band  │  material: ρ = NetPriceEKPONETPR  │  payment: ρ = type  │  purchase_order: ρ = PurchasingGroupEKKOEKGRP  │  purchase_requisition: ρ = PurchasingGroupEBANEKGRP  │  quotation: ρ = VendorEBANLIFNR,True,,877,927,44.13484358144552,1,1.057012542759407,5,0.053937432578209266,0.015188715578663525
"(2, 2, 3, 4, 2, 1, 1)",goods_receipt: ρ = type  │  invoice_receipt: ρ = CreditAmountBSEGWRBTR_band  │  material: ρ = NetPriceEKPONETPR  │  payment: ρ = type  │  purchase_order: ρ = VendorEKKOLIFNR  │  purchase_requisition: ρ = PurchasingGroupEBANEKGRP  │  quotation: ρ = PurchasingGroupEBANEKGRP,True,,877,927,44.13484358144552,1,1.057012542759407,5,0.053937432578209266,0.015188715578663525
"(2, 2, 3, 4, 2, 2, 2)",goods_receipt: ρ = type  │  invoice_receipt: ρ = CreditAmountBSEGWRBTR_band  │  material: ρ = NetPriceEKPONETPR  │  payment: ρ = type  │  purchase_order: ρ = VendorEKKOLIFNR  │  purchase_requisition: ρ = type  │  quotation: ρ = VendorEBANLIFNR,True,,877,927,43.31175836030205,1,1.057012542759407,5,0.053937432578209266,0.03355478528788747
"(2, 2, 4, 1, 1, 1, 1)",goods_receipt: ρ = type  │  invoice_receipt: ρ = CreditAmountBSEGWRBTR_band  │  material: ρ = NetPriceEKPONETPR_band  │  payment: ρ = AmountDMBTR  │  purchase_order: ρ = PurchasingGroupEKKOEKGRP  │  purchase_requisition: ρ = PurchasingGroupEBANEKGRP  │  quotation: ρ = PurchasingGroupEBANEKGRP,True,,918,927,42.52211434735707,1,1.0098039215686274,2,0.009708737864077666,0.051174658193722244
"(2, 2, 4, 1, 2, 1, 3)",goods_receipt: ρ = type  │  invoice_receipt: ρ = CreditAmountBSEGWRBTR_band  │  material: ρ = NetPriceEKPONETPR_band  │  payment: ρ = AmountDMBTR  │  purchase_order: ρ = VendorEKKOLIFNR  │  purchase_requisition: ρ = PurchasingGroupEBANEKGRP  │  quotation: ρ = type,True,,926,927,43.34519956850054,1,1.0010799136069115,2,0.0010787486515642097,0.0328085884844983
"(2, 2, 4, 1, 1, 2, 2)",goods_receipt: ρ = type  │  invoice_receipt: ρ = CreditAmountBSEGWRBTR_band  │  material: ρ = NetPriceEKPONETPR_band  │  payment: ρ = AmountDMBTR  │  purchase_order: ρ = PurchasingGroupEKKOEKGRP  │  purchase_requisition: ρ = type  │  quotation: ρ = VendorEBANLIFNR,True,,926,927,43.34519956850054,1,1.0010799136069115,2,0.0010787486515642097,0.0328085884844983
"(2, 2, 4, 1, 2, 2, 1)",goods_receipt: ρ = type  │  invoice_receipt: ρ = CreditAmountBSEGWRBTR_band  │  material: ρ = NetPriceEKPONETPR_band  │  payment: ρ = AmountDMBTR  │  purchase_order: ρ = VendorEKKOLIFNR  │  purchase_requisition: ρ = type  │  quotation: ρ = PurchasingGroupEBANEKGRP,True,,926,927,43.34519956850054,1,1.0010799136069115,2,0.0010787486515642097,0.0328085884844983
"(2, 2, 4, 1, 3, 1, 2)",goods_receipt: ρ = type  │  invoice_receipt: ρ = CreditAmountBSEGWRBTR_band  │  material: ρ = NetPriceEKPONETPR_band  │  payment: ρ = AmountDMBTR  │  purchase_order: ρ = type  │  purchase_requisition: ρ = PurchasingGroupEBANEKGRP  │  quotation: ρ = VendorEBANLIFNR,True,,926,927,43.34519956850054,1,1.0010799136069115,2,0.0010787486515642097,0.0328085884844983
"(2, 2, 4, 2, 1, 1, 2)",goods_receipt: ρ = type  │  invoice_receipt: ρ = CreditAmountBSEGWRBTR_band  │  material: ρ = NetPriceEKPONETPR_band  │  payment: ρ = AmountDMBTR_band  │  purchase_order: ρ = PurchasingGroupEKKOEKGRP  │  purchase_requisition: ρ = PurchasingGroupEBANEKGRP  │  quotation: ρ = VendorEBANLIFNR,True,,805,927,43.0873786407767,1,1.151552795031056,7,0.1316073354908306,0.03856152512998268
"(2, 2, 4, 2, 2, 1, 1)",goods_receipt: ρ = type  │  invoice_receipt: ρ = CreditAmountBSEGWRBTR_band  │  material: ρ = NetPriceEKPONETPR_band  │  payment: ρ = AmountDMBTR_band  │  purchase_order: ρ = VendorEKKOLIFNR  │  purchase_requisition: ρ = PurchasingGroupEBANEKGRP  │  quotation: ρ = PurchasingGroupEBANEKGRP,True,,805,927,43.0873786407767,1,1.151552795031056,7,0.1316073354908306,0.03856152512998268
"(2, 2, 4, 2, 2, 2, 2)",goods_receipt: ρ = type  │  invoice_receipt: ρ = CreditAmountBSEGWRBTR_band  │  material: ρ = NetPriceEKPONETPR_band  │  payment: ρ = AmountDMBTR_band  │  purchase_order: ρ = VendorEKKOLIFNR  │  purchase_requisition: ρ = type  │  quotation: ρ = VendorEBANLIFNR,True,,805,927,42.264293419633226,1,1.151552795031056,7,0.1316073354908306,0.05692759483920651
"(2, 2, 4, 3, 1, 1, 2)",goods_receipt: ρ = type  │  invoice_receipt: ρ = CreditAmountBSEGWRBTR_band  │  material: ρ = NetPriceEKPONETPR_band  │  payment: ρ = PaymentMethodZLSCH  │  purchase_order: ρ = PurchasingGroupEKKOEKGRP  │  purchase_requisition: ρ = PurchasingGroupEBANEKGRP  │  quotation: ρ = VendorEBANLIFNR,True,,874,927,43.34519956850054,1,1.0606407322654463,4,0.057173678532901784,0.0328085884844983
"(2, 2, 4, 3, 2, 1, 1)",goods_receipt: ρ = type  │  invoice_receipt: ρ = CreditAmountBSEGWRBTR_band  │  material: ρ = NetPriceEKPONETPR_band  │  payment: ρ = PaymentMethodZLSCH  │  purchase_order: ρ = VendorEKKOLIFNR  │  purchase_requisition: ρ = PurchasingGroupEBANEKGRP  │  quotation: ρ = PurchasingGroupEBANEKGRP,True,,874,927,43.34519956850054,1,1.0606407322654463,4,0.057173678532901784,0.0328085884844983
"(2, 2, 4, 3, 2, 2, 2)",goods_receipt: ρ = type  │  invoice_receipt: ρ = CreditAmountBSEGWRBTR_band  │  material: ρ = NetPriceEKPONETPR_band  │  payment: ρ = PaymentMethodZLSCH  │  purchase_order: ρ = VendorEKKOLIFNR  │  purchase_requisition: ρ = type  │  quotation: ρ = VendorEBANLIFNR,True,,874,927,42.52211434735707,1,1.0606407322654463,4,0.057173678532901784,0.051174658193722244
"(2, 2, 4, 4, 2, 1, 2)",goods_receipt: ρ = type  │  invoice_receipt: ρ = CreditAmountBSEGWRBTR_band  │  material: ρ = NetPriceEKPONETPR_band  │  payment: ρ = type  │  purchase_order: ρ = VendorEKKOLIFNR  │  purchase_requisition: ρ = PurchasingGroupEBANEKGRP  │  quotation: ρ = VendorEBANLIFNR,True,,803,927,42.52211434735707,1,1.1544209215442092,7,0.133764832793959,0.051174658193722244
"(2, 2, 0, 2, 1, 1, 3)",goods_receipt: ρ = type  │  invoice_receipt: ρ = CreditAmountBSEGWRBTR_band  │  material: ρ = id  │  payment: ρ = AmountDMBTR_band  │  purchase_order: ρ = PurchasingGroupEKKOEKGRP  │  purchase_requisition: ρ = PurchasingGroupEBANEKGRP  │  quotation: ρ = type,True,,872,927,44.096008629989214,1,1.063073394495413,12,0.0593311758360302,0.016055266705179982
"(2, 2, 0, 2, 1, 2, 1)",goods_receipt: ρ = type  │  invoice_receipt: ρ = CreditAmountBSEGWRBTR_band  │  material: ρ = id  │  payment: ρ = AmountDMBTR_band  │  purchase_order: ρ = PurchasingGroupEKKOEKGRP  │  purchase_requisition: ρ = type  │  quotation: ρ = PurchasingGroupEBANEKGRP,True,,872,927,43.27292340884574,1,1.063073394495413,12,0.0593311758360302,0.034421336414403925
"(2, 2, 0, 2, 2, 2, 3)",goods_receipt: ρ = type  │  invoice_receipt: ρ = CreditAmountBSEGWRBTR_band  │  material: ρ = id  │  payment: ρ = AmountDMBTR_band  │  purchase_order: ρ = VendorEKKOLIFNR  │  purchase_requisition: ρ = type  │  quotation: ρ = type,True,,913,927,44.096008629989214,1,1.0153340635268346,3,0.015102481121898603,0.016055266705179982
"(2, 2, 0, 2, 3, 1, 1)",goods_receipt: ρ = type  │  invoice_receipt: ρ = CreditAmountBSEGWRBTR_band  │  material: ρ = id  │  payment: ρ = AmountDMBTR_band  │  purchase_order: ρ = type  │  purchase_requisition: ρ = PurchasingGroupEBANEKGRP  │  quotation: ρ = PurchasingGroupEBANEKGRP,True,,872,927,44.096008629989214,1,1.063073394495413,12,0.0593311758360302,0.016055266705179982
"(2, 2, 0, 2, 3, 2, 2)",goods_receipt: ρ = type  │  invoice_receipt: ρ = CreditAmountBSEGWRBTR_band  │  material: ρ = id  │  payment: ρ = AmountDMBTR_band  │  purchase_order: ρ = type  │  purchase_requisition: ρ = type  │  quotation: ρ = VendorEBANLIFNR,True,,913,927,44.096008629989214,1,1.0153340635268346,3,0.015102481121898603,0.016055266705179982
"(2, 2, 0, 3, 1, 1, 3)",goods_receipt: ρ = type  │  invoice_receipt: ρ = CreditAmountBSEGWRBTR_band  │  material: ρ = id  │  payment: ρ = PaymentMethodZLSCH  │  purchase_order: ρ = PurchasingGroupEKKOEKGRP  │  purchase_requisition: ρ = PurchasingGroupEBANEKGRP  │  quotation: ρ = type,True,,888,927,44.353829557713055,1,1.0439189189189189,6,0.04207119741100329,0.010302330059695608
"(2, 2, 0, 3, 1, 2, 1)",goods_receipt: ρ = type  │  invoice_receipt: ρ = CreditAmountBSEGWRBTR_band  │  material: ρ = id  │  payment: ρ = PaymentMethodZLSCH  │  purchase_order: ρ = PurchasingGroupEKKOEKGRP  │  purchase_requisition: ρ = type  │  quotation: ρ = PurchasingGroupEBANEKGRP,True,,888,927,43.530744336569576,1,1.0439189189189189,6,0.04207119741100329,0.028668399768919772
"(2, 2, 0, 3, 2, 2, 3)",goods_receipt: ρ = type  │  invoice_receipt: ρ = CreditAmountBSEGWRBTR_band  │  material: ρ = id  │  payment: ρ = PaymentMethodZLSCH  │  purchase_order: ρ = VendorEKKOLIFNR  │  purchase_requisition: ρ = type  │  quotation: ρ = type,True,,923,927,44.353829557713055,1,1.0043336944745396,2,0.004314994606256728,0.010302330059695608
"(2, 2, 0, 3, 3, 1, 1)",goods_receipt: ρ = type  │  invoice_receipt: ρ = CreditAmountBSEGWRBTR_band  │  material: ρ = id  │  payment: ρ = PaymentMethodZLSCH  │  purchase_order: ρ = type  │  purchase_requisition: ρ = PurchasingGroupEBANEKGRP  │  quotation: ρ = PurchasingGroupEBANEKGRP,True,,888,927,44.353829557713055,1,1.0439189189189189,6,0.04207119741100329,0.010302330059695608
"(2, 2, 0, 3, 3, 2, 2)",goods_receipt: ρ = type  │  invoice_receipt: ρ = CreditAmountBSEGWRBTR_band  │  material: ρ = id  │  payment: ρ = PaymentMethodZLSCH  │  purchase_order: ρ = type  │  purchase_requisition: ρ = type  │  quotation: ρ = VendorEBANLIFNR,True,,923,927,44.353829557713055,1,1.0043336944745396,2,0.004314994606256728,0.010302330059695608
"(2, 2, 0, 4, 1, 1, 1)",goods_receipt: ρ = type  │  invoice_receipt: ρ = CreditAmountBSEGWRBTR_band  │  material: ρ = id  │  payment: ρ = type  │  purchase_order: ρ = PurchasingGroupEKKOEKGRP  │  purchase_requisition: ρ = PurchasingGroupEBANEKGRP  │  quotation: ρ = PurchasingGroupEBANEKGRP,True,,870,927,43.530744336569576,1,1.0655172413793104,12,0.06148867313915862,0.028668399768919772
"(2, 2, 0, 4, 2, 1, 3)",goods_receipt: ρ = type  │  invoice_receipt: ρ = CreditAmountBSEGWRBTR_band  │  material: ρ = id  │  payment: ρ = type  │  purchase_order: ρ = VendorEKKOLIFNR  │  purchase_requisition: ρ = PurchasingGroupEBANEKGRP  │  quotation: ρ = type,True,,912,927,44.353829557713055,1,1.0164473684210527,3,0.016181229773462813,0.010302330059695608
"(2, 2, 0, 4, 1, 2, 2)",goods_receipt: ρ = type  │  invoice_receipt: ρ = CreditAmountBSEGWRBTR_band  │  material: ρ = id  │  payment: ρ = type  │  purchase_order: ρ = PurchasingGroupEKKOEKGRP  │  purchase_requisition: ρ = type  │  quotation: ρ = VendorEBANLIFNR,True,,912,927,44.353829557713055,1,1.0164473684210527,3,0.016181229773462813,0.010302330059695608
"(2, 2, 0, 4, 2, 2, 1)",goods_receipt: ρ = type  │  invoice_receipt: ρ = CreditAmountBSEGWRBTR_band  │  material: ρ = id  │  payment: ρ = type  │  purchase_order: ρ = VendorEKKOLIFNR  │  purchase_requisition: ρ = type  │  quotation: ρ = PurchasingGroupEBANEKGRP,True,,912,927,44.353829557713055,1,1.0164473684210527,3,0.016181229773462813,0.010302330059695608
"(2, 2, 0, 4, 3, 1, 2)",goods_receipt: ρ = type  │  invoice_receipt: ρ = CreditAmountBSEGWRBTR_band  │  material: ρ = id  │  payment: ρ = type  │  purchase_order: ρ = type  │  purchase_requisition: ρ = PurchasingGroupEBANEKGRP  │  quotation: ρ = VendorEBANLIFNR,True,,912,927,44.353829557713055,1,1.0164473684210527,3,0.016181229773462813,0.010302330059695608
"(2, 2, 1, 2, 1, 1, 1)",goods_receipt: ρ = type  │  invoice_receipt: ρ = CreditAmountBSEGWRBTR_band  │  material: ρ = DeliveryDateEKPOBEDAT  │  payment: ρ = AmountDMBTR_band  │  purchase_order: ρ = PurchasingGroupEKKOEKGRP  │  purchase_requisition: ρ = PurchasingGroupEBANEKGRP  │  quotation: ρ = PurchasingGroupEBANEKGRP,True,,872,927,43.27292340884574,1,1.063073394495413,12,0.0593311758360302,0.034421336414403925
"(2, 2, 1, 2, 2, 1, 3)",goods_receipt: ρ = type  │  invoice_receipt: ρ = CreditAmountBSEGWRBTR_band  │  material: ρ = DeliveryDateEKPOBEDAT  │  payment: ρ = AmountDMBTR_band  │  purchase_order: ρ = VendorEKKOLIFNR  │  purchase_requisition: ρ = PurchasingGroupEBANEKGRP  │  quotation: ρ = type,True,,913,927,44.096008629989214,1,1.0153340635268346,3,0.015102481121898603,0.016055266705179982
"(2, 2, 1, 2, 1, 2, 2)",goods_receipt: ρ = type  │  invoice_receipt: ρ = CreditAmountBSEGWRBTR_band  │  material: ρ = DeliveryDateEKPOBEDAT  │  payment: ρ = AmountDMBTR_band  │  purchase_order: ρ = PurchasingGroupEKKOEKGRP  │  purchase_requisition: ρ = type  │  quotation: ρ = VendorEBANLIFNR,True,,913,927,44.096008629989214,1,1.0153340635268346,3,0.015102481121898603,0.016055266705179982
"(2, 2, 1, 2, 2, 2, 1)",goods_receipt: ρ = type  │  invoice_receipt: ρ = CreditAmountBSEGWRBTR_band  │  material: ρ = DeliveryDateEKPOBEDAT  │  payment: ρ = AmountDMBTR_band  │  purchase_order: ρ = VendorEKKOLIFNR  │  purchase_requisition: ρ = type  │  quotation: ρ = PurchasingGroupEBANEKGRP,True,,913,927,44.096008629989214,1,1.0153340635268346,3,0.015102481121898603,0.016055266705179982
"(2, 2, 1, 2, 3, 1, 2)",goods_receipt: ρ = type  │  invoice_receipt: ρ = CreditAmountBSEGWRBTR_band  │  material: ρ = DeliveryDateEKPOBEDAT  │  payment: ρ = AmountDMBTR_band  │  purchase_order: ρ = type  │  purchase_requisition: ρ = PurchasingGroupEBANEKGRP  │  quotation: ρ = VendorEBANLIFNR,True,,913,927,44.096008629989214,1,1.0153340635268346,3,0.015102481121898603,0.016055266705179982
"(2, 2, 1, 3, 1, 1, 1)",goods_receipt: ρ = type  │  invoice_receipt: ρ = CreditAmountBSEGWRBTR_band  │  material: ρ = DeliveryDateEKPOBEDAT  │  payment: ρ = PaymentMethodZLSCH  │  purchase_order: ρ = PurchasingGroupEKKOEKGRP  │  purchase_requisition: ρ = PurchasingGroupEBANEKGRP  │  quotation: ρ = PurchasingGroupEBANEKGRP,True,,888,927,43.530744336569576,1,1.0439189189189189,6,0.04207119741100329,0.028668399768919772
"(2, 2, 1, 3, 2, 1, 3)",goods_receipt: ρ = type  │  invoice_receipt: ρ = CreditAmountBSEGWRBTR_band  │  material: ρ = DeliveryDateEKPOBEDAT  │  payment: ρ = PaymentMethodZLSCH  │  purchase_order: ρ = VendorEKKOLIFNR  │  purchase_requisition: ρ = PurchasingGroupEBANEKGRP  │  quotation: ρ = type,True,,923,927,44.353829557713055,1,1.0043336944745396,2,0.004314994606256728,0.010302330059695608
"(2, 2, 1, 3, 1, 2, 2)",goods_receipt: ρ = type  │  invoice_receipt: ρ = CreditAmountBSEGWRBTR_band  │  material: ρ = DeliveryDateEKPOBEDAT  │  payment: ρ = PaymentMethodZLSCH  │  purchase_order: ρ = PurchasingGroupEKKOEKGRP  │  purchase_requisition: ρ = type  │  quotation: ρ = VendorEBANLIFNR,True,,923,927,44.353829557713055,1,1.0043336944745396,2,0.004314994606256728,0.010302330059695608
"(2, 2, 1, 3, 2, 2, 1)",goods_receipt: ρ = type  │  invoice_receipt: ρ = CreditAmountBSEGWRBTR_band  │  material: ρ = DeliveryDateEKPOBEDAT  │  payment: ρ = PaymentMethodZLSCH  │  purchase_order: ρ = VendorEKKOLIFNR  │  purchase_requisition: ρ = type  │  quotation: ρ = PurchasingGroupEBANEKGRP,True,,923,927,44.353829557713055,1,1.0043336944745396,2,0.004314994606256728,0.010302330059695608
"(2, 2, 1, 3, 3, 1, 2)",goods_receipt: ρ = type  │  invoice_receipt: ρ = CreditAmountBSEGWRBTR_band  │  material: ρ = DeliveryDateEKPOBEDAT  │  payment: ρ = PaymentMethodZLSCH  │  purchase_order: ρ = type  │  purchase_requisition: ρ = PurchasingGroupEBANEKGRP  │  quotation: ρ = VendorEBANLIFNR,True,,923,927,44.353829557713055,1,1.0043336944745396,2,0.004314994606256728,0.010302330059695608
"(2, 2, 1, 4, 1, 1, 2)",goods_receipt: ρ = type  │  invoice_receipt: ρ = CreditAmountBSEGWRBTR_band  │  material: ρ = DeliveryDateEKPOBEDAT  │  payment: ρ = type  │  purchase_order: ρ = PurchasingGroupEKKOEKGRP  │  purchase_requisition: ρ = PurchasingGroupEBANEKGRP  │  quotation: ρ = VendorEBANLIFNR,True,,912,927,44.353829557713055,1,1.0164473684210527,3,0.016181229773462813,0.010302330059695608
"(2, 2, 1, 4, 2, 1, 1)",goods_receipt: ρ = type  │  invoice_receipt: ρ = CreditAmountBSEGWRBTR_band  │  material: ρ = DeliveryDateEKPOBEDAT  │  payment: ρ = type  │  purchase_order: ρ = VendorEKKOLIFNR  │  purchase_requisition: ρ = PurchasingGroupEBANEKGRP  │  quotation: ρ = PurchasingGroupEBANEKGRP,True,,912,927,44.353829557713055,1,1.0164473684210527,3,0.016181229773462813,0.010302330059695608
"(2, 2, 1, 4, 2, 2, 2)",goods_receipt: ρ = type  │  invoice_receipt: ρ = CreditAmountBSEGWRBTR_band  │  material: ρ = DeliveryDateEKPOBEDAT  │  payment: ρ = type  │  purchase_order: ρ = VendorEKKOLIFNR  │  purchase_requisition: ρ = type  │  quotation: ρ = VendorEBANLIFNR,True,,912,927,43.530744336569576,1,1.0164473684210527,3,0.016181229773462813,0.028668399768919772
"(2, 2, 5, 1, 1, 1, 1)",goods_receipt: ρ = type  │  invoice_receipt: ρ = CreditAmountBSEGWRBTR_band  │  material: ρ = PlantEKPOWERKS  │  payment: ρ = AmountDMBTR  │  purchase_order: ρ = PurchasingGroupEKKOEKGRP  │  purchase_requisition: ρ = PurchasingGroupEBANEKGRP  │  quotation: ρ = PurchasingGroupEBANEKGRP,True,,926,927,43.1898597626753,1,1.0010799136069115,2,0.0010787486515642097,0.03627479299056413
"(2, 2, 5, 1, 2, 1, 3)",goods_receipt: ρ = type  │  invoice_receipt: ρ = CreditAmountBSEGWRBTR_band  │  material: ρ = PlantEKPOWERKS  │  payment: ρ = AmountDMBTR  │  purchase_order: ρ = VendorEKKOLIFNR  │  purchase_requisition: ρ = PurchasingGroupEBANEKGRP  │  quotation: ρ = type,True,,926,927,44.01294498381877,1,1.0010799136069115,2,0.0010787486515642097,0.01790872328134019
"(2, 2, 5, 1, 1, 2, 2)",goods_receipt: ρ = type  │  invoice_receipt: ρ = CreditAmountBSEGWRBTR_band  │  material: ρ = PlantEKPOWERKS  │  payment: ρ = AmountDMBTR  │  purchase_order: ρ = PurchasingGroupEKKOEKGRP  │  purchase_requisition: ρ = type  │  quotation: ρ = VendorEBANLIFNR,True,,926,927,44.01294498381877,1,1.0010799136069115,2,0.0010787486515642097,0.01790872328134019
"(2, 2, 5, 1, 2, 2, 1)",goods_receipt: ρ = type  │  invoice_receipt: ρ = CreditAmountBSEGWRBTR_band  │  material: ρ = PlantEKPOWERKS  │  payment: ρ = AmountDMBTR  │  purchase_order: ρ = VendorEKKOLIFNR  │  purchase_requisition: ρ = type  │  quotation: ρ = PurchasingGroupEBANEKGRP,True,,926,927,44.01294498381877,1,1.0010799136069115,2,0.0010787486515642097,0.01790872328134019
"(2, 2, 5, 1, 3, 1, 2)",goods_receipt: ρ = type  │  invoice_receipt: ρ = CreditAmountBSEGWRBTR_band  │  material: ρ = PlantEKPOWERKS  │  payment: ρ = AmountDMBTR  │  purchase_order: ρ = type  │  purchase_requisition: ρ = PurchasingGroupEBANEKGRP  │  quotation: ρ = VendorEBANLIFNR,True,,926,927,44.01294498381877,1,1.0010799136069115,2,0.0010787486515642097,0.01790872328134019
"(2, 2, 5, 2, 1, 1, 2)",goods_receipt: ρ = type  │  invoice_receipt: ρ = CreditAmountBSEGWRBTR_band  │  material: ρ = PlantEKPOWERKS  │  payment: ρ = AmountDMBTR_band  │  purchase_order: ρ = PurchasingGroupEKKOEKGRP  │  purchase_requisition: ρ = PurchasingGroupEBANEKGRP  │  quotation: ρ = VendorEBANLIFNR,True,,883,927,43.75512405609493,1,1.0498301245753114,4,0.04746494066882412,0.023661659926824563
"(2, 2, 5, 2, 2, 1, 1)",goods_receipt: ρ = type  │  invoice_receipt: ρ = CreditAmountBSEGWRBTR_band  │  material: ρ = PlantEKPOWERKS  │  payment: ρ = AmountDMBTR_band  │  purchase_order: ρ = VendorEKKOLIFNR  │  purchase_requisition: ρ = PurchasingGroupEBANEKGRP  │  quotation: ρ = PurchasingGroupEBANEKGRP,True,,883,927,43.75512405609493,1,1.0498301245753114,4,0.04746494066882412,0.023661659926824563
"(2, 2, 5, 2, 2, 2, 2)",goods_receipt: ρ = type  │  invoice_receipt: ρ = CreditAmountBSEGWRBTR_band  │  material: ρ = PlantEKPOWERKS  │  payment: ρ = AmountDMBTR_band  │  purchase_order: ρ = VendorEKKOLIFNR  │  purchase_requisition: ρ = type  │  quotation: ρ = VendorEBANLIFNR,True,,883,927,42.932038834951456,1,1.0498301245753114,4,0.04746494066882412,0.042027729636048505
"(2, 2, 5, 3, 1, 1, 2)",goods_receipt: ρ = type  │  invoice_receipt: ρ = CreditAmountBSEGWRBTR_band  │  material: ρ = PlantEKPOWERKS  │  payment: ρ = PaymentMethodZLSCH  │  purchase_order: ρ = PurchasingGroupEKKOEKGRP  │  purchase_requisition: ρ = PurchasingGroupEBANEKGRP  │  quotation: ρ = VendorEBANLIFNR,True,,911,927,44.01294498381877,1,1.017563117453348,2,0.017259978425027023,0.01790872328134019
"(2, 2, 5, 3, 2, 1, 1)",goods_receipt: ρ = type  │  invoice_receipt: ρ = CreditAmountBSEGWRBTR_band  │  material: ρ = PlantEKPOWERKS  │  payment: ρ = PaymentMethodZLSCH  │  purchase_order: ρ = VendorEKKOLIFNR  │  purchase_requisition: ρ = PurchasingGroupEBANEKGRP  │  quotation: ρ = PurchasingGroupEBANEKGRP,True,,911,927,44.01294498381877,1,1.017563117453348,2,0.017259978425027023,0.01790872328134019
"(2, 2, 5, 3, 2, 2, 2)",goods_receipt: ρ = type  │  invoice_receipt: ρ = CreditAmountBSEGWRBTR_band  │  material: ρ = PlantEKPOWERKS  │  payment: ρ = PaymentMethodZLSCH  │  purchase_order: ρ = VendorEKKOLIFNR  │  purchase_requisition: ρ = type  │  quotation: ρ = VendorEBANLIFNR,True,,911,927,43.1898597626753,1,1.017563117453348,2,0.017259978425027023,0.03627479299056413
"(2, 2, 5, 4, 2, 1, 2)",goods_receipt: ρ = type  │  invoice_receipt: ρ = CreditAmountBSEGWRBTR_band  │  material: ρ = PlantEKPOWERKS  │  payment: ρ = type  │  purchase_order: ρ = VendorEKKOLIFNR  │  purchase_requisition: ρ = PurchasingGroupEBANEKGRP  │  quotation: ρ = VendorEBANLIFNR,True,,882,927,43.1898597626753,1,1.0510204081632653,4,0.04854368932038833,0.03627479299056413
"(2, 2, 6, 1, 1, 1, 3)",goods_receipt: ρ = type  │  invoice_receipt: ρ = CreditAmountBSEGWRBTR_band  │  material: ρ = QuantityEKPOMENGE  │  payment: ρ = AmountDMBTR  │  purchase_order: ρ = PurchasingGroupEKKOEKGRP  │  purchase_requisition: ρ = PurchasingGroupEBANEKGRP  │  quotation: ρ = type,True,,919,927,44.33009708737864,1,1.0087051142546246,2,0.008629989212513456,0.010831889081455826
"(2, 2, 6, 1, 1, 2, 1)",goods_receipt: ρ = type  │  invoice_receipt: ρ = CreditAmountBSEGWRBTR_band  │  material: ρ = QuantityEKPOMENGE  │  payment: ρ = AmountDMBTR  │  purchase_order: ρ = PurchasingGroupEKKOEKGRP  │  purchase_requisition: ρ = type  │  quotation: ρ = PurchasingGroupEBANEKGRP,True,,919,927,43.50701186623517,1,1.0087051142546246,2,0.008629989212513456,0.029197958790679657
"(2, 2, 6, 1, 2, 2, 3)",goods_receipt: ρ = type  │  invoice_receipt: ρ = CreditAmountBSEGWRBTR_band  │  material: ρ = QuantityEKPOMENGE  │  payment: ρ = AmountDMBTR  │  purchase_order: ρ = VendorEKKOLIFNR  │  purchase_requisition: ρ = type  │  quotation: ρ = type,True,,926,927,44.33009708737864,1,1.0010799136069115,2,0.0010787486515642097,0.010831889081455826
"(2, 2, 6, 1, 3, 1, 1)",goods_receipt: ρ = type  │  invoice_receipt: ρ = CreditAmountBSEGWRBTR_band  │  material: ρ = QuantityEKPOMENGE  │  payment: ρ = AmountDMBTR  │  purchase_order: ρ = type  │  purchase_requisition: ρ = PurchasingGroupEBANEKGRP  │  quotation: ρ = PurchasingGroupEBANEKGRP,True,,919,927,44.33009708737864,1,1.0087051142546246,2,0.008629989212513456,0.010831889081455826
"(2, 2, 6, 1, 3, 2, 2)",goods_receipt: ρ = type  │  invoice_receipt: ρ = CreditAmountBSEGWRBTR_band  │  material: ρ = QuantityEKPOMENGE  │  payment: ρ = AmountDMBTR  │  purchase_order: ρ = type  │  purchase_requisition: ρ = type  │  quotation: ρ = VendorEBANLIFNR,True,,926,927,44.33009708737864,1,1.0010799136069115,2,0.0010787486515642097,0.010831889081455826
"(2, 2, 6, 2, 1, 1, 1)",goods_receipt: ρ = type  │  invoice_receipt: ρ = CreditAmountBSEGWRBTR_band  │  material: ρ = QuantityEKPOMENGE  │  payment: ρ = AmountDMBTR_band  │  purchase_order: ρ = PurchasingGroupEKKOEKGRP  │  purchase_requisition: ρ = PurchasingGroupEBANEKGRP  │  quotation: ρ = PurchasingGroupEBANEKGRP,True,,853,927,43.249190938511326,1,1.0867526377491208,12,0.07982740021574974,0.03495089543616403
"(2, 2, 6, 2, 2, 1, 3)",goods_receipt: ρ = type  │  invoice_receipt: ρ = CreditAmountBSEGWRBTR_band  │  material: ρ = QuantityEKPOMENGE  │  payment: ρ = AmountDMBTR_band  │  purchase_order: ρ = VendorEKKOLIFNR  │  purchase_requisition: ρ = PurchasingGroupEBANEKGRP  │  quotation: ρ = type,True,,910,927,44.0722761596548,1,1.0186813186813186,3,0.01833872707659112,0.01658482572694009
"(2, 2, 6, 2, 1, 2, 2)",goods_receipt: ρ = type  │  invoice_receipt: ρ = CreditAmountBSEGWRBTR_band  │  material: ρ = QuantityEKPOMENGE  │  payment: ρ = AmountDMBTR_band  │  purchase_order: ρ = PurchasingGroupEKKOEKGRP  │  purchase_requisition: ρ = type  │  quotation: ρ = VendorEBANLIFNR,True,,910,927,44.0722761596548,1,1.0186813186813186,3,0.01833872707659112,0.01658482572694009
"(2, 2, 6, 2, 2, 2, 1)",goods_receipt: ρ = type  │  invoice_receipt: ρ = CreditAmountBSEGWRBTR_band  │  material: ρ = QuantityEKPOMENGE  │  payment: ρ = AmountDMBTR_band  │  purchase_order: ρ = VendorEKKOLIFNR  │  purchase_requisition: ρ = type  │  quotation: ρ = PurchasingGroupEBANEKGRP,True,,910,927,44.0722761596548,1,1.0186813186813186,3,0.01833872707659112,0.01658482572694009
"(2, 2, 6, 2, 3, 1, 2)",goods_receipt: ρ = type  │  invoice_receipt: ρ = CreditAmountBSEGWRBTR_band  │  material: ρ = QuantityEKPOMENGE  │  payment: ρ = AmountDMBTR_band  │  purchase_order: ρ = type  │  purchase_requisition: ρ = PurchasingGroupEBANEKGRP  │  quotation: ρ = VendorEBANLIFNR,True,,910,927,44.0722761596548,1,1.0186813186813186,3,0.01833872707659112,0.01658482572694009
"(2, 2, 6, 3, 1, 1, 1)",goods_receipt: ρ = type  │  invoice_receipt: ρ = CreditAmountBSEGWRBTR_band  │  material: ρ = QuantityEKPOMENGE  │  payment: ρ = PaymentMethodZLSCH  │  purchase_order: ρ = PurchasingGroupEKKOEKGRP  │  purchase_requisition: ρ = PurchasingGroupEBANEKGRP  │  quotation: ρ = PurchasingGroupEBANEKGRP,True,,882,927,43.50701186623517,1,1.0510204081632653,6,0.04854368932038833,0.029197958790679657
"(2, 2, 6, 3, 2, 1, 3)",goods_receipt: ρ = type  │  invoice_receipt: ρ = CreditAmountBSEGWRBTR_band  │  material: ρ = QuantityEKPOMENGE  │  payment: ρ = PaymentMethodZLSCH  │  purchase_order: ρ = VendorEKKOLIFNR  │  purchase_requisition: ρ = PurchasingGroupEBANEKGRP  │  quotation: ρ = type,True,,922,927,44.33009708737864,1,1.0054229934924077,2,0.005393743257820938,0.010831889081455826
"(2, 2, 6, 3, 1, 2, 2)",goods_receipt: ρ = type  │  invoice_receipt: ρ = CreditAmountBSEGWRBTR_band  │  material: ρ = QuantityEKPOMENGE  │  payment: ρ = PaymentMethodZLSCH  │  purchase_order: ρ = PurchasingGroupEKKOEKGRP  │  purchase_requisition: ρ = type  │  quotation: ρ = VendorEBANLIFNR,True,,922,927,44.33009708737864,1,1.0054229934924077,2,0.005393743257820938,0.010831889081455826
"(2, 2, 6, 3, 2, 2, 1)",goods_receipt: ρ = type  │  invoice_receipt: ρ = CreditAmountBSEGWRBTR_band  │  material: ρ = QuantityEKPOMENGE  │  payment: ρ = PaymentMethodZLSCH  │  purchase_order: ρ = VendorEKKOLIFNR  │  purchase_requisition: ρ = type  │  quotation: ρ = PurchasingGroupEBANEKGRP,True,,922,927,44.33009708737864,1,1.0054229934924077,2,0.005393743257820938,0.010831889081455826
"(2, 2, 6, 3, 3, 1, 2)",goods_receipt: ρ = type  │  invoice_receipt: ρ = CreditAmountBSEGWRBTR_band  │  material: ρ = QuantityEKPOMENGE  │  payment: ρ = PaymentMethodZLSCH  │  purchase_order: ρ = type  │  purchase_requisition: ρ = PurchasingGroupEBANEKGRP  │  quotation: ρ = VendorEBANLIFNR,True,,922,927,44.33009708737864,1,1.0054229934924077,2,0.005393743257820938,0.010831889081455826
"(2, 2, 6, 4, 1, 1, 2)",goods_receipt: ρ = type  │  invoice_receipt: ρ = CreditAmountBSEGWRBTR_band  │  material: ρ = QuantityEKPOMENGE  │  payment: ρ = type  │  purchase_order: ρ = PurchasingGroupEKKOEKGRP  │  purchase_requisition: ρ = PurchasingGroupEBANEKGRP  │  quotation: ρ = VendorEBANLIFNR,True,,909,927,44.33009708737864,1,1.0198019801980198,3,0.01941747572815533,0.010831889081455826
"(2, 2, 6, 4, 2, 1, 1)",goods_receipt: ρ = type  │  invoice_receipt: ρ = CreditAmountBSEGWRBTR_band  │  material: ρ = QuantityEKPOMENGE  │  payment: ρ = type  │  purchase_order: ρ = VendorEKKOLIFNR  │  purchase_requisition: ρ = PurchasingGroupEBANEKGRP  │  quotation: ρ = PurchasingGroupEBANEKGRP,True,,909,927,44.33009708737864,1,1.0198019801980198,3,0.01941747572815533,0.010831889081455826
"(2, 2, 6, 4, 2, 2, 2)",goods_receipt: ρ = type  │  invoice_receipt: ρ = CreditAmountBSEGWRBTR_band  │  material: ρ = QuantityEKPOMENGE  │  payment: ρ = type  │  purchase_order: ρ = VendorEKKOLIFNR  │  purchase_requisition: ρ = type  │  quotation: ρ = VendorEBANLIFNR,True,,909,927,43.50701186623517,1,1.0198019801980198,3,0.01941747572815533,0.029197958790679657
"(2, 2, 7, 1, 1, 1, 1)",goods_receipt: ρ = type  │  invoice_receipt: ρ = CreditAmountBSEGWRBTR_band  │  material: ρ = QuantityEKPOMENGE_band  │  payment: ρ = AmountDMBTR  │  purchase_order: ρ = PurchasingGroupEKKOEKGRP  │  purchase_requisition: ρ = PurchasingGroupEBANEKGRP  │  quotation: ρ = PurchasingGroupEBANEKGRP,True,,919,927,42.98166127292341,1,1.0087051142546246,2,0.008629989212513456,0.04092046986327735
"(2, 2, 7, 1, 2, 1, 3)",goods_receipt: ρ = type  │  invoice_receipt: ρ = CreditAmountBSEGWRBTR_band  │  material: ρ = QuantityEKPOMENGE_band  │  payment: ρ = AmountDMBTR  │  purchase_order: ρ = VendorEKKOLIFNR  │  purchase_requisition: ρ = PurchasingGroupEBANEKGRP  │  quotation: ρ = type,True,,926,927,43.80474649406688,1,1.0010799136069115,2,0.0010787486515642097,0.022554400154053522
"(2, 2, 7, 1, 1, 2, 2)",goods_receipt: ρ = type  │  invoice_receipt: ρ = CreditAmountBSEGWRBTR_band  │  material: ρ = QuantityEKPOMENGE_band  │  payment: ρ = AmountDMBTR  │  purchase_order: ρ = PurchasingGroupEKKOEKGRP  │  purchase_requisition: ρ = type  │  quotation: ρ = VendorEBANLIFNR,True,,926,927,43.80474649406688,1,1.0010799136069115,2,0.0010787486515642097,0.022554400154053522
"(2, 2, 7, 1, 2, 2, 1)",goods_receipt: ρ = type  │  invoice_receipt: ρ = CreditAmountBSEGWRBTR_band  │  material: ρ = QuantityEKPOMENGE_band  │  payment: ρ = AmountDMBTR  │  purchase_order: ρ = VendorEKKOLIFNR  │  purchase_requisition: ρ = type  │  quotation: ρ = PurchasingGroupEBANEKGRP,True,,926,927,43.80474649406688,1,1.0010799136069115,2,0.0010787486515642097,0.022554400154053522
"(2, 2, 7, 1, 3, 1, 2)",goods_receipt: ρ = type  │  invoice_receipt: ρ = CreditAmountBSEGWRBTR_band  │  material: ρ = QuantityEKPOMENGE_band  │  payment: ρ = AmountDMBTR  │  purchase_order: ρ = type  │  purchase_requisition: ρ = PurchasingGroupEBANEKGRP  │  quotation: ρ = VendorEBANLIFNR,True,,926,927,43.80474649406688,1,1.0010799136069115,2,0.0010787486515642097,0.022554400154053522
"(2, 2, 7, 2, 1, 1, 2)",goods_receipt: ρ = type  │  invoice_receipt: ρ = CreditAmountBSEGWRBTR_band  │  material: ρ = QuantityEKPOMENGE_band  │  payment: ρ = AmountDMBTR_band  │  purchase_order: ρ = PurchasingGroupEKKOEKGRP  │  purchase_requisition: ρ = PurchasingGroupEBANEKGRP  │  quotation: ρ = VendorEBANLIFNR,True,,854,927,43.54692556634304,1,1.085480093676815,4,0.07874865156418553,0.028307336799537786
"(2, 2, 7, 2, 2, 1, 1)",goods_receipt: ρ = type  │  invoice_receipt: ρ = CreditAmountBSEGWRBTR_band  │  material: ρ = QuantityEKPOMENGE_band  │  payment: ρ = AmountDMBTR_band  │  purchase_order: ρ = VendorEKKOLIFNR  │  purchase_requisition: ρ = PurchasingGroupEBANEKGRP  │  quotation: ρ = PurchasingGroupEBANEKGRP,True,,854,927,43.54692556634304,1,1.085480093676815,4,0.07874865156418553,0.028307336799537786
"(2, 2, 7, 2, 2, 2, 2)",goods_receipt: ρ = type  │  invoice_receipt: ρ = CreditAmountBSEGWRBTR_band  │  material: ρ = QuantityEKPOMENGE_band  │  payment: ρ = AmountDMBTR_band  │  purchase_order: ρ = VendorEKKOLIFNR  │  purchase_requisition: ρ = type  │  quotation: ρ = VendorEBANLIFNR,True,,854,927,42.72384034519957,1,1.085480093676815,4,0.07874865156418553,0.04667340650876173
"(2, 2, 7, 3, 1, 1, 2)",goods_receipt: ρ = type  │  invoice_receipt: ρ = CreditAmountBSEGWRBTR_band  │  material: ρ = QuantityEKPOMENGE_band  │  payment: ρ = PaymentMethodZLSCH  │  purchase_order: ρ = PurchasingGroupEKKOEKGRP  │  purchase_requisition: ρ = PurchasingGroupEBANEKGRP  │  quotation: ρ = VendorEBANLIFNR,True,,897,927,43.80474649406688,1,1.0334448160535117,3,0.032362459546925515,0.022554400154053522
"(2, 2, 7, 3, 2, 1, 1)",goods_receipt: ρ = type  │  invoice_receipt: ρ = CreditAmountBSEGWRBTR_band  │  material: ρ = QuantityEKPOMENGE_band  │  payment: ρ = PaymentMethodZLSCH  │  purchase_order: ρ = VendorEKKOLIFNR  │  purchase_requisition: ρ = PurchasingGroupEBANEKGRP  │  quotation: ρ = PurchasingGroupEBANEKGRP,True,,897,927,43.80474649406688,1,1.0334448160535117,3,0.032362459546925515,0.022554400154053522
"(2, 2, 7, 3, 2, 2, 2)",goods_receipt: ρ = type  │  invoice_receipt: ρ = CreditAmountBSEGWRBTR_band  │  material: ρ = QuantityEKPOMENGE_band  │  payment: ρ = PaymentMethodZLSCH  │  purchase_order: ρ = VendorEKKOLIFNR  │  purchase_requisition: ρ = type  │  quotation: ρ = VendorEBANLIFNR,True,,897,927,42.98166127292341,1,1.0334448160535117,3,0.032362459546925515,0.04092046986327735
"(2, 2, 7, 4, 2, 1, 2)",goods_receipt: ρ = type  │  invoice_receipt: ρ = CreditAmountBSEGWRBTR_band  │  material: ρ = QuantityEKPOMENGE_band  │  payment: ρ = type  │  purchase_order: ρ = VendorEKKOLIFNR  │  purchase_requisition: ρ = PurchasingGroupEBANEKGRP  │  quotation: ρ = VendorEBANLIFNR,True,,853,927,42.98166127292341,1,1.0867526377491208,4,0.07982740021574974,0.04092046986327735
"(2, 2, 8, 1, 1, 1, 1)",goods_receipt: ρ = type  │  invoice_receipt: ρ = CreditAmountBSEGWRBTR_band  │  material: ρ = StorageLocationEKPOLGORT  │  payment: ρ = AmountDMBTR  │  purchase_order: ρ = PurchasingGroupEKKOEKGRP  │  purchase_requisition: ρ = PurchasingGroupEBANEKGRP  │  quotation: ρ = PurchasingGroupEBANEKGRP,True,,926,927,43.1898597626753,1,1.0010799136069115,2,0.0010787486515642097,0.03627479299056413
"(2, 2, 8, 2, 1, 1, 2)",goods_receipt: ρ = type  │  invoice_receipt: ρ = CreditAmountBSEGWRBTR_band  │  material: ρ = StorageLocationEKPOLGORT  │  payment: ρ = AmountDMBTR_band  │  purchase_order: ρ = PurchasingGroupEKKOEKGRP  │  purchase_requisition: ρ = PurchasingGroupEBANEKGRP  │  quotation: ρ = VendorEBANLIFNR,True,,882,927,43.75512405609493,1,1.0510204081632653,3,0.04854368932038833,0.023661659926824563
"(2, 2, 8, 2, 2, 1, 1)",goods_receipt: ρ = type  │  invoice_receipt: ρ = CreditAmountBSEGWRBTR_band  │  material: ρ = StorageLocationEKPOLGORT  │  payment: ρ = AmountDMBTR_band  │  purchase_order: ρ = VendorEKKOLIFNR  │  purchase_requisition: ρ = PurchasingGroupEBANEKGRP  │  quotation: ρ = PurchasingGroupEBANEKGRP,True,,882,927,43.75512405609493,1,1.0510204081632653,3,0.04854368932038833,0.023661659926824563
"(2, 2, 8, 2, 2, 2, 2)",goods_receipt: ρ = type  │  invoice_receipt: ρ = CreditAmountBSEGWRBTR_band  │  material: ρ = StorageLocationEKPOLGORT  │  payment: ρ = AmountDMBTR_band  │  purchase_order: ρ = VendorEKKOLIFNR  │  purchase_requisition: ρ = type  │  quotation: ρ = VendorEBANLIFNR,True,,882,927,42.932038834951456,1,1.0510204081632653,3,0.04854368932038833,0.042027729636048505
"(2, 2, 8, 3, 1, 1, 2)",goods_receipt: ρ = type  │  invoice_receipt: ρ = CreditAmountBSEGWRBTR_band  │  material: ρ = StorageLocationEKPOLGORT  │  payment: ρ = PaymentMethodZLSCH  │  purchase_order: ρ = PurchasingGroupEKKOEKGRP  │  purchase_requisition: ρ = PurchasingGroupEBANEKGRP  │  quotation: ρ = VendorEBANLIFNR,True,,910,927,44.01294498381877,1,1.0186813186813186,2,0.01833872707659112,0.01790872328134019
"(2, 2, 8, 3, 2, 1, 1)",goods_receipt: ρ = type  │  invoice_receipt: ρ = CreditAmountBSEGWRBTR_band  │  material: ρ = StorageLocationEKPOLGORT  │  payment: ρ = PaymentMethodZLSCH  │  purchase_order: ρ = VendorEKKOLIFNR  │  purchase_requisition: ρ = PurchasingGroupEBANEKGRP  │  quotation: ρ = PurchasingGroupEBANEKGRP,True,,910,927,44.01294498381877,1,1.0186813186813186,2,0.01833872707659112,0.01790872328134019
"(2, 2, 8, 3, 2, 2, 2)",goods_receipt: ρ = type  │  invoice_receipt: ρ = CreditAmountBSEGWRBTR_band  │  material: ρ = StorageLocationEKPOLGORT  │  payment: ρ = PaymentMethodZLSCH  │  purchase_order: ρ = VendorEKKOLIFNR  │  purchase_requisition: ρ = type  │  quotation: ρ = VendorEBANLIFNR,True,,910,927,43.1898597626753,1,1.0186813186813186,2,0.01833872707659112,0.03627479299056413
"(2, 2, 8, 4, 2, 1, 2)",goods_receipt: ρ = type  │  invoice_receipt: ρ = CreditAmountBSEGWRBTR_band  │  material: ρ = StorageLocationEKPOLGORT  │  payment: ρ = type  │  purchase_order: ρ = VendorEKKOLIFNR  │  purchase_requisition: ρ = PurchasingGroupEBANEKGRP  │  quotation: ρ = VendorEBANLIFNR,True,,881,927,43.1898597626753,1,1.0522133938706015,3,0.04962243797195254,0.03627479299056413
"(2, 2, 9, 1, 1, 1, 2)",goods_receipt: ρ = type  │  invoice_receipt: ρ = CreditAmountBSEGWRBTR_band  │  material: ρ = type  │  payment: ρ = AmountDMBTR  │  purchase_order: ρ = PurchasingGroupEKKOEKGRP  │  purchase_requisition: ρ = PurchasingGroupEBANEKGRP  │  quotation: ρ = VendorEBANLIFNR,True,,926,927,43.19093851132686,1,1.0010799136069115,2,0.0010787486515642097,0.03625072212593872
"(2, 2, 9, 1, 2, 1, 1)",goods_receipt: ρ = type  │  invoice_receipt: ρ = CreditAmountBSEGWRBTR_band  │  material: ρ = type  │  payment: ρ = AmountDMBTR  │  purchase_order: ρ = VendorEKKOLIFNR  │  purchase_requisition: ρ = PurchasingGroupEBANEKGRP  │  quotation: ρ = PurchasingGroupEBANEKGRP,True,,926,927,43.19093851132686,1,1.0010799136069115,2,0.0010787486515642097,0.03625072212593872
"(2, 2, 9, 1, 2, 2, 2)",goods_receipt: ρ = type  │  invoice_receipt: ρ = CreditAmountBSEGWRBTR_band  │  material: ρ = type  │  payment: ρ = AmountDMBTR  │  purchase_order: ρ = VendorEKKOLIFNR  │  purchase_requisition: ρ = type  │  quotation: ρ = VendorEBANLIFNR,True,,926,927,42.36785329018339,1,1.0010799136069115,2,0.0010787486515642097,0.05461679183516266
"(2, 2, 9, 2, 2, 1, 2)",goods_receipt: ρ = type  │  invoice_receipt: ρ = CreditAmountBSEGWRBTR_band  │  material: ρ = type  │  payment: ρ = AmountDMBTR_band  │  purchase_order: ρ = VendorEKKOLIFNR  │  purchase_requisition: ρ = PurchasingGroupEBANEKGRP  │  quotation: ρ = VendorEBANLIFNR,True,,794,927,42.11003236245955,1,1.1675062972292192,7,0.14347357065803668,0.06036972848064692
"(2, 2, 9, 3, 2, 1, 2)",goods_receipt: ρ = type  │  invoice_receipt: ρ = CreditAmountBSEGWRBTR_band  │  material: ρ = type  │  payment: ρ = PaymentMethodZLSCH  │  purchase_order: ρ = VendorEKKOLIFNR  │  purchase_requisition: ρ = PurchasingGroupEBANEKGRP  │  quotation: ρ = VendorEBANLIFNR,True,,868,927,42.36785329018339,1,1.0679723502304148,4,0.06364617044228693,0.05461679183516266
"(2, 3, 2, 1, 1, 1, 3)",goods_receipt: ρ = type  │  invoice_receipt: ρ = type  │  material: ρ = MaterialEKPOMATNR  │  payment: ρ = AmountDMBTR  │  purchase_order: ρ = PurchasingGroupEKKOEKGRP  │  purchase_requisition: ρ = PurchasingGroupEBANEKGRP  │  quotation: ρ = type,True,,922,927,44.353829557713055,1,1.0054229934924077,2,0.005393743257820938,0.010302330059695608
"(2, 3, 2, 1, 1, 2, 1)",goods_receipt: ρ = type  │  invoice_receipt: ρ = type  │  material: ρ = MaterialEKPOMATNR  │  payment: ρ = AmountDMBTR  │  purchase_order: ρ = PurchasingGroupEKKOEKGRP  │  purchase_requisition: ρ = type  │  quotation: ρ = PurchasingGroupEBANEKGRP,True,,922,927,43.530744336569576,1,1.0054229934924077,2,0.005393743257820938,0.028668399768919772
"(2, 3, 2, 1, 2, 2, 3)",goods_receipt: ρ = type  │  invoice_receipt: ρ = type  │  material: ρ = MaterialEKPOMATNR  │  payment: ρ = AmountDMBTR  │  purchase_order: ρ = VendorEKKOLIFNR  │  purchase_requisition: ρ = type  │  quotation: ρ = type,False,no merging (K = n_executions),927,927,44.353829557713055,1,1.0,1,0.0,0.010302330059695608
"(2, 3, 2, 1, 3, 1, 1)",goods_receipt: ρ = type  │  invoice_receipt: ρ = type  │  material: ρ = MaterialEKPOMATNR  │  payment: ρ = AmountDMBTR  │  purchase_order: ρ = type  │  purchase_requisition: ρ = PurchasingGroupEBANEKGRP  │  quotation: ρ = PurchasingGroupEBANEKGRP,True,,922,927,44.353829557713055,1,1.0054229934924077,2,0.005393743257820938,0.010302330059695608
"(2, 3, 2, 1, 3, 2, 2)",goods_receipt: ρ = type  │  invoice_receipt: ρ = type  │  material: ρ = MaterialEKPOMATNR  │  payment: ρ = AmountDMBTR  │  purchase_order: ρ = type  │  purchase_requisition: ρ = type  │  quotation: ρ = VendorEBANLIFNR,False,no merging (K = n_executions),927,927,44.353829557713055,1,1.0,1,0.0,0.010302330059695608
"(2, 3, 2, 2, 1, 1, 1)",goods_receipt: ρ = type  │  invoice_receipt: ρ = type  │  material: ρ = MaterialEKPOMATNR  │  payment: ρ = AmountDMBTR_band  │  purchase_order: ρ = PurchasingGroupEKKOEKGRP  │  purchase_requisition: ρ = PurchasingGroupEBANEKGRP  │  quotation: ρ = PurchasingGroupEBANEKGRP,True,,776,927,43.530744336569576,1,1.1945876288659794,12,0.162891046386192,0.028668399768919772
"(2, 3, 2, 2, 2, 1, 3)",goods_receipt: ρ = type  │  invoice_receipt: ρ = type  │  material: ρ = MaterialEKPOMATNR  │  payment: ρ = AmountDMBTR_band  │  purchase_order: ρ = VendorEKKOLIFNR  │  purchase_requisition: ρ = PurchasingGroupEBANEKGRP  │  quotation: ρ = type,True,,894,927,44.353829557713055,1,1.0369127516778522,4,0.035598705501618144,0.010302330059695608
"(2, 3, 2, 2, 1, 2, 2)",goods_receipt: ρ = type  │  invoice_receipt: ρ = type  │  material: ρ = MaterialEKPOMATNR  │  payment: ρ = AmountDMBTR_band  │  purchase_order: ρ = PurchasingGroupEKKOEKGRP  │  purchase_requisition: ρ = type  │  quotation: ρ = VendorEBANLIFNR,True,,894,927,44.353829557713055,1,1.0369127516778522,4,0.035598705501618144,0.010302330059695608
"(2, 3, 2, 2, 2, 2, 1)",goods_receipt: ρ = type  │  invoice_receipt: ρ = type  │  material: ρ = MaterialEKPOMATNR  │  payment: ρ = AmountDMBTR_band  │  purchase_order: ρ = VendorEKKOLIFNR  │  purchase_requisition: ρ = type  │  quotation: ρ = PurchasingGroupEBANEKGRP,True,,894,927,44.353829557713055,1,1.0369127516778522,4,0.035598705501618144,0.010302330059695608
"(2, 3, 2, 2, 3, 1, 2)",goods_receipt: ρ = type  │  invoice_receipt: ρ = type  │  material: ρ = MaterialEKPOMATNR  │  payment: ρ = AmountDMBTR_band  │  purchase_order: ρ = type  │  purchase_requisition: ρ = PurchasingGroupEBANEKGRP  │  quotation: ρ = VendorEBANLIFNR,True,,894,927,44.353829557713055,1,1.0369127516778522,4,0.035598705501618144,0.010302330059695608
"(2, 3, 2, 3, 1, 1, 1)",goods_receipt: ρ = type  │  invoice_receipt: ρ = type  │  material: ρ = MaterialEKPOMATNR  │  payment: ρ = PaymentMethodZLSCH  │  purchase_order: ρ = PurchasingGroupEKKOEKGRP  │  purchase_requisition: ρ = PurchasingGroupEBANEKGRP  │  quotation: ρ = PurchasingGroupEBANEKGRP,True,,811,927,43.530744336569576,1,1.1430332922318125,10,0.12513484358144555,0.028668399768919772
"(2, 3, 2, 3, 2, 1, 3)",goods_receipt: ρ = type  │  invoice_receipt: ρ = type  │  material: ρ = MaterialEKPOMATNR  │  payment: ρ = PaymentMethodZLSCH  │  purchase_order: ρ = VendorEKKOLIFNR  │  purchase_requisition: ρ = PurchasingGroupEBANEKGRP  │  quotation: ρ = type,True,,907,927,44.353829557713055,1,1.022050716648291,3,0.02157497303128375,0.010302330059695608
"(2, 3, 2, 3, 1, 2, 2)",goods_receipt: ρ = type  │  invoice_receipt: ρ = type  │  material: ρ = MaterialEKPOMATNR  │  payment: ρ = PaymentMethodZLSCH  │  purchase_order: ρ = PurchasingGroupEKKOEKGRP  │  purchase_requisition: ρ = type  │  quotation: ρ = VendorEBANLIFNR,True,,907,927,44.353829557713055,1,1.022050716648291,3,0.02157497303128375,0.010302330059695608
"(2, 3, 2, 3, 2, 2, 1)",goods_receipt: ρ = type  │  invoice_receipt: ρ = type  │  material: ρ = MaterialEKPOMATNR  │  payment: ρ = PaymentMethodZLSCH  │  purchase_order: ρ = VendorEKKOLIFNR  │  purchase_requisition: ρ = type  │  quotation: ρ = PurchasingGroupEBANEKGRP,True,,907,927,44.353829557713055,1,1.022050716648291,3,0.02157497303128375,0.010302330059695608
"(2, 3, 2, 3, 3, 1, 2)",goods_receipt: ρ = type  │  invoice_receipt: ρ = type  │  material: ρ = MaterialEKPOMATNR  │  payment: ρ = PaymentMethodZLSCH  │  purchase_order: ρ = type  │  purchase_requisition: ρ = PurchasingGroupEBANEKGRP  │  quotation: ρ = VendorEBANLIFNR,True,,907,927,44.353829557713055,1,1.022050716648291,3,0.02157497303128375,0.010302330059695608
"(2, 3, 2, 4, 1, 1, 2)",goods_receipt: ρ = type  │  invoice_receipt: ρ = type  │  material: ρ = MaterialEKPOMATNR  │  payment: ρ = type  │  purchase_order: ρ = PurchasingGroupEKKOEKGRP  │  purchase_requisition: ρ = PurchasingGroupEBANEKGRP  │  quotation: ρ = VendorEBANLIFNR,True,,876,927,44.353829557713055,1,1.0582191780821917,4,0.055016181229773475,0.010302330059695608
"(2, 3, 2, 4, 2, 1, 1)",goods_receipt: ρ = type  │  invoice_receipt: ρ = type  │  material: ρ = MaterialEKPOMATNR  │  payment: ρ = type  │  purchase_order: ρ = VendorEKKOLIFNR  │  purchase_requisition: ρ = PurchasingGroupEBANEKGRP  │  quotation: ρ = PurchasingGroupEBANEKGRP,True,,876,927,44.353829557713055,1,1.0582191780821917,4,0.055016181229773475,0.010302330059695608
"(2, 3, 2, 4, 2, 2, 2)",goods_receipt: ρ = type  │  invoice_receipt: ρ = type  │  material: ρ = MaterialEKPOMATNR  │  payment: ρ = type  │  purchase_order: ρ = VendorEKKOLIFNR  │  purchase_requisition: ρ = type  │  quotation: ρ = VendorEBANLIFNR,True,,876,927,43.530744336569576,1,1.0582191780821917,4,0.055016181229773475,0.028668399768919772
"(2, 3, 3, 1, 1, 1, 1)",goods_receipt: ρ = type  │  invoice_receipt: ρ = type  │  material: ρ = NetPriceEKPONETPR  │  payment: ρ = AmountDMBTR  │  purchase_order: ρ = PurchasingGroupEKKOEKGRP  │  purchase_requisition: ρ = PurchasingGroupEBANEKGRP  │  quotation: ρ = PurchasingGroupEBANEKGRP,True,,919,927,43.31175836030205,1,1.0087051142546246,2,0.008629989212513456,0.03355478528788747
"(2, 3, 3, 1, 2, 1, 3)",goods_receipt: ρ = type  │  invoice_receipt: ρ = type  │  material: ρ = NetPriceEKPONETPR  │  payment: ρ = AmountDMBTR  │  purchase_order: ρ = VendorEKKOLIFNR  │  purchase_requisition: ρ = PurchasingGroupEBANEKGRP  │  quotation: ρ = type,True,,926,927,44.13484358144552,1,1.0010799136069115,2,0.0010787486515642097,0.015188715578663525
"(2, 3, 3, 1, 1, 2, 2)",goods_receipt: ρ = type  │  invoice_receipt: ρ = type  │  material: ρ = NetPriceEKPONETPR  │  payment: ρ = AmountDMBTR  │  purchase_order: ρ = PurchasingGroupEKKOEKGRP  │  purchase_requisition: ρ = type  │  quotation: ρ = VendorEBANLIFNR,True,,926,927,44.13484358144552,1,1.0010799136069115,2,0.0010787486515642097,0.015188715578663525
"(2, 3, 3, 1, 2, 2, 1)",goods_receipt: ρ = type  │  invoice_receipt: ρ = type  │  material: ρ = NetPriceEKPONETPR  │  payment: ρ = AmountDMBTR  │  purchase_order: ρ = VendorEKKOLIFNR  │  purchase_requisition: ρ = type  │  quotation: ρ = PurchasingGroupEBANEKGRP,True,,926,927,44.13484358144552,1,1.0010799136069115,2,0.0010787486515642097,0.015188715578663525
"(2, 3, 3, 1, 3, 1, 2)",goods_receipt: ρ = type  │  invoice_receipt: ρ = type  │  material: ρ = NetPriceEKPONETPR  │  payment: ρ = AmountDMBTR  │  purchase_order: ρ = type  │  purchase_requisition: ρ = PurchasingGroupEBANEKGRP  │  quotation: ρ = VendorEBANLIFNR,True,,926,927,44.13484358144552,1,1.0010799136069115,2,0.0010787486515642097,0.015188715578663525
"(2, 3, 3, 2, 1, 1, 2)",goods_receipt: ρ = type  │  invoice_receipt: ρ = type  │  material: ρ = NetPriceEKPONETPR  │  payment: ρ = AmountDMBTR_band  │  purchase_order: ρ = PurchasingGroupEKKOEKGRP  │  purchase_requisition: ρ = PurchasingGroupEBANEKGRP  │  quotation: ρ = VendorEBANLIFNR,True,,877,927,44.13484358144552,1,1.057012542759407,5,0.053937432578209266,0.015188715578663525
"(2, 3, 3, 2, 2, 1, 1)",goods_receipt: ρ = type  │  invoice_receipt: ρ = type  │  material: ρ = NetPriceEKPONETPR  │  payment: ρ = AmountDMBTR_band  │  purchase_order: ρ = VendorEKKOLIFNR  │  purchase_requisition: ρ = PurchasingGroupEBANEKGRP  │  quotation: ρ = PurchasingGroupEBANEKGRP,True,,877,927,44.13484358144552,1,1.057012542759407,5,0.053937432578209266,0.015188715578663525
"(2, 3, 3, 2, 2, 2, 2)",goods_receipt: ρ = type  │  invoice_receipt: ρ = type  │  material: ρ = NetPriceEKPONETPR  │  payment: ρ = AmountDMBTR_band  │  purchase_order: ρ = VendorEKKOLIFNR  │  purchase_requisition: ρ = type  │  quotation: ρ = VendorEBANLIFNR,True,,877,927,43.31175836030205,1,1.057012542759407,5,0.053937432578209266,0.03355478528788747
"(2, 3, 3, 3, 1, 1, 2)",goods_receipt: ρ = type  │  invoice_receipt: ρ = type  │  material: ρ = NetPriceEKPONETPR  │  payment: ρ = PaymentMethodZLSCH  │  purchase_order: ρ = PurchasingGroupEKKOEKGRP  │  purchase_requisition: ρ = PurchasingGroupEBANEKGRP  │  quotation: ρ = VendorEBANLIFNR,True,,898,927,44.13484358144552,1,1.0322939866369711,3,0.031283710895361416,0.015188715578663525
"(2, 3, 3, 3, 2, 1, 1)",goods_receipt: ρ = type  │  invoice_receipt: ρ = type  │  material: ρ = NetPriceEKPONETPR  │  payment: ρ = PaymentMethodZLSCH  │  purchase_order: ρ = VendorEKKOLIFNR  │  purchase_requisition: ρ = PurchasingGroupEBANEKGRP  │  quotation: ρ = PurchasingGroupEBANEKGRP,True,,898,927,44.13484358144552,1,1.0322939866369711,3,0.031283710895361416,0.015188715578663525
"(2, 3, 3, 3, 2, 2, 2)",goods_receipt: ρ = type  │  invoice_receipt: ρ = type  │  material: ρ = NetPriceEKPONETPR  │  payment: ρ = PaymentMethodZLSCH  │  purchase_order: ρ = VendorEKKOLIFNR  │  purchase_requisition: ρ = type  │  quotation: ρ = VendorEBANLIFNR,True,,898,927,43.31175836030205,1,1.0322939866369711,3,0.031283710895361416,0.03355478528788747
"(2, 3, 3, 4, 2, 1, 2)",goods_receipt: ρ = type  │  invoice_receipt: ρ = type  │  material: ρ = NetPriceEKPONETPR  │  payment: ρ = type  │  purchase_order: ρ = VendorEKKOLIFNR  │  purchase_requisition: ρ = PurchasingGroupEBANEKGRP  │  quotation: ρ = VendorEBANLIFNR,True,,857,927,43.31175836030205,1,1.0816802800466745,5,0.07551240560949302,0.03355478528788747
"(2, 3, 4, 1, 1, 1, 2)",goods_receipt: ρ = type  │  invoice_receipt: ρ = type  │  material: ρ = NetPriceEKPONETPR_band  │  payment: ρ = AmountDMBTR  │  purchase_order: ρ = PurchasingGroupEKKOEKGRP  │  purchase_requisition: ρ = PurchasingGroupEBANEKGRP  │  quotation: ρ = VendorEBANLIFNR,True,,926,927,43.34519956850054,1,1.0010799136069115,2,0.0010787486515642097,0.0328085884844983
"(2, 3, 4, 1, 2, 1, 1)",goods_receipt: ρ = type  │  invoice_receipt: ρ = type  │  material: ρ = NetPriceEKPONETPR_band  │  payment: ρ = AmountDMBTR  │  purchase_order: ρ = VendorEKKOLIFNR  │  purchase_requisition: ρ = PurchasingGroupEBANEKGRP  │  quotation: ρ = PurchasingGroupEBANEKGRP,True,,926,927,43.34519956850054,1,1.0010799136069115,2,0.0010787486515642097,0.0328085884844983
"(2, 3, 4, 1, 2, 2, 2)",goods_receipt: ρ = type  │  invoice_receipt: ρ = type  │  material: ρ = NetPriceEKPONETPR_band  │  payment: ρ = AmountDMBTR  │  purchase_order: ρ = VendorEKKOLIFNR  │  purchase_requisition: ρ = type  │  quotation: ρ = VendorEBANLIFNR,True,,926,927,42.52211434735707,1,1.0010799136069115,2,0.0010787486515642097,0.051174658193722244
"(2, 3, 4, 2, 2, 1, 2)",goods_receipt: ρ = type  │  invoice_receipt: ρ = type  │  material: ρ = NetPriceEKPONETPR_band  │  payment: ρ = AmountDMBTR_band  │  purchase_order: ρ = VendorEKKOLIFNR  │  purchase_requisition: ρ = PurchasingGroupEBANEKGRP  │  quotation: ρ = VendorEBANLIFNR,True,,803,927,42.52211434735707,1,1.1544209215442092,7,0.133764832793959,0.051174658193722244
"(2, 3, 4, 3, 2, 1, 2)",goods_receipt: ρ = type  │  invoice_receipt: ρ = type  │  material: ρ = NetPriceEKPONETPR_band  │  payment: ρ = PaymentMethodZLSCH  │  purchase_order: ρ = VendorEKKOLIFNR  │  purchase_requisition: ρ = PurchasingGroupEBANEKGRP  │  quotation: ρ = VendorEBANLIFNR,True,,856,927,42.52211434735707,1,1.0829439252336448,5,0.07659115426105723,0.051174658193722244
"(2, 3, 0, 2, 1, 1, 1)",goods_receipt: ρ = type  │  invoice_receipt: ρ = type  │  material: ρ = id  │  payment: ρ = AmountDMBTR_band  │  purchase_order: ρ = PurchasingGroupEKKOEKGRP  │  purchase_requisition: ρ = PurchasingGroupEBANEKGRP  │  quotation: ρ = PurchasingGroupEBANEKGRP,True,,870,927,43.530744336569576,1,1.0655172413793104,12,0.06148867313915862,0.028668399768919772
"(2, 3, 0, 2, 2, 1, 3)",goods_receipt: ρ = type  │  invoice_receipt: ρ = type  │  material: ρ = id  │  payment: ρ = AmountDMBTR_band  │  purchase_order: ρ = VendorEKKOLIFNR  │  purchase_requisition: ρ = PurchasingGroupEBANEKGRP  │  quotation: ρ = type,True,,912,927,44.353829557713055,1,1.0164473684210527,3,0.016181229773462813,0.010302330059695608
"(2, 3, 0, 2, 1, 2, 2)",goods_receipt: ρ = type  │  invoice_receipt: ρ = type  │  material: ρ = id  │  payment: ρ = AmountDMBTR_band  │  purchase_order: ρ = PurchasingGroupEKKOEKGRP  │  purchase_requisition: ρ = type  │  quotation: ρ = VendorEBANLIFNR,True,,912,927,44.353829557713055,1,1.0164473684210527,3,0.016181229773462813,0.010302330059695608
"(2, 3, 0, 2, 2, 2, 1)",goods_receipt: ρ = type  │  invoice_receipt: ρ = type  │  material: ρ = id  │  payment: ρ = AmountDMBTR_band  │  purchase_order: ρ = VendorEKKOLIFNR  │  purchase_requisition: ρ = type  │  quotation: ρ = PurchasingGroupEBANEKGRP,True,,912,927,44.353829557713055,1,1.0164473684210527,3,0.016181229773462813,0.010302330059695608
"(2, 3, 0, 2, 3, 1, 2)",goods_receipt: ρ = type  │  invoice_receipt: ρ = type  │  material: ρ = id  │  payment: ρ = AmountDMBTR_band  │  purchase_order: ρ = type  │  purchase_requisition: ρ = PurchasingGroupEBANEKGRP  │  quotation: ρ = VendorEBANLIFNR,True,,912,927,44.353829557713055,1,1.0164473684210527,3,0.016181229773462813,0.010302330059695608
"(2, 3, 0, 3, 1, 1, 1)",goods_receipt: ρ = type  │  invoice_receipt: ρ = type  │  material: ρ = id  │  payment: ρ = PaymentMethodZLSCH  │  purchase_order: ρ = PurchasingGroupEKKOEKGRP  │  purchase_requisition: ρ = PurchasingGroupEBANEKGRP  │  quotation: ρ = PurchasingGroupEBANEKGRP,True,,874,927,43.530744336569576,1,1.0606407322654463,10,0.057173678532901784,0.028668399768919772
"(2, 3, 0, 3, 2, 1, 3)",goods_receipt: ρ = type  │  invoice_receipt: ρ = type  │  material: ρ = id  │  payment: ρ = PaymentMethodZLSCH  │  purchase_order: ρ = VendorEKKOLIFNR  │  purchase_requisition: ρ = PurchasingGroupEBANEKGRP  │  quotation: ρ = type,True,,918,927,44.353829557713055,1,1.0098039215686274,3,0.009708737864077666,0.010302330059695608
"(2, 3, 0, 3, 1, 2, 2)",goods_receipt: ρ = type  │  invoice_receipt: ρ = type  │  material: ρ = id  │  payment: ρ = PaymentMethodZLSCH  │  purchase_order: ρ = PurchasingGroupEKKOEKGRP  │  purchase_requisition: ρ = type  │  quotation: ρ = VendorEBANLIFNR,True,,918,927,44.353829557713055,1,1.0098039215686274,3,0.009708737864077666,0.010302330059695608
"(2, 3, 0, 3, 2, 2, 1)",goods_receipt: ρ = type  │  invoice_receipt: ρ = type  │  material: ρ = id  │  payment: ρ = PaymentMethodZLSCH  │  purchase_order: ρ = VendorEKKOLIFNR  │  purchase_requisition: ρ = type  │  quotation: ρ = PurchasingGroupEBANEKGRP,True,,918,927,44.353829557713055,1,1.0098039215686274,3,0.009708737864077666,0.010302330059695608
"(2, 3, 0, 3, 3, 1, 2)",goods_receipt: ρ = type  │  invoice_receipt: ρ = type  │  material: ρ = id  │  payment: ρ = PaymentMethodZLSCH  │  purchase_order: ρ = type  │  purchase_requisition: ρ = PurchasingGroupEBANEKGRP  │  quotation: ρ = VendorEBANLIFNR,True,,918,927,44.353829557713055,1,1.0098039215686274,3,0.009708737864077666,0.010302330059695608
"(2, 3, 0, 4, 1, 1, 2)",goods_receipt: ρ = type  │  invoice_receipt: ρ = type  │  material: ρ = id  │  payment: ρ = type  │  purchase_order: ρ = PurchasingGroupEKKOEKGRP  │  purchase_requisition: ρ = PurchasingGroupEBANEKGRP  │  quotation: ρ = VendorEBANLIFNR,True,,901,927,44.353829557713055,1,1.0288568257491675,4,0.028047464940668787,0.010302330059695608
"(2, 3, 0, 4, 2, 1, 1)",goods_receipt: ρ = type  │  invoice_receipt: ρ = type  │  material: ρ = id  │  payment: ρ = type  │  purchase_order: ρ = VendorEKKOLIFNR  │  purchase_requisition: ρ = PurchasingGroupEBANEKGRP  │  quotation: ρ = PurchasingGroupEBANEKGRP,True,,901,927,44.353829557713055,1,1.0288568257491675,4,0.028047464940668787,0.010302330059695608
"(2, 3, 0, 4, 2, 2, 2)",goods_receipt: ρ = type  │  invoice_receipt: ρ = type  │  material: ρ = id  │  payment: ρ = type  │  purchase_order: ρ = VendorEKKOLIFNR  │  purchase_requisition: ρ = type  │  quotation: ρ = VendorEBANLIFNR,True,,901,927,43.530744336569576,1,1.0288568257491675,4,0.028047464940668787,0.028668399768919772
"(2, 3, 1, 2, 1, 1, 2)",goods_receipt: ρ = type  │  invoice_receipt: ρ = type  │  material: ρ = DeliveryDateEKPOBEDAT  │  payment: ρ = AmountDMBTR_band  │  purchase_order: ρ = PurchasingGroupEKKOEKGRP  │  purchase_requisition: ρ = PurchasingGroupEBANEKGRP  │  quotation: ρ = VendorEBANLIFNR,True,,912,927,44.353829557713055,1,1.0164473684210527,3,0.016181229773462813,0.010302330059695608
"(2, 3, 1, 2, 2, 1, 1)",goods_receipt: ρ = type  │  invoice_receipt: ρ = type  │  material: ρ = DeliveryDateEKPOBEDAT  │  payment: ρ = AmountDMBTR_band  │  purchase_order: ρ = VendorEKKOLIFNR  │  purchase_requisition: ρ = PurchasingGroupEBANEKGRP  │  quotation: ρ = PurchasingGroupEBANEKGRP,True,,912,927,44.353829557713055,1,1.0164473684210527,3,0.016181229773462813,0.010302330059695608
"(2, 3, 1, 2, 2, 2, 2)",goods_receipt: ρ = type  │  invoice_receipt: ρ = type  │  material: ρ = DeliveryDateEKPOBEDAT  │  payment: ρ = AmountDMBTR_band  │  purchase_order: ρ = VendorEKKOLIFNR  │  purchase_requisition: ρ = type  │  quotation: ρ = VendorEBANLIFNR,True,,912,927,43.530744336569576,1,1.0164473684210527,3,0.016181229773462813,0.028668399768919772
"(2, 3, 1, 3, 1, 1, 2)",goods_receipt: ρ = type  │  invoice_receipt: ρ = type  │  material: ρ = DeliveryDateEKPOBEDAT  │  payment: ρ = PaymentMethodZLSCH  │  purchase_order: ρ = PurchasingGroupEKKOEKGRP  │  purchase_requisition: ρ = PurchasingGroupEBANEKGRP  │  quotation: ρ = VendorEBANLIFNR,True,,918,927,44.353829557713055,1,1.0098039215686274,3,0.009708737864077666,0.010302330059695608
"(2, 3, 1, 3, 2, 1, 1)",goods_receipt: ρ = type  │  invoice_receipt: ρ = type  │  material: ρ = DeliveryDateEKPOBEDAT  │  payment: ρ = PaymentMethodZLSCH  │  purchase_order: ρ = VendorEKKOLIFNR  │  purchase_requisition: ρ = PurchasingGroupEBANEKGRP  │  quotation: ρ = PurchasingGroupEBANEKGRP,True,,918,927,44.353829557713055,1,1.0098039215686274,3,0.009708737864077666,0.010302330059695608
"(2, 3, 1, 3, 2, 2, 2)",goods_receipt: ρ = type  │  invoice_receipt: ρ = type  │  material: ρ = DeliveryDateEKPOBEDAT  │  payment: ρ = PaymentMethodZLSCH  │  purchase_order: ρ = VendorEKKOLIFNR  │  purchase_requisition: ρ = type  │  quotation: ρ = VendorEBANLIFNR,True,,918,927,43.530744336569576,1,1.0098039215686274,3,0.009708737864077666,0.028668399768919772
"(2, 3, 1, 4, 2, 1, 2)",goods_receipt: ρ = type  │  invoice_receipt: ρ = type  │  material: ρ = DeliveryDateEKPOBEDAT  │  payment: ρ = type  │  purchase_order: ρ = VendorEKKOLIFNR  │  purchase_requisition: ρ = PurchasingGroupEBANEKGRP  │  quotation: ρ = VendorEBANLIFNR,True,,901,927,43.530744336569576,1,1.0288568257491675,4,0.028047464940668787,0.028668399768919772
"(2, 3, 5, 1, 1, 1, 2)",goods_receipt: ρ = type  │  invoice_receipt: ρ = type  │  material: ρ = PlantEKPOWERKS  │  payment: ρ = AmountDMBTR  │  purchase_order: ρ = PurchasingGroupEKKOEKGRP  │  purchase_requisition: ρ = PurchasingGroupEBANEKGRP  │  quotation: ρ = VendorEBANLIFNR,True,,926,927,44.01294498381877,1,1.0010799136069115,2,0.0010787486515642097,0.01790872328134019
"(2, 3, 5, 1, 2, 1, 1)",goods_receipt: ρ = type  │  invoice_receipt: ρ = type  │  material: ρ = PlantEKPOWERKS  │  payment: ρ = AmountDMBTR  │  purchase_order: ρ = VendorEKKOLIFNR  │  purchase_requisition: ρ = PurchasingGroupEBANEKGRP  │  quotation: ρ = PurchasingGroupEBANEKGRP,True,,926,927,44.01294498381877,1,1.0010799136069115,2,0.0010787486515642097,0.01790872328134019
"(2, 3, 5, 1, 2, 2, 2)",goods_receipt: ρ = type  │  invoice_receipt: ρ = type  │  material: ρ = PlantEKPOWERKS  │  payment: ρ = AmountDMBTR  │  purchase_order: ρ = VendorEKKOLIFNR  │  purchase_requisition: ρ = type  │  quotation: ρ = VendorEBANLIFNR,True,,926,927,43.1898597626753,1,1.0010799136069115,2,0.0010787486515642097,0.03627479299056413
"(2, 3, 5, 2, 2, 1, 2)",goods_receipt: ρ = type  │  invoice_receipt: ρ = type  │  material: ρ = PlantEKPOWERKS  │  payment: ρ = AmountDMBTR_band  │  purchase_order: ρ = VendorEKKOLIFNR  │  purchase_requisition: ρ = PurchasingGroupEBANEKGRP  │  quotation: ρ = VendorEBANLIFNR,True,,881,927,43.1898597626753,1,1.0522133938706015,4,0.04962243797195254,0.03627479299056413
"(2, 3, 5, 3, 2, 1, 2)",goods_receipt: ρ = type  │  invoice_receipt: ρ = type  │  material: ρ = PlantEKPOWERKS  │  payment: ρ = PaymentMethodZLSCH  │  purchase_order: ρ = VendorEKKOLIFNR  │  purchase_requisition: ρ = PurchasingGroupEBANEKGRP  │  quotation: ρ = VendorEBANLIFNR,True,,902,927,43.1898597626753,1,1.0277161862527717,3,0.02696871628910469,0.03627479299056413
"(2, 3, 6, 1, 1, 1, 1)",goods_receipt: ρ = type  │  invoice_receipt: ρ = type  │  material: ρ = QuantityEKPOMENGE  │  payment: ρ = AmountDMBTR  │  purchase_order: ρ = PurchasingGroupEKKOEKGRP  │  purchase_requisition: ρ = PurchasingGroupEBANEKGRP  │  quotation: ρ = PurchasingGroupEBANEKGRP,True,,919,927,43.50701186623517,1,1.0087051142546246,2,0.008629989212513456,0.029197958790679657
"(2, 3, 6, 1, 2, 1, 3)",goods_receipt: ρ = type  │  invoice_receipt: ρ = type  │  material: ρ = QuantityEKPOMENGE  │  payment: ρ = AmountDMBTR  │  purchase_order: ρ = VendorEKKOLIFNR  │  purchase_requisition: ρ = PurchasingGroupEBANEKGRP  │  quotation: ρ = type,True,,926,927,44.33009708737864,1,1.0010799136069115,2,0.0010787486515642097,0.010831889081455826
"(2, 3, 6, 1, 1, 2, 2)",goods_receipt: ρ = type  │  invoice_receipt: ρ = type  │  material: ρ = QuantityEKPOMENGE  │  payment: ρ = AmountDMBTR  │  purchase_order: ρ = PurchasingGroupEKKOEKGRP  │  purchase_requisition: ρ = type  │  quotation: ρ = VendorEBANLIFNR,True,,926,927,44.33009708737864,1,1.0010799136069115,2,0.0010787486515642097,0.010831889081455826
"(2, 3, 6, 1, 2, 2, 1)",goods_receipt: ρ = type  │  invoice_receipt: ρ = type  │  material: ρ = QuantityEKPOMENGE  │  payment: ρ = AmountDMBTR  │  purchase_order: ρ = VendorEKKOLIFNR  │  purchase_requisition: ρ = type  │  quotation: ρ = PurchasingGroupEBANEKGRP,True,,926,927,44.33009708737864,1,1.0010799136069115,2,0.0010787486515642097,0.010831889081455826
"(2, 3, 6, 1, 3, 1, 2)",goods_receipt: ρ = type  │  invoice_receipt: ρ = type  │  material: ρ = QuantityEKPOMENGE  │  payment: ρ = AmountDMBTR  │  purchase_order: ρ = type  │  purchase_requisition: ρ = PurchasingGroupEBANEKGRP  │  quotation: ρ = VendorEBANLIFNR,True,,926,927,44.33009708737864,1,1.0010799136069115,2,0.0010787486515642097,0.010831889081455826
"(2, 3, 6, 2, 1, 1, 2)",goods_receipt: ρ = type  │  invoice_receipt: ρ = type  │  material: ρ = QuantityEKPOMENGE  │  payment: ρ = AmountDMBTR_band  │  purchase_order: ρ = PurchasingGroupEKKOEKGRP  │  purchase_requisition: ρ = PurchasingGroupEBANEKGRP  │  quotation: ρ = VendorEBANLIFNR,True,,909,927,44.33009708737864,1,1.0198019801980198,3,0.01941747572815533,0.010831889081455826
"(2, 3, 6, 2, 2, 1, 1)",goods_receipt: ρ = type  │  invoice_receipt: ρ = type  │  material: ρ = QuantityEKPOMENGE  │  payment: ρ = AmountDMBTR_band  │  purchase_order: ρ = VendorEKKOLIFNR  │  purchase_requisition: ρ = PurchasingGroupEBANEKGRP  │  quotation: ρ = PurchasingGroupEBANEKGRP,True,,909,927,44.33009708737864,1,1.0198019801980198,3,0.01941747572815533,0.010831889081455826
"(2, 3, 6, 2, 2, 2, 2)",goods_receipt: ρ = type  │  invoice_receipt: ρ = type  │  material: ρ = QuantityEKPOMENGE  │  payment: ρ = AmountDMBTR_band  │  purchase_order: ρ = VendorEKKOLIFNR  │  purchase_requisition: ρ = type  │  quotation: ρ = VendorEBANLIFNR,True,,909,927,43.50701186623517,1,1.0198019801980198,3,0.01941747572815533,0.029197958790679657
"(2, 3, 6, 3, 1, 1, 2)",goods_receipt: ρ = type  │  invoice_receipt: ρ = type  │  material: ρ = QuantityEKPOMENGE  │  payment: ρ = PaymentMethodZLSCH  │  purchase_order: ρ = PurchasingGroupEKKOEKGRP  │  purchase_requisition: ρ = PurchasingGroupEBANEKGRP  │  quotation: ρ = VendorEBANLIFNR,True,,917,927,44.33009708737864,1,1.0109051254089423,3,0.010787486515641875,0.010831889081455826
"(2, 3, 6, 3, 2, 1, 1)",goods_receipt: ρ = type  │  invoice_receipt: ρ = type  │  material: ρ = QuantityEKPOMENGE  │  payment: ρ = PaymentMethodZLSCH  │  purchase_order: ρ = VendorEKKOLIFNR  │  purchase_requisition: ρ = PurchasingGroupEBANEKGRP  │  quotation: ρ = PurchasingGroupEBANEKGRP,True,,917,927,44.33009708737864,1,1.0109051254089423,3,0.010787486515641875,0.010831889081455826
"(2, 3, 6, 3, 2, 2, 2)",goods_receipt: ρ = type  │  invoice_receipt: ρ = type  │  material: ρ = QuantityEKPOMENGE  │  payment: ρ = PaymentMethodZLSCH  │  purchase_order: ρ = VendorEKKOLIFNR  │  purchase_requisition: ρ = type  │  quotation: ρ = VendorEBANLIFNR,True,,917,927,43.50701186623517,1,1.0109051254089423,3,0.010787486515641875,0.029197958790679657
"(2, 3, 6, 4, 2, 1, 2)",goods_receipt: ρ = type  │  invoice_receipt: ρ = type  │  material: ρ = QuantityEKPOMENGE  │  payment: ρ = type  │  purchase_order: ρ = VendorEKKOLIFNR  │  purchase_requisition: ρ = PurchasingGroupEBANEKGRP  │  quotation: ρ = VendorEBANLIFNR,True,,898,927,43.50701186623517,1,1.0322939866369711,4,0.031283710895361416,0.029197958790679657
"(2, 3, 7, 1, 1, 1, 2)",goods_receipt: ρ = type  │  invoice_receipt: ρ = type  │  material: ρ = QuantityEKPOMENGE_band  │  payment: ρ = AmountDMBTR  │  purchase_order: ρ = PurchasingGroupEKKOEKGRP  │  purchase_requisition: ρ = PurchasingGroupEBANEKGRP  │  quotation: ρ = VendorEBANLIFNR,True,,926,927,43.80474649406688,1,1.0010799136069115,2,0.0010787486515642097,0.022554400154053522
"(2, 3, 7, 1, 2, 1, 1)",goods_receipt: ρ = type  │  invoice_receipt: ρ = type  │  material: ρ = QuantityEKPOMENGE_band  │  payment: ρ = AmountDMBTR  │  purchase_order: ρ = VendorEKKOLIFNR  │  purchase_requisition: ρ = PurchasingGroupEBANEKGRP  │  quotation: ρ = PurchasingGroupEBANEKGRP,True,,926,927,43.80474649406688,1,1.0010799136069115,2,0.0010787486515642097,0.022554400154053522
"(2, 3, 7, 1, 2, 2, 2)",goods_receipt: ρ = type  │  invoice_receipt: ρ = type  │  material: ρ = QuantityEKPOMENGE_band  │  payment: ρ = AmountDMBTR  │  purchase_order: ρ = VendorEKKOLIFNR  │  purchase_requisition: ρ = type  │  quotation: ρ = VendorEBANLIFNR,True,,926,927,42.98166127292341,1,1.0010799136069115,2,0.0010787486515642097,0.04092046986327735
"(2, 3, 7, 2, 2, 1, 2)",goods_receipt: ρ = type  │  invoice_receipt: ρ = type  │  material: ρ = QuantityEKPOMENGE_band  │  payment: ρ = AmountDMBTR_band  │  purchase_order: ρ = VendorEKKOLIFNR  │  purchase_requisition: ρ = PurchasingGroupEBANEKGRP  │  quotation: ρ = VendorEBANLIFNR,True,,853,927,42.98166127292341,1,1.0867526377491208,4,0.07982740021574974,0.04092046986327735
"(2, 3, 7, 3, 2, 1, 2)",goods_receipt: ρ = type  │  invoice_receipt: ρ = type  │  material: ρ = QuantityEKPOMENGE_band  │  payment: ρ = PaymentMethodZLSCH  │  purchase_order: ρ = VendorEKKOLIFNR  │  purchase_requisition: ρ = PurchasingGroupEBANEKGRP  │  quotation: ρ = VendorEBANLIFNR,True,,889,927,42.98166127292341,1,1.0427446569178853,3,0.04099244875943908,0.04092046986327735
"(2, 3, 8, 2, 2, 1, 2)",goods_receipt: ρ = type  │  invoice_receipt: ρ = type  │  material: ρ = StorageLocationEKPOLGORT  │  payment: ρ = AmountDMBTR_band  │  purchase_order: ρ = VendorEKKOLIFNR  │  purchase_requisition: ρ = PurchasingGroupEBANEKGRP  │  quotation: ρ = VendorEBANLIFNR,True,,881,927,43.1898597626753,1,1.0522133938706015,3,0.04962243797195254,0.03627479299056413
"(2, 3, 8, 3, 2, 1, 2)",goods_receipt: ρ = type  │  invoice_receipt: ρ = type  │  material: ρ = StorageLocationEKPOLGORT  │  payment: ρ = PaymentMethodZLSCH  │  purchase_order: ρ = VendorEKKOLIFNR  │  purchase_requisition: ρ = PurchasingGroupEBANEKGRP  │  quotation: ρ = VendorEBANLIFNR,True,,900,927,43.1898597626753,1,1.03,3,0.029126213592232997,0.03627479299056413
"(2, 3, 9, 1, 2, 1, 2)",goods_receipt: ρ = type  │  invoice_receipt: ρ = type  │  material: ρ = type  │  payment: ρ = AmountDMBTR  │  purchase_order: ρ = VendorEKKOLIFNR  │  purchase_requisition: ρ = PurchasingGroupEBANEKGRP  │  quotation: ρ = VendorEBANLIFNR,True,,926,927,42.36785329018339,1,1.0010799136069115,2,0.0010787486515642097,0.05461679183516266
"(2, 1, 2, 1, 1, 2, 3)",goods_receipt: ρ = type  │  invoice_receipt: ρ = CreditAmountBSEGWRBTR  │  material: ρ = MaterialEKPOMATNR  │  payment: ρ = AmountDMBTR  │  purchase_order: ρ = PurchasingGroupEKKOEKGRP  │  purchase_requisition: ρ = type  │  quotation: ρ = type,True,,922,927,44.096008629989214,1,1.0054229934924077,2,0.005393743257820938,0.016055266705179982
"(2, 1, 2, 1, 3, 1, 3)",goods_receipt: ρ = type  │  invoice_receipt: ρ = CreditAmountBSEGWRBTR  │  material: ρ = MaterialEKPOMATNR  │  payment: ρ = AmountDMBTR  │  purchase_order: ρ = type  │  purchase_requisition: ρ = PurchasingGroupEBANEKGRP  │  quotation: ρ = type,True,,922,927,44.096008629989214,1,1.0054229934924077,2,0.005393743257820938,0.016055266705179982
"(2, 1, 2, 1, 3, 2, 1)",goods_receipt: ρ = type  │  invoice_receipt: ρ = CreditAmountBSEGWRBTR  │  material: ρ = MaterialEKPOMATNR  │  payment: ρ = AmountDMBTR  │  purchase_order: ρ = type  │  purchase_requisition: ρ = type  │  quotation: ρ = PurchasingGroupEBANEKGRP,True,,922,927,44.096008629989214,1,1.0054229934924077,2,0.005393743257820938,0.016055266705179982
"(2, 1, 2, 2, 1, 1, 3)",goods_receipt: ρ = type  │  invoice_receipt: ρ = CreditAmountBSEGWRBTR  │  material: ρ = MaterialEKPOMATNR  │  payment: ρ = AmountDMBTR_band  │  purchase_order: ρ = PurchasingGroupEKKOEKGRP  │  purchase_requisition: ρ = PurchasingGroupEBANEKGRP  │  quotation: ρ = type,True,,922,927,44.353829557713055,1,1.0054229934924077,2,0.005393743257820938,0.010302330059695608
"(2, 1, 2, 2, 1, 2, 1)",goods_receipt: ρ = type  │  invoice_receipt: ρ = CreditAmountBSEGWRBTR  │  material: ρ = MaterialEKPOMATNR  │  payment: ρ = AmountDMBTR_band  │  purchase_order: ρ = PurchasingGroupEKKOEKGRP  │  purchase_requisition: ρ = type  │  quotation: ρ = PurchasingGroupEBANEKGRP,True,,922,927,43.530744336569576,1,1.0054229934924077,2,0.005393743257820938,0.028668399768919772
"(2, 1, 2, 2, 3, 1, 1)",goods_receipt: ρ = type  │  invoice_receipt: ρ = CreditAmountBSEGWRBTR  │  material: ρ = MaterialEKPOMATNR  │  payment: ρ = AmountDMBTR_band  │  purchase_order: ρ = type  │  purchase_requisition: ρ = PurchasingGroupEBANEKGRP  │  quotation: ρ = PurchasingGroupEBANEKGRP,True,,922,927,44.353829557713055,1,1.0054229934924077,2,0.005393743257820938,0.010302330059695608
"(2, 1, 2, 4, 1, 1, 1)",goods_receipt: ρ = type  │  invoice_receipt: ρ = CreditAmountBSEGWRBTR  │  material: ρ = MaterialEKPOMATNR  │  payment: ρ = type  │  purchase_order: ρ = PurchasingGroupEKKOEKGRP  │  purchase_requisition: ρ = PurchasingGroupEBANEKGRP  │  quotation: ρ = PurchasingGroupEBANEKGRP,True,,922,927,43.530744336569576,1,1.0054229934924077,2,0.005393743257820938,0.028668399768919772
"(2, 1, 3, 1, 1, 1, 3)",goods_receipt: ρ = type  │  invoice_receipt: ρ = CreditAmountBSEGWRBTR  │  material: ρ = NetPriceEKPONETPR  │  payment: ρ = AmountDMBTR  │  purchase_order: ρ = PurchasingGroupEKKOEKGRP  │  purchase_requisition: ρ = PurchasingGroupEBANEKGRP  │  quotation: ρ = type,True,,919,927,43.87702265372168,1,1.0087051142546246,2,0.008629989212513456,0.0209416522241479
"(2, 1, 3, 1, 1, 2, 1)",goods_receipt: ρ = type  │  invoice_receipt: ρ = CreditAmountBSEGWRBTR  │  material: ρ = NetPriceEKPONETPR  │  payment: ρ = AmountDMBTR  │  purchase_order: ρ = PurchasingGroupEKKOEKGRP  │  purchase_requisition: ρ = type  │  quotation: ρ = PurchasingGroupEBANEKGRP,True,,919,927,43.05393743257821,1,1.0087051142546246,2,0.008629989212513456,0.03930772193337184
"(2, 1, 3, 1, 2, 2, 3)",goods_receipt: ρ = type  │  invoice_receipt: ρ = CreditAmountBSEGWRBTR  │  material: ρ = NetPriceEKPONETPR  │  payment: ρ = AmountDMBTR  │  purchase_order: ρ = VendorEKKOLIFNR  │  purchase_requisition: ρ = type  │  quotation: ρ = type,True,,926,927,43.87702265372168,1,1.0010799136069115,2,0.0010787486515642097,0.0209416522241479
"(2, 1, 3, 1, 3, 1, 1)",goods_receipt: ρ = type  │  invoice_receipt: ρ = CreditAmountBSEGWRBTR  │  material: ρ = NetPriceEKPONETPR  │  payment: ρ = AmountDMBTR  │  purchase_order: ρ = type  │  purchase_requisition: ρ = PurchasingGroupEBANEKGRP  │  quotation: ρ = PurchasingGroupEBANEKGRP,True,,919,927,43.87702265372168,1,1.0087051142546246,2,0.008629989212513456,0.0209416522241479
"(2, 1, 3, 1, 3, 2, 2)",goods_receipt: ρ = type  │  invoice_receipt: ρ = CreditAmountBSEGWRBTR  │  material: ρ = NetPriceEKPONETPR  │  payment: ρ = AmountDMBTR  │  purchase_order: ρ = type  │  purchase_requisition: ρ = type  │  quotation: ρ = VendorEBANLIFNR,True,,926,927,43.87702265372168,1,1.0010799136069115,2,0.0010787486515642097,0.0209416522241479
"(2, 1, 3, 2, 1, 1, 1)",goods_receipt: ρ = type  │  invoice_receipt: ρ = CreditAmountBSEGWRBTR  │  material: ρ = NetPriceEKPONETPR  │  payment: ρ = AmountDMBTR_band  │  purchase_order: ρ = PurchasingGroupEKKOEKGRP  │  purchase_requisition: ρ = PurchasingGroupEBANEKGRP  │  quotation: ρ = PurchasingGroupEBANEKGRP,True,,919,927,43.31175836030205,1,1.0087051142546246,2,0.008629989212513456,0.03355478528788747
"(2, 1, 3, 2, 2, 1, 3)",goods_receipt: ρ = type  │  invoice_receipt: ρ = CreditAmountBSEGWRBTR  │  material: ρ = NetPriceEKPONETPR  │  payment: ρ = AmountDMBTR_band  │  purchase_order: ρ = VendorEKKOLIFNR  │  purchase_requisition: ρ = PurchasingGroupEBANEKGRP  │  quotation: ρ = type,True,,926,927,44.13484358144552,1,1.0010799136069115,2,0.0010787486515642097,0.015188715578663525
"(2, 1, 3, 2, 1, 2, 2)",goods_receipt: ρ = type  │  invoice_receipt: ρ = CreditAmountBSEGWRBTR  │  material: ρ = NetPriceEKPONETPR  │  payment: ρ = AmountDMBTR_band  │  purchase_order: ρ = PurchasingGroupEKKOEKGRP  │  purchase_requisition: ρ = type  │  quotation: ρ = VendorEBANLIFNR,True,,926,927,44.13484358144552,1,1.0010799136069115,2,0.0010787486515642097,0.015188715578663525
"(2, 1, 3, 2, 2, 2, 1)",goods_receipt: ρ = type  │  invoice_receipt: ρ = CreditAmountBSEGWRBTR  │  material: ρ = NetPriceEKPONETPR  │  payment: ρ = AmountDMBTR_band  │  purchase_order: ρ = VendorEKKOLIFNR  │  purchase_requisition: ρ = type  │  quotation: ρ = PurchasingGroupEBANEKGRP,True,,926,927,44.13484358144552,1,1.0010799136069115,2,0.0010787486515642097,0.015188715578663525
"(2, 1, 3, 2, 3, 1, 2)",goods_receipt: ρ = type  │  invoice_receipt: ρ = CreditAmountBSEGWRBTR  │  material: ρ = NetPriceEKPONETPR  │  payment: ρ = AmountDMBTR_band  │  purchase_order: ρ = type  │  purchase_requisition: ρ = PurchasingGroupEBANEKGRP  │  quotation: ρ = VendorEBANLIFNR,True,,926,927,44.13484358144552,1,1.0010799136069115,2,0.0010787486515642097,0.015188715578663525
"(2, 1, 3, 3, 1, 1, 1)",goods_receipt: ρ = type  │  invoice_receipt: ρ = CreditAmountBSEGWRBTR  │  material: ρ = NetPriceEKPONETPR  │  payment: ρ = PaymentMethodZLSCH  │  purchase_order: ρ = PurchasingGroupEKKOEKGRP  │  purchase_requisition: ρ = PurchasingGroupEBANEKGRP  │  quotation: ρ = PurchasingGroupEBANEKGRP,True,,924,927,43.31175836030205,1,1.0032467532467533,2,0.003236245954692518,0.03355478528788747
"(2, 1, 3, 3, 2, 1, 3)",goods_receipt: ρ = type  │  invoice_receipt: ρ = CreditAmountBSEGWRBTR  │  material: ρ = NetPriceEKPONETPR  │  payment: ρ = PaymentMethodZLSCH  │  purchase_order: ρ = VendorEKKOLIFNR  │  purchase_requisition: ρ = PurchasingGroupEBANEKGRP  │  quotation: ρ = type,True,,926,927,44.13484358144552,1,1.0010799136069115,2,0.0010787486515642097,0.015188715578663525
"(2, 1, 3, 3, 1, 2, 2)",goods_receipt: ρ = type  │  invoice_receipt: ρ = CreditAmountBSEGWRBTR  │  material: ρ = NetPriceEKPONETPR  │  payment: ρ = PaymentMethodZLSCH  │  purchase_order: ρ = PurchasingGroupEKKOEKGRP  │  purchase_requisition: ρ = type  │  quotation: ρ = VendorEBANLIFNR,True,,926,927,44.13484358144552,1,1.0010799136069115,2,0.0010787486515642097,0.015188715578663525
"(2, 1, 3, 3, 2, 2, 1)",goods_receipt: ρ = type  │  invoice_receipt: ρ = CreditAmountBSEGWRBTR  │  material: ρ = NetPriceEKPONETPR  │  payment: ρ = PaymentMethodZLSCH  │  purchase_order: ρ = VendorEKKOLIFNR  │  purchase_requisition: ρ = type  │  quotation: ρ = PurchasingGroupEBANEKGRP,True,,926,927,44.13484358144552,1,1.0010799136069115,2,0.0010787486515642097,0.015188715578663525
"(2, 1, 3, 3, 3, 1, 2)",goods_receipt: ρ = type  │  invoice_receipt: ρ = CreditAmountBSEGWRBTR  │  material: ρ = NetPriceEKPONETPR  │  payment: ρ = PaymentMethodZLSCH  │  purchase_order: ρ = type  │  purchase_requisition: ρ = PurchasingGroupEBANEKGRP  │  quotation: ρ = VendorEBANLIFNR,True,,926,927,44.13484358144552,1,1.0010799136069115,2,0.0010787486515642097,0.015188715578663525
"(2, 1, 3, 4, 1, 1, 2)",goods_receipt: ρ = type  │  invoice_receipt: ρ = CreditAmountBSEGWRBTR  │  material: ρ = NetPriceEKPONETPR  │  payment: ρ = type  │  purchase_order: ρ = PurchasingGroupEKKOEKGRP  │  purchase_requisition: ρ = PurchasingGroupEBANEKGRP  │  quotation: ρ = VendorEBANLIFNR,True,,926,927,44.13484358144552,1,1.0010799136069115,2,0.0010787486515642097,0.015188715578663525
"(2, 1, 3, 4, 2, 1, 1)",goods_receipt: ρ = type  │  invoice_receipt: ρ = CreditAmountBSEGWRBTR  │  material: ρ = NetPriceEKPONETPR  │  payment: ρ = type  │  purchase_order: ρ = VendorEKKOLIFNR  │  purchase_requisition: ρ = PurchasingGroupEBANEKGRP  │  quotation: ρ = PurchasingGroupEBANEKGRP,True,,926,927,44.13484358144552,1,1.0010799136069115,2,0.0010787486515642097,0.015188715578663525
"(2, 1, 3, 4, 2, 2, 2)",goods_receipt: ρ = type  │  invoice_receipt: ρ = CreditAmountBSEGWRBTR  │  material: ρ = NetPriceEKPONETPR  │  payment: ρ = type  │  purchase_order: ρ = VendorEKKOLIFNR  │  purchase_requisition: ρ = type  │  quotation: ρ = VendorEBANLIFNR,True,,926,927,43.31175836030205,1,1.0010799136069115,2,0.0010787486515642097,0.03355478528788747
"(2, 1, 4, 1, 1, 1, 1)",goods_receipt: ρ = type  │  invoice_receipt: ρ = CreditAmountBSEGWRBTR  │  material: ρ = NetPriceEKPONETPR_band  │  payment: ρ = AmountDMBTR  │  purchase_order: ρ = PurchasingGroupEKKOEKGRP  │  purchase_requisition: ρ = PurchasingGroupEBANEKGRP  │  quotation: ρ = PurchasingGroupEBANEKGRP,True,,918,927,42.264293419633226,1,1.0098039215686274,2,0.009708737864077666,0.05692759483920651
"(2, 1, 4, 1, 2, 1, 3)",goods_receipt: ρ = type  │  invoice_receipt: ρ = CreditAmountBSEGWRBTR  │  material: ρ = NetPriceEKPONETPR_band  │  payment: ρ = AmountDMBTR  │  purchase_order: ρ = VendorEKKOLIFNR  │  purchase_requisition: ρ = PurchasingGroupEBANEKGRP  │  quotation: ρ = type,True,,926,927,43.0873786407767,1,1.0010799136069115,2,0.0010787486515642097,0.03856152512998268
"(2, 1, 4, 1, 1, 2, 2)",goods_receipt: ρ = type  │  invoice_receipt: ρ = CreditAmountBSEGWRBTR  │  material: ρ = NetPriceEKPONETPR_band  │  payment: ρ = AmountDMBTR  │  purchase_order: ρ = PurchasingGroupEKKOEKGRP  │  purchase_requisition: ρ = type  │  quotation: ρ = VendorEBANLIFNR,True,,926,927,43.0873786407767,1,1.0010799136069115,2,0.0010787486515642097,0.03856152512998268
"(2, 1, 4, 1, 2, 2, 1)",goods_receipt: ρ = type  │  invoice_receipt: ρ = CreditAmountBSEGWRBTR  │  material: ρ = NetPriceEKPONETPR_band  │  payment: ρ = AmountDMBTR  │  purchase_order: ρ = VendorEKKOLIFNR  │  purchase_requisition: ρ = type  │  quotation: ρ = PurchasingGroupEBANEKGRP,True,,926,927,43.0873786407767,1,1.0010799136069115,2,0.0010787486515642097,0.03856152512998268
"(2, 1, 4, 1, 3, 1, 2)",goods_receipt: ρ = type  │  invoice_receipt: ρ = CreditAmountBSEGWRBTR  │  material: ρ = NetPriceEKPONETPR_band  │  payment: ρ = AmountDMBTR  │  purchase_order: ρ = type  │  purchase_requisition: ρ = PurchasingGroupEBANEKGRP  │  quotation: ρ = VendorEBANLIFNR,True,,926,927,43.0873786407767,1,1.0010799136069115,2,0.0010787486515642097,0.03856152512998268
"(2, 1, 4, 2, 1, 1, 2)",goods_receipt: ρ = type  │  invoice_receipt: ρ = CreditAmountBSEGWRBTR  │  material: ρ = NetPriceEKPONETPR_band  │  payment: ρ = AmountDMBTR_band  │  purchase_order: ρ = PurchasingGroupEKKOEKGRP  │  purchase_requisition: ρ = PurchasingGroupEBANEKGRP  │  quotation: ρ = VendorEBANLIFNR,True,,926,927,43.34519956850054,1,1.0010799136069115,2,0.0010787486515642097,0.0328085884844983
"(2, 1, 4, 2, 2, 1, 1)",goods_receipt: ρ = type  │  invoice_receipt: ρ = CreditAmountBSEGWRBTR  │  material: ρ = NetPriceEKPONETPR_band  │  payment: ρ = AmountDMBTR_band  │  purchase_order: ρ = VendorEKKOLIFNR  │  purchase_requisition: ρ = PurchasingGroupEBANEKGRP  │  quotation: ρ = PurchasingGroupEBANEKGRP,True,,926,927,43.34519956850054,1,1.0010799136069115,2,0.0010787486515642097,0.0328085884844983
"(2, 1, 4, 2, 2, 2, 2)",goods_receipt: ρ = type  │  invoice_receipt: ρ = CreditAmountBSEGWRBTR  │  material: ρ = NetPriceEKPONETPR_band  │  payment: ρ = AmountDMBTR_band  │  purchase_order: ρ = VendorEKKOLIFNR  │  purchase_requisition: ρ = type  │  quotation: ρ = VendorEBANLIFNR,True,,926,927,42.52211434735707,1,1.0010799136069115,2,0.0010787486515642097,0.051174658193722244
"(2, 1, 4, 3, 1, 1, 2)",goods_receipt: ρ = type  │  invoice_receipt: ρ = CreditAmountBSEGWRBTR  │  material: ρ = NetPriceEKPONETPR_band  │  payment: ρ = PaymentMethodZLSCH  │  purchase_order: ρ = PurchasingGroupEKKOEKGRP  │  purchase_requisition: ρ = PurchasingGroupEBANEKGRP  │  quotation: ρ = VendorEBANLIFNR,True,,926,927,43.34519956850054,1,1.0010799136069115,2,0.0010787486515642097,0.0328085884844983
"(2, 1, 4, 3, 2, 1, 1)",goods_receipt: ρ = type  │  invoice_receipt: ρ = CreditAmountBSEGWRBTR  │  material: ρ = NetPriceEKPONETPR_band  │  payment: ρ = PaymentMethodZLSCH  │  purchase_order: ρ = VendorEKKOLIFNR  │  purchase_requisition: ρ = PurchasingGroupEBANEKGRP  │  quotation: ρ = PurchasingGroupEBANEKGRP,True,,926,927,43.34519956850054,1,1.0010799136069115,2,0.0010787486515642097,0.0328085884844983
"(2, 1, 4, 3, 2, 2, 2)",goods_receipt: ρ = type  │  invoice_receipt: ρ = CreditAmountBSEGWRBTR  │  material: ρ = NetPriceEKPONETPR_band  │  payment: ρ = PaymentMethodZLSCH  │  purchase_order: ρ = VendorEKKOLIFNR  │  purchase_requisition: ρ = type  │  quotation: ρ = VendorEBANLIFNR,True,,926,927,42.52211434735707,1,1.0010799136069115,2,0.0010787486515642097,0.051174658193722244
"(2, 1, 4, 4, 2, 1, 2)",goods_receipt: ρ = type  │  invoice_receipt: ρ = CreditAmountBSEGWRBTR  │  material: ρ = NetPriceEKPONETPR_band  │  payment: ρ = type  │  purchase_order: ρ = VendorEKKOLIFNR  │  purchase_requisition: ρ = PurchasingGroupEBANEKGRP  │  quotation: ρ = VendorEBANLIFNR,True,,926,927,42.52211434735707,1,1.0010799136069115,2,0.0010787486515642097,0.051174658193722244
"(2, 1, 5, 1, 1, 1, 1)",goods_receipt: ρ = type  │  invoice_receipt: ρ = CreditAmountBSEGWRBTR  │  material: ρ = PlantEKPOWERKS  │  payment: ρ = AmountDMBTR  │  purchase_order: ρ = PurchasingGroupEKKOEKGRP  │  purchase_requisition: ρ = PurchasingGroupEBANEKGRP  │  quotation: ρ = PurchasingGroupEBANEKGRP,True,,926,927,42.932038834951456,1,1.0010799136069115,2,0.0010787486515642097,0.042027729636048505
"(2, 1, 5, 1, 2, 1, 3)",goods_receipt: ρ = type  │  invoice_receipt: ρ = CreditAmountBSEGWRBTR  │  material: ρ = PlantEKPOWERKS  │  payment: ρ = AmountDMBTR  │  purchase_order: ρ = VendorEKKOLIFNR  │  purchase_requisition: ρ = PurchasingGroupEBANEKGRP  │  quotation: ρ = type,True,,926,927,43.75512405609493,1,1.0010799136069115,2,0.0010787486515642097,0.023661659926824563
"(2, 1, 5, 1, 1, 2, 2)",goods_receipt: ρ = type  │  invoice_receipt: ρ = CreditAmountBSEGWRBTR  │  material: ρ = PlantEKPOWERKS  │  payment: ρ = AmountDMBTR  │  purchase_order: ρ = PurchasingGroupEKKOEKGRP  │  purchase_requisition: ρ = type  │  quotation: ρ = VendorEBANLIFNR,True,,926,927,43.75512405609493,1,1.0010799136069115,2,0.0010787486515642097,0.023661659926824563
"(2, 1, 5, 1, 2, 2, 1)",goods_receipt: ρ = type  │  invoice_receipt: ρ = CreditAmountBSEGWRBTR  │  material: ρ = PlantEKPOWERKS  │  payment: ρ = AmountDMBTR  │  purchase_order: ρ = VendorEKKOLIFNR  │  purchase_requisition: ρ = type  │  quotation: ρ = PurchasingGroupEBANEKGRP,True,,926,927,43.75512405609493,1,1.0010799136069115,2,0.0010787486515642097,0.023661659926824563
"(2, 1, 5, 1, 3, 1, 2)",goods_receipt: ρ = type  │  invoice_receipt: ρ = CreditAmountBSEGWRBTR  │  material: ρ = PlantEKPOWERKS  │  payment: ρ = AmountDMBTR  │  purchase_order: ρ = type  │  purchase_requisition: ρ = PurchasingGroupEBANEKGRP  │  quotation: ρ = VendorEBANLIFNR,True,,926,927,43.75512405609493,1,1.0010799136069115,2,0.0010787486515642097,0.023661659926824563
"(2, 1, 5, 2, 1, 1, 2)",goods_receipt: ρ = type  │  invoice_receipt: ρ = CreditAmountBSEGWRBTR  │  material: ρ = PlantEKPOWERKS  │  payment: ρ = AmountDMBTR_band  │  purchase_order: ρ = PurchasingGroupEKKOEKGRP  │  purchase_requisition: ρ = PurchasingGroupEBANEKGRP  │  quotation: ρ = VendorEBANLIFNR,True,,926,927,44.01294498381877,1,1.0010799136069115,2,0.0010787486515642097,0.01790872328134019
"(2, 1, 5, 2, 2, 1, 1)",goods_receipt: ρ = type  │  invoice_receipt: ρ = CreditAmountBSEGWRBTR  │  material: ρ = PlantEKPOWERKS  │  payment: ρ = AmountDMBTR_band  │  purchase_order: ρ = VendorEKKOLIFNR  │  purchase_requisition: ρ = PurchasingGroupEBANEKGRP  │  quotation: ρ = PurchasingGroupEBANEKGRP,True,,926,927,44.01294498381877,1,1.0010799136069115,2,0.0010787486515642097,0.01790872328134019
"(2, 1, 5, 2, 2, 2, 2)",goods_receipt: ρ = type  │  invoice_receipt: ρ = CreditAmountBSEGWRBTR  │  material: ρ = PlantEKPOWERKS  │  payment: ρ = AmountDMBTR_band  │  purchase_order: ρ = VendorEKKOLIFNR  │  purchase_requisition: ρ = type  │  quotation: ρ = VendorEBANLIFNR,True,,926,927,43.1898597626753,1,1.0010799136069115,2,0.0010787486515642097,0.03627479299056413
"(2, 1, 5, 3, 1, 1, 2)",goods_receipt: ρ = type  │  invoice_receipt: ρ = CreditAmountBSEGWRBTR  │  material: ρ = PlantEKPOWERKS  │  payment: ρ = PaymentMethodZLSCH  │  purchase_order: ρ = PurchasingGroupEKKOEKGRP  │  purchase_requisition: ρ = PurchasingGroupEBANEKGRP  │  quotation: ρ = VendorEBANLIFNR,True,,926,927,44.01294498381877,1,1.0010799136069115,2,0.0010787486515642097,0.01790872328134019
"(2, 1, 5, 3, 2, 1, 1)",goods_receipt: ρ = type  │  invoice_receipt: ρ = CreditAmountBSEGWRBTR  │  material: ρ = PlantEKPOWERKS  │  payment: ρ = PaymentMethodZLSCH  │  purchase_order: ρ = VendorEKKOLIFNR  │  purchase_requisition: ρ = PurchasingGroupEBANEKGRP  │  quotation: ρ = PurchasingGroupEBANEKGRP,True,,926,927,44.01294498381877,1,1.0010799136069115,2,0.0010787486515642097,0.01790872328134019
"(2, 1, 5, 3, 2, 2, 2)",goods_receipt: ρ = type  │  invoice_receipt: ρ = CreditAmountBSEGWRBTR  │  material: ρ = PlantEKPOWERKS  │  payment: ρ = PaymentMethodZLSCH  │  purchase_order: ρ = VendorEKKOLIFNR  │  purchase_requisition: ρ = type  │  quotation: ρ = VendorEBANLIFNR,True,,926,927,43.1898597626753,1,1.0010799136069115,2,0.0010787486515642097,0.03627479299056413
"(2, 1, 5, 4, 2, 1, 2)",goods_receipt: ρ = type  │  invoice_receipt: ρ = CreditAmountBSEGWRBTR  │  material: ρ = PlantEKPOWERKS  │  payment: ρ = type  │  purchase_order: ρ = VendorEKKOLIFNR  │  purchase_requisition: ρ = PurchasingGroupEBANEKGRP  │  quotation: ρ = VendorEBANLIFNR,True,,926,927,43.1898597626753,1,1.0010799136069115,2,0.0010787486515642097,0.03627479299056413
"(2, 1, 6, 1, 1, 1, 3)",goods_receipt: ρ = type  │  invoice_receipt: ρ = CreditAmountBSEGWRBTR  │  material: ρ = QuantityEKPOMENGE  │  payment: ρ = AmountDMBTR  │  purchase_order: ρ = PurchasingGroupEKKOEKGRP  │  purchase_requisition: ρ = PurchasingGroupEBANEKGRP  │  quotation: ρ = type,True,,919,927,44.0722761596548,1,1.0087051142546246,2,0.008629989212513456,0.01658482572694009
"(2, 1, 6, 1, 1, 2, 1)",goods_receipt: ρ = type  │  invoice_receipt: ρ = CreditAmountBSEGWRBTR  │  material: ρ = QuantityEKPOMENGE  │  payment: ρ = AmountDMBTR  │  purchase_order: ρ = PurchasingGroupEKKOEKGRP  │  purchase_requisition: ρ = type  │  quotation: ρ = PurchasingGroupEBANEKGRP,True,,919,927,43.249190938511326,1,1.0087051142546246,2,0.008629989212513456,0.03495089543616403
"(2, 1, 6, 1, 2, 2, 3)",goods_receipt: ρ = type  │  invoice_receipt: ρ = CreditAmountBSEGWRBTR  │  material: ρ = QuantityEKPOMENGE  │  payment: ρ = AmountDMBTR  │  purchase_order: ρ = VendorEKKOLIFNR  │  purchase_requisition: ρ = type  │  quotation: ρ = type,True,,926,927,44.0722761596548,1,1.0010799136069115,2,0.0010787486515642097,0.01658482572694009
"(2, 1, 6, 1, 3, 1, 1)",goods_receipt: ρ = type  │  invoice_receipt: ρ = CreditAmountBSEGWRBTR  │  material: ρ = QuantityEKPOMENGE  │  payment: ρ = AmountDMBTR  │  purchase_order: ρ = type  │  purchase_requisition: ρ = PurchasingGroupEBANEKGRP  │  quotation: ρ = PurchasingGroupEBANEKGRP,True,,919,927,44.0722761596548,1,1.0087051142546246,2,0.008629989212513456,0.01658482572694009
"(2, 1, 6, 1, 3, 2, 2)",goods_receipt: ρ = type  │  invoice_receipt: ρ = CreditAmountBSEGWRBTR  │  material: ρ = QuantityEKPOMENGE  │  payment: ρ = AmountDMBTR  │  purchase_order: ρ = type  │  purchase_requisition: ρ = type  │  quotation: ρ = VendorEBANLIFNR,True,,926,927,44.0722761596548,1,1.0010799136069115,2,0.0010787486515642097,0.01658482572694009
"(2, 1, 6, 2, 1, 1, 1)",goods_receipt: ρ = type  │  invoice_receipt: ρ = CreditAmountBSEGWRBTR  │  material: ρ = QuantityEKPOMENGE  │  payment: ρ = AmountDMBTR_band  │  purchase_order: ρ = PurchasingGroupEKKOEKGRP  │  purchase_requisition: ρ = PurchasingGroupEBANEKGRP  │  quotation: ρ = PurchasingGroupEBANEKGRP,True,,919,927,43.50701186623517,1,1.0087051142546246,2,0.008629989212513456,0.029197958790679657
"(2, 1, 6, 2, 2, 1, 3)",goods_receipt: ρ = type  │  invoice_receipt: ρ = CreditAmountBSEGWRBTR  │  material: ρ = QuantityEKPOMENGE  │  payment: ρ = AmountDMBTR_band  │  purchase_order: ρ = VendorEKKOLIFNR  │  purchase_requisition: ρ = PurchasingGroupEBANEKGRP  │  quotation: ρ = type,True,,926,927,44.33009708737864,1,1.0010799136069115,2,0.0010787486515642097,0.010831889081455826
"(2, 1, 6, 2, 1, 2, 2)",goods_receipt: ρ = type  │  invoice_receipt: ρ = CreditAmountBSEGWRBTR  │  material: ρ = QuantityEKPOMENGE  │  payment: ρ = AmountDMBTR_band  │  purchase_order: ρ = PurchasingGroupEKKOEKGRP  │  purchase_requisition: ρ = type  │  quotation: ρ = VendorEBANLIFNR,True,,926,927,44.33009708737864,1,1.0010799136069115,2,0.0010787486515642097,0.010831889081455826
"(2, 1, 6, 2, 2, 2, 1)",goods_receipt: ρ = type  │  invoice_receipt: ρ = CreditAmountBSEGWRBTR  │  material: ρ = QuantityEKPOMENGE  │  payment: ρ = AmountDMBTR_band  │  purchase_order: ρ = VendorEKKOLIFNR  │  purchase_requisition: ρ = type  │  quotation: ρ = PurchasingGroupEBANEKGRP,True,,926,927,44.33009708737864,1,1.0010799136069115,2,0.0010787486515642097,0.010831889081455826
"(2, 1, 6, 2, 3, 1, 2)",goods_receipt: ρ = type  │  invoice_receipt: ρ = CreditAmountBSEGWRBTR  │  material: ρ = QuantityEKPOMENGE  │  payment: ρ = AmountDMBTR_band  │  purchase_order: ρ = type  │  purchase_requisition: ρ = PurchasingGroupEBANEKGRP  │  quotation: ρ = VendorEBANLIFNR,True,,926,927,44.33009708737864,1,1.0010799136069115,2,0.0010787486515642097,0.010831889081455826
"(2, 1, 6, 3, 1, 1, 1)",goods_receipt: ρ = type  │  invoice_receipt: ρ = CreditAmountBSEGWRBTR  │  material: ρ = QuantityEKPOMENGE  │  payment: ρ = PaymentMethodZLSCH  │  purchase_order: ρ = PurchasingGroupEKKOEKGRP  │  purchase_requisition: ρ = PurchasingGroupEBANEKGRP  │  quotation: ρ = PurchasingGroupEBANEKGRP,True,,924,927,43.50701186623517,1,1.0032467532467533,2,0.003236245954692518,0.029197958790679657
"(2, 1, 6, 3, 2, 1, 3)",goods_receipt: ρ = type  │  invoice_receipt: ρ = CreditAmountBSEGWRBTR  │  material: ρ = QuantityEKPOMENGE  │  payment: ρ = PaymentMethodZLSCH  │  purchase_order: ρ = VendorEKKOLIFNR  │  purchase_requisition: ρ = PurchasingGroupEBANEKGRP  │  quotation: ρ = type,True,,926,927,44.33009708737864,1,1.0010799136069115,2,0.0010787486515642097,0.010831889081455826
"(2, 1, 6, 3, 1, 2, 2)",goods_receipt: ρ = type  │  invoice_receipt: ρ = CreditAmountBSEGWRBTR  │  material: ρ = QuantityEKPOMENGE  │  payment: ρ = PaymentMethodZLSCH  │  purchase_order: ρ = PurchasingGroupEKKOEKGRP  │  purchase_requisition: ρ = type  │  quotation: ρ = VendorEBANLIFNR,True,,926,927,44.33009708737864,1,1.0010799136069115,2,0.0010787486515642097,0.010831889081455826
"(2, 1, 6, 3, 2, 2, 1)",goods_receipt: ρ = type  │  invoice_receipt: ρ = CreditAmountBSEGWRBTR  │  material: ρ = QuantityEKPOMENGE  │  payment: ρ = PaymentMethodZLSCH  │  purchase_order: ρ = VendorEKKOLIFNR  │  purchase_requisition: ρ = type  │  quotation: ρ = PurchasingGroupEBANEKGRP,True,,926,927,44.33009708737864,1,1.0010799136069115,2,0.0010787486515642097,0.010831889081455826
"(2, 1, 6, 3, 3, 1, 2)",goods_receipt: ρ = type  │  invoice_receipt: ρ = CreditAmountBSEGWRBTR  │  material: ρ = QuantityEKPOMENGE  │  payment: ρ = PaymentMethodZLSCH  │  purchase_order: ρ = type  │  purchase_requisition: ρ = PurchasingGroupEBANEKGRP  │  quotation: ρ = VendorEBANLIFNR,True,,926,927,44.33009708737864,1,1.0010799136069115,2,0.0010787486515642097,0.010831889081455826
"(2, 1, 6, 4, 1, 1, 2)",goods_receipt: ρ = type  │  invoice_receipt: ρ = CreditAmountBSEGWRBTR  │  material: ρ = QuantityEKPOMENGE  │  payment: ρ = type  │  purchase_order: ρ = PurchasingGroupEKKOEKGRP  │  purchase_requisition: ρ = PurchasingGroupEBANEKGRP  │  quotation: ρ = VendorEBANLIFNR,True,,926,927,44.33009708737864,1,1.0010799136069115,2,0.0010787486515642097,0.010831889081455826
"(2, 1, 6, 4, 2, 1, 1)",goods_receipt: ρ = type  │  invoice_receipt: ρ = CreditAmountBSEGWRBTR  │  material: ρ = QuantityEKPOMENGE  │  payment: ρ = type  │  purchase_order: ρ = VendorEKKOLIFNR  │  purchase_requisition: ρ = PurchasingGroupEBANEKGRP  │  quotation: ρ = PurchasingGroupEBANEKGRP,True,,926,927,44.33009708737864,1,1.0010799136069115,2,0.0010787486515642097,0.010831889081455826
"(2, 1, 6, 4, 2, 2, 2)",goods_receipt: ρ = type  │  invoice_receipt: ρ = CreditAmountBSEGWRBTR  │  material: ρ = QuantityEKPOMENGE  │  payment: ρ = type  │  purchase_order: ρ = VendorEKKOLIFNR  │  purchase_requisition: ρ = type  │  quotation: ρ = VendorEBANLIFNR,True,,926,927,43.50701186623517,1,1.0010799136069115,2,0.0010787486515642097,0.029197958790679657
"(2, 1, 7, 1, 1, 1, 1)",goods_receipt: ρ = type  │  invoice_receipt: ρ = CreditAmountBSEGWRBTR  │  material: ρ = QuantityEKPOMENGE_band  │  payment: ρ = AmountDMBTR  │  purchase_order: ρ = PurchasingGroupEKKOEKGRP  │  purchase_requisition: ρ = PurchasingGroupEBANEKGRP  │  quotation: ρ = PurchasingGroupEBANEKGRP,True,,919,927,42.72384034519957,1,1.0087051142546246,2,0.008629989212513456,0.04667340650876173
"(2, 1, 7, 1, 2, 1, 3)",goods_receipt: ρ = type  │  invoice_receipt: ρ = CreditAmountBSEGWRBTR  │  material: ρ = QuantityEKPOMENGE_band  │  payment: ρ = AmountDMBTR  │  purchase_order: ρ = VendorEKKOLIFNR  │  purchase_requisition: ρ = PurchasingGroupEBANEKGRP  │  quotation: ρ = type,True,,926,927,43.54692556634304,1,1.0010799136069115,2,0.0010787486515642097,0.028307336799537786
"(2, 1, 7, 1, 1, 2, 2)",goods_receipt: ρ = type  │  invoice_receipt: ρ = CreditAmountBSEGWRBTR  │  material: ρ = QuantityEKPOMENGE_band  │  payment: ρ = AmountDMBTR  │  purchase_order: ρ = PurchasingGroupEKKOEKGRP  │  purchase_requisition: ρ = type  │  quotation: ρ = VendorEBANLIFNR,True,,926,927,43.54692556634304,1,1.0010799136069115,2,0.0010787486515642097,0.028307336799537786
"(2, 1, 7, 1, 2, 2, 1)",goods_receipt: ρ = type  │  invoice_receipt: ρ = CreditAmountBSEGWRBTR  │  material: ρ = QuantityEKPOMENGE_band  │  payment: ρ = AmountDMBTR  │  purchase_order: ρ = VendorEKKOLIFNR  │  purchase_requisition: ρ = type  │  quotation: ρ = PurchasingGroupEBANEKGRP,True,,926,927,43.54692556634304,1,1.0010799136069115,2,0.0010787486515642097,0.028307336799537786
"(2, 1, 7, 1, 3, 1, 2)",goods_receipt: ρ = type  │  invoice_receipt: ρ = CreditAmountBSEGWRBTR  │  material: ρ = QuantityEKPOMENGE_band  │  payment: ρ = AmountDMBTR  │  purchase_order: ρ = type  │  purchase_requisition: ρ = PurchasingGroupEBANEKGRP  │  quotation: ρ = VendorEBANLIFNR,True,,926,927,43.54692556634304,1,1.0010799136069115,2,0.0010787486515642097,0.028307336799537786
"(2, 1, 7, 2, 1, 1, 2)",goods_receipt: ρ = type  │  invoice_receipt: ρ = CreditAmountBSEGWRBTR  │  material: ρ = QuantityEKPOMENGE_band  │  payment: ρ = AmountDMBTR_band  │  purchase_order: ρ = PurchasingGroupEKKOEKGRP  │  purchase_requisition: ρ = PurchasingGroupEBANEKGRP  │  quotation: ρ = VendorEBANLIFNR,True,,926,927,43.80474649406688,1,1.0010799136069115,2,0.0010787486515642097,0.022554400154053522
"(2, 1, 7, 2, 2, 1, 1)",goods_receipt: ρ = type  │  invoice_receipt: ρ = CreditAmountBSEGWRBTR  │  material: ρ = QuantityEKPOMENGE_band  │  payment: ρ = AmountDMBTR_band  │  purchase_order: ρ = VendorEKKOLIFNR  │  purchase_requisition: ρ = PurchasingGroupEBANEKGRP  │  quotation: ρ = PurchasingGroupEBANEKGRP,True,,926,927,43.80474649406688,1,1.0010799136069115,2,0.0010787486515642097,0.022554400154053522
"(2, 1, 7, 2, 2, 2, 2)",goods_receipt: ρ = type  │  invoice_receipt: ρ = CreditAmountBSEGWRBTR  │  material: ρ = QuantityEKPOMENGE_band  │  payment: ρ = AmountDMBTR_band  │  purchase_order: ρ = VendorEKKOLIFNR  │  purchase_requisition: ρ = type  │  quotation: ρ = VendorEBANLIFNR,True,,926,927,42.98166127292341,1,1.0010799136069115,2,0.0010787486515642097,0.04092046986327735
"(2, 1, 7, 3, 1, 1, 2)",goods_receipt: ρ = type  │  invoice_receipt: ρ = CreditAmountBSEGWRBTR  │  material: ρ = QuantityEKPOMENGE_band  │  payment: ρ = PaymentMethodZLSCH  │  purchase_order: ρ = PurchasingGroupEKKOEKGRP  │  purchase_requisition: ρ = PurchasingGroupEBANEKGRP  │  quotation: ρ = VendorEBANLIFNR,True,,926,927,43.80474649406688,1,1.0010799136069115,2,0.0010787486515642097,0.022554400154053522
"(2, 1, 7, 3, 2, 1, 1)",goods_receipt: ρ = type  │  invoice_receipt: ρ = CreditAmountBSEGWRBTR  │  material: ρ = QuantityEKPOMENGE_band  │  payment: ρ = PaymentMethodZLSCH  │  purchase_order: ρ = VendorEKKOLIFNR  │  purchase_requisition: ρ = PurchasingGroupEBANEKGRP  │  quotation: ρ = PurchasingGroupEBANEKGRP,True,,926,927,43.80474649406688,1,1.0010799136069115,2,0.0010787486515642097,0.022554400154053522
"(2, 1, 7, 3, 2, 2, 2)",goods_receipt: ρ = type  │  invoice_receipt: ρ = CreditAmountBSEGWRBTR  │  material: ρ = QuantityEKPOMENGE_band  │  payment: ρ = PaymentMethodZLSCH  │  purchase_order: ρ = VendorEKKOLIFNR  │  purchase_requisition: ρ = type  │  quotation: ρ = VendorEBANLIFNR,True,,926,927,42.98166127292341,1,1.0010799136069115,2,0.0010787486515642097,0.04092046986327735
"(2, 1, 7, 4, 2, 1, 2)",goods_receipt: ρ = type  │  invoice_receipt: ρ = CreditAmountBSEGWRBTR  │  material: ρ = QuantityEKPOMENGE_band  │  payment: ρ = type  │  purchase_order: ρ = VendorEKKOLIFNR  │  purchase_requisition: ρ = PurchasingGroupEBANEKGRP  │  quotation: ρ = VendorEBANLIFNR,True,,926,927,42.98166127292341,1,1.0010799136069115,2,0.0010787486515642097,0.04092046986327735
"(2, 1, 8, 1, 1, 1, 1)",goods_receipt: ρ = type  │  invoice_receipt: ρ = CreditAmountBSEGWRBTR  │  material: ρ = StorageLocationEKPOLGORT  │  payment: ρ = AmountDMBTR  │  purchase_order: ρ = PurchasingGroupEKKOEKGRP  │  purchase_requisition: ρ = PurchasingGroupEBANEKGRP  │  quotation: ρ = PurchasingGroupEBANEKGRP,True,,926,927,42.932038834951456,1,1.0010799136069115,2,0.0010787486515642097,0.042027729636048505
"(2, 1, 9, 1, 1, 1, 2)",goods_receipt: ρ = type  │  invoice_receipt: ρ = CreditAmountBSEGWRBTR  │  material: ρ = type  │  payment: ρ = AmountDMBTR  │  purchase_order: ρ = PurchasingGroupEKKOEKGRP  │  purchase_requisition: ρ = PurchasingGroupEBANEKGRP  │  quotation: ρ = VendorEBANLIFNR,True,,926,927,42.93311758360302,1,1.0010799136069115,2,0.0010787486515642097,0.04200365877142298
"(2, 1, 9, 1, 2, 1, 1)",goods_receipt: ρ = type  │  invoice_receipt: ρ = CreditAmountBSEGWRBTR  │  material: ρ = type  │  payment: ρ = AmountDMBTR  │  purchase_order: ρ = VendorEKKOLIFNR  │  purchase_requisition: ρ = PurchasingGroupEBANEKGRP  │  quotation: ρ = PurchasingGroupEBANEKGRP,True,,926,927,42.93311758360302,1,1.0010799136069115,2,0.0010787486515642097,0.04200365877142298
"(2, 1, 9, 1, 2, 2, 2)",goods_receipt: ρ = type  │  invoice_receipt: ρ = CreditAmountBSEGWRBTR  │  material: ρ = type  │  payment: ρ = AmountDMBTR  │  purchase_order: ρ = VendorEKKOLIFNR  │  purchase_requisition: ρ = type  │  quotation: ρ = VendorEBANLIFNR,True,,926,927,42.11003236245955,1,1.0010799136069115,2,0.0010787486515642097,0.06036972848064692
"(2, 1, 9, 2, 2, 1, 2)",goods_receipt: ρ = type  │  invoice_receipt: ρ = CreditAmountBSEGWRBTR  │  material: ρ = type  │  payment: ρ = AmountDMBTR_band  │  purchase_order: ρ = VendorEKKOLIFNR  │  purchase_requisition: ρ = PurchasingGroupEBANEKGRP  │  quotation: ρ = VendorEBANLIFNR,True,,926,927,42.36785329018339,1,1.0010799136069115,2,0.0010787486515642097,0.05461679183516266
"(2, 1, 9, 3, 2, 1, 2)",goods_receipt: ρ = type  │  invoice_receipt: ρ = CreditAmountBSEGWRBTR  │  material: ρ = type  │  payment: ρ = PaymentMethodZLSCH  │  purchase_order: ρ = VendorEKKOLIFNR  │  purchase_requisition: ρ = PurchasingGroupEBANEKGRP  │  quotation: ρ = VendorEBANLIFNR,True,,926,927,42.36785329018339,1,1.0010799136069115,2,0.0010787486515642097,0.05461679183516266
"(2, 2, 2, 1, 1, 1, 3)",goods_receipt: ρ = type  │  invoice_receipt: ρ = CreditAmountBSEGWRBTR_band  │  material: ρ = MaterialEKPOMATNR  │  payment: ρ = AmountDMBTR  │  purchase_order: ρ = PurchasingGroupEKKOEKGRP  │  purchase_requisition: ρ = PurchasingGroupEBANEKGRP  │  quotation: ρ = type,True,,922,927,44.353829557713055,1,1.0054229934924077,2,0.005393743257820938,0.010302330059695608
"(2, 2, 2, 1, 1, 2, 1)",goods_receipt: ρ = type  │  invoice_receipt: ρ = CreditAmountBSEGWRBTR_band  │  material: ρ = MaterialEKPOMATNR  │  payment: ρ = AmountDMBTR  │  purchase_order: ρ = PurchasingGroupEKKOEKGRP  │  purchase_requisition: ρ = type  │  quotation: ρ = PurchasingGroupEBANEKGRP,True,,922,927,43.530744336569576,1,1.0054229934924077,2,0.005393743257820938,0.028668399768919772
"(2, 2, 2, 1, 3, 1, 1)",goods_receipt: ρ = type  │  invoice_receipt: ρ = CreditAmountBSEGWRBTR_band  │  material: ρ = MaterialEKPOMATNR  │  payment: ρ = AmountDMBTR  │  purchase_order: ρ = type  │  purchase_requisition: ρ = PurchasingGroupEBANEKGRP  │  quotation: ρ = PurchasingGroupEBANEKGRP,True,,922,927,44.353829557713055,1,1.0054229934924077,2,0.005393743257820938,0.010302330059695608
"(2, 2, 2, 2, 1, 1, 1)",goods_receipt: ρ = type  │  invoice_receipt: ρ = CreditAmountBSEGWRBTR_band  │  material: ρ = MaterialEKPOMATNR  │  payment: ρ = AmountDMBTR_band  │  purchase_order: ρ = PurchasingGroupEKKOEKGRP  │  purchase_requisition: ρ = PurchasingGroupEBANEKGRP  │  quotation: ρ = PurchasingGroupEBANEKGRP,True,,778,927,43.27292340884574,1,1.1915167095115682,12,0.1607335490830637,0.034421336414403925
"(2, 2, 2, 2, 2, 1, 3)",goods_receipt: ρ = type  │  invoice_receipt: ρ = CreditAmountBSEGWRBTR_band  │  material: ρ = MaterialEKPOMATNR  │  payment: ρ = AmountDMBTR_band  │  purchase_order: ρ = VendorEKKOLIFNR  │  purchase_requisition: ρ = PurchasingGroupEBANEKGRP  │  quotation: ρ = type,True,,895,927,44.096008629989214,1,1.035754189944134,4,0.034519956850053934,0.016055266705179982
"(2, 2, 2, 2, 1, 2, 2)",goods_receipt: ρ = type  │  invoice_receipt: ρ = CreditAmountBSEGWRBTR_band  │  material: ρ = MaterialEKPOMATNR  │  payment: ρ = AmountDMBTR_band  │  purchase_order: ρ = PurchasingGroupEKKOEKGRP  │  purchase_requisition: ρ = type  │  quotation: ρ = VendorEBANLIFNR,True,,895,927,44.096008629989214,1,1.035754189944134,4,0.034519956850053934,0.016055266705179982
"(2, 2, 2, 2, 2, 2, 1)",goods_receipt: ρ = type  │  invoice_receipt: ρ = CreditAmountBSEGWRBTR_band  │  material: ρ = MaterialEKPOMATNR  │  payment: ρ = AmountDMBTR_band  │  purchase_order: ρ = VendorEKKOLIFNR  │  purchase_requisition: ρ = type  │  quotation: ρ = PurchasingGroupEBANEKGRP,True,,895,927,44.096008629989214,1,1.035754189944134,4,0.034519956850053934,0.016055266705179982
"(2, 2, 2, 2, 3, 1, 2)",goods_receipt: ρ = type  │  invoice_receipt: ρ = CreditAmountBSEGWRBTR_band  │  material: ρ = MaterialEKPOMATNR  │  payment: ρ = AmountDMBTR_band  │  purchase_order: ρ = type  │  purchase_requisition: ρ = PurchasingGroupEBANEKGRP  │  quotation: ρ = VendorEBANLIFNR,True,,895,927,44.096008629989214,1,1.035754189944134,4,0.034519956850053934,0.016055266705179982
"(2, 2, 2, 3, 1, 1, 1)",goods_receipt: ρ = type  │  invoice_receipt: ρ = CreditAmountBSEGWRBTR_band  │  material: ρ = MaterialEKPOMATNR  │  payment: ρ = PaymentMethodZLSCH  │  purchase_order: ρ = PurchasingGroupEKKOEKGRP  │  purchase_requisition: ρ = PurchasingGroupEBANEKGRP  │  quotation: ρ = PurchasingGroupEBANEKGRP,True,,841,927,43.530744336569576,1,1.1022592152199762,6,0.09277238403451993,0.028668399768919772
"(2, 2, 2, 3, 2, 1, 3)",goods_receipt: ρ = type  │  invoice_receipt: ρ = CreditAmountBSEGWRBTR_band  │  material: ρ = MaterialEKPOMATNR  │  payment: ρ = PaymentMethodZLSCH  │  purchase_order: ρ = VendorEKKOLIFNR  │  purchase_requisition: ρ = PurchasingGroupEBANEKGRP  │  quotation: ρ = type,True,,915,927,44.353829557713055,1,1.0131147540983607,3,0.012944983818770184,0.010302330059695608
"(2, 2, 2, 3, 1, 2, 2)",goods_receipt: ρ = type  │  invoice_receipt: ρ = CreditAmountBSEGWRBTR_band  │  material: ρ = MaterialEKPOMATNR  │  payment: ρ = PaymentMethodZLSCH  │  purchase_order: ρ = PurchasingGroupEKKOEKGRP  │  purchase_requisition: ρ = type  │  quotation: ρ = VendorEBANLIFNR,True,,915,927,44.353829557713055,1,1.0131147540983607,3,0.012944983818770184,0.010302330059695608
"(2, 2, 2, 3, 2, 2, 1)",goods_receipt: ρ = type  │  invoice_receipt: ρ = CreditAmountBSEGWRBTR_band  │  material: ρ = MaterialEKPOMATNR  │  payment: ρ = PaymentMethodZLSCH  │  purchase_order: ρ = VendorEKKOLIFNR  │  purchase_requisition: ρ = type  │  quotation: ρ = PurchasingGroupEBANEKGRP,True,,915,927,44.353829557713055,1,1.0131147540983607,3,0.012944983818770184,0.010302330059695608
"(2, 2, 2, 3, 3, 1, 2)",goods_receipt: ρ = type  │  invoice_receipt: ρ = CreditAmountBSEGWRBTR_band  │  material: ρ = MaterialEKPOMATNR  │  payment: ρ = PaymentMethodZLSCH  │  purchase_order: ρ = type  │  purchase_requisition: ρ = PurchasingGroupEBANEKGRP  │  quotation: ρ = VendorEBANLIFNR,True,,915,927,44.353829557713055,1,1.0131147540983607,3,0.012944983818770184,0.010302330059695608
"(2, 2, 2, 4, 1, 1, 2)",goods_receipt: ρ = type  │  invoice_receipt: ρ = CreditAmountBSEGWRBTR_band  │  material: ρ = MaterialEKPOMATNR  │  payment: ρ = type  │  purchase_order: ρ = PurchasingGroupEKKOEKGRP  │  purchase_requisition: ρ = PurchasingGroupEBANEKGRP  │  quotation: ρ = VendorEBANLIFNR,True,,894,927,44.353829557713055,1,1.0369127516778522,4,0.035598705501618144,0.010302330059695608
"(2, 2, 2, 4, 2, 1, 1)",goods_receipt: ρ = type  │  invoice_receipt: ρ = CreditAmountBSEGWRBTR_band  │  material: ρ = MaterialEKPOMATNR  │  payment: ρ = type  │  purchase_order: ρ = VendorEKKOLIFNR  │  purchase_requisition: ρ = PurchasingGroupEBANEKGRP  │  quotation: ρ = PurchasingGroupEBANEKGRP,True,,894,927,44.353829557713055,1,1.0369127516778522,4,0.035598705501618144,0.010302330059695608
"(2, 2, 2, 4, 2, 2, 2)",goods_receipt: ρ = type  │  invoice_receipt: ρ = CreditAmountBSEGWRBTR_band  │  material: ρ = MaterialEKPOMATNR  │  payment: ρ = type  │  purchase_order: ρ = VendorEKKOLIFNR  │  purchase_requisition: ρ = type  │  quotation: ρ = VendorEBANLIFNR,True,,894,927,43.530744336569576,1,1.0369127516778522,4,0.035598705501618144,0.028668399768919772
"(2, 2, 3, 1, 1, 1, 1)",goods_receipt: ρ = type  │  invoice_receipt: ρ = CreditAmountBSEGWRBTR_band  │  material: ρ = NetPriceEKPONETPR  │  payment: ρ = AmountDMBTR  │  purchase_order: ρ = PurchasingGroupEKKOEKGRP  │  purchase_requisition: ρ = PurchasingGroupEBANEKGRP  │  quotation: ρ = PurchasingGroupEBANEKGRP,True,,919,927,43.31175836030205,1,1.0087051142546246,2,0.008629989212513456,0.03355478528788747
"(2, 2, 3, 1, 2, 1, 3)",goods_receipt: ρ = type  │  invoice_receipt: ρ = CreditAmountBSEGWRBTR_band  │  material: ρ = NetPriceEKPONETPR  │  payment: ρ = AmountDMBTR  │  purchase_order: ρ = VendorEKKOLIFNR  │  purchase_requisition: ρ = PurchasingGroupEBANEKGRP  │  quotation: ρ = type,True,,926,927,44.13484358144552,1,1.0010799136069115,2,0.0010787486515642097,0.015188715578663525
"(2, 2, 3, 1, 1, 2, 2)",goods_receipt: ρ = type  │  invoice_receipt: ρ = CreditAmountBSEGWRBTR_band  │  material: ρ = NetPriceEKPONETPR  │  payment: ρ = AmountDMBTR  │  purchase_order: ρ = PurchasingGroupEKKOEKGRP  │  purchase_requisition: ρ = type  │  quotation: ρ = VendorEBANLIFNR,True,,926,927,44.13484358144552,1,1.0010799136069115,2,0.0010787486515642097,0.015188715578663525
"(2, 2, 3, 1, 2, 2, 1)",goods_receipt: ρ = type  │  invoice_receipt: ρ = CreditAmountBSEGWRBTR_band  │  material: ρ = NetPriceEKPONETPR  │  payment: ρ = AmountDMBTR  │  purchase_order: ρ = VendorEKKOLIFNR  │  purchase_requisition: ρ = type  │  quotation: ρ = PurchasingGroupEBANEKGRP,True,,926,927,44.13484358144552,1,1.0010799136069115,2,0.0010787486515642097,0.015188715578663525
"(2, 2, 3, 1, 3, 1, 2)",goods_receipt: ρ = type  │  invoice_receipt: ρ = CreditAmountBSEGWRBTR_band  │  material: ρ = NetPriceEKPONETPR  │  payment: ρ = AmountDMBTR  │  purchase_order: ρ = type  │  purchase_requisition: ρ = PurchasingGroupEBANEKGRP  │  quotation: ρ = VendorEBANLIFNR,True,,926,927,44.13484358144552,1,1.0010799136069115,2,0.0010787486515642097,0.015188715578663525
"(2, 2, 3, 2, 1, 1, 2)",goods_receipt: ρ = type  │  invoice_receipt: ρ = CreditAmountBSEGWRBTR_band  │  material: ρ = NetPriceEKPONETPR  │  payment: ρ = AmountDMBTR_band  │  purchase_order: ρ = PurchasingGroupEKKOEKGRP  │  purchase_requisition: ρ = PurchasingGroupEBANEKGRP  │  quotation: ρ = VendorEBANLIFNR,True,,878,927,43.87702265372168,1,1.0558086560364466,5,0.052858683926645056,0.0209416522241479
"(2, 2, 3, 2, 2, 1, 1)",goods_receipt: ρ = type  │  invoice_receipt: ρ = CreditAmountBSEGWRBTR_band  │  material: ρ = NetPriceEKPONETPR  │  payment: ρ = AmountDMBTR_band  │  purchase_order: ρ = VendorEKKOLIFNR  │  purchase_requisition: ρ = PurchasingGroupEBANEKGRP  │  quotation: ρ = PurchasingGroupEBANEKGRP,True,,878,927,43.87702265372168,1,1.0558086560364466,5,0.052858683926645056,0.0209416522241479
"(2, 2, 3, 2, 2, 2, 2)",goods_receipt: ρ = type  │  invoice_receipt: ρ = CreditAmountBSEGWRBTR_band  │  material: ρ = NetPriceEKPONETPR  │  payment: ρ = AmountDMBTR_band  │  purchase_order: ρ = VendorEKKOLIFNR  │  purchase_requisition: ρ = type  │  quotation: ρ = VendorEBANLIFNR,True,,878,927,43.05393743257821,1,1.0558086560364466,5,0.052858683926645056,0.03930772193337184
"(2, 2, 3, 3, 1, 1, 2)",goods_receipt: ρ = type  │  invoice_receipt: ρ = CreditAmountBSEGWRBTR_band  │  material: ρ = NetPriceEKPONETPR  │  payment: ρ = PaymentMethodZLSCH  │  purchase_order: ρ = PurchasingGroupEKKOEKGRP  │  purchase_requisition: ρ = PurchasingGroupEBANEKGRP  │  quotation: ρ = VendorEBANLIFNR,True,,907,927,44.13484358144552,1,1.022050716648291,3,0.02157497303128375,0.015188715578663525
"(2, 2, 3, 3, 2, 1, 1)",goods_receipt: ρ = type  │  invoice_receipt: ρ = CreditAmountBSEGWRBTR_band  │  material: ρ = NetPriceEKPONETPR  │  payment: ρ = PaymentMethodZLSCH  │  purchase_order: ρ = VendorEKKOLIFNR  │  purchase_requisition: ρ = PurchasingGroupEBANEKGRP  │  quotation: ρ = PurchasingGroupEBANEKGRP,True,,907,927,44.13484358144552,1,1.022050716648291,3,0.02157497303128375,0.015188715578663525
"(2, 2, 3, 3, 2, 2, 2)",goods_receipt: ρ = type  │  invoice_receipt: ρ = CreditAmountBSEGWRBTR_band  │  material: ρ = NetPriceEKPONETPR  │  payment: ρ = PaymentMethodZLSCH  │  purchase_order: ρ = VendorEKKOLIFNR  │  purchase_requisition: ρ = type  │  quotation: ρ = VendorEBANLIFNR,True,,907,927,43.31175836030205,1,1.022050716648291,3,0.02157497303128375,0.03355478528788747
"(2, 2, 3, 4, 2, 1, 2)",goods_receipt: ρ = type  │  invoice_receipt: ρ = CreditAmountBSEGWRBTR_band  │  material: ρ = NetPriceEKPONETPR  │  payment: ρ = type  │  purchase_order: ρ = VendorEKKOLIFNR  │  purchase_requisition: ρ = PurchasingGroupEBANEKGRP  │  quotation: ρ = VendorEBANLIFNR,True,,877,927,43.31175836030205,1,1.057012542759407,5,0.053937432578209266,0.03355478528788747
"(2, 2, 4, 1, 1, 1, 2)",goods_receipt: ρ = type  │  invoice_receipt: ρ = CreditAmountBSEGWRBTR_band  │  material: ρ = NetPriceEKPONETPR_band  │  payment: ρ = AmountDMBTR  │  purchase_order: ρ = PurchasingGroupEKKOEKGRP  │  purchase_requisition: ρ = PurchasingGroupEBANEKGRP  │  quotation: ρ = VendorEBANLIFNR,True,,926,927,43.34519956850054,1,1.0010799136069115,2,0.0010787486515642097,0.0328085884844983
"(2, 2, 4, 1, 2, 1, 1)",goods_receipt: ρ = type  │  invoice_receipt: ρ = CreditAmountBSEGWRBTR_band  │  material: ρ = NetPriceEKPONETPR_band  │  payment: ρ = AmountDMBTR  │  purchase_order: ρ = VendorEKKOLIFNR  │  purchase_requisition: ρ = PurchasingGroupEBANEKGRP  │  quotation: ρ = PurchasingGroupEBANEKGRP,True,,926,927,43.34519956850054,1,1.0010799136069115,2,0.0010787486515642097,0.0328085884844983
"(2, 2, 4, 1, 2, 2, 2)",goods_receipt: ρ = type  │  invoice_receipt: ρ = CreditAmountBSEGWRBTR_band  │  material: ρ = NetPriceEKPONETPR_band  │  payment: ρ = AmountDMBTR  │  purchase_order: ρ = VendorEKKOLIFNR  │  purchase_requisition: ρ = type  │  quotation: ρ = VendorEBANLIFNR,True,,926,927,42.52211434735707,1,1.0010799136069115,2,0.0010787486515642097,0.051174658193722244
"(2, 2, 4, 2, 2, 1, 2)",goods_receipt: ρ = type  │  invoice_receipt: ρ = CreditAmountBSEGWRBTR_band  │  material: ρ = NetPriceEKPONETPR_band  │  payment: ρ = AmountDMBTR_band  │  purchase_order: ρ = VendorEKKOLIFNR  │  purchase_requisition: ρ = PurchasingGroupEBANEKGRP  │  quotation: ρ = VendorEBANLIFNR,True,,805,927,42.264293419633226,1,1.151552795031056,7,0.1316073354908306,0.05692759483920651
"(2, 2, 4, 3, 2, 1, 2)",goods_receipt: ρ = type  │  invoice_receipt: ρ = CreditAmountBSEGWRBTR_band  │  material: ρ = NetPriceEKPONETPR_band  │  payment: ρ = PaymentMethodZLSCH  │  purchase_order: ρ = VendorEKKOLIFNR  │  purchase_requisition: ρ = PurchasingGroupEBANEKGRP  │  quotation: ρ = VendorEBANLIFNR,True,,874,927,42.52211434735707,1,1.0606407322654463,4,0.057173678532901784,0.051174658193722244
"(2, 2, 0, 2, 1, 1, 1)",goods_receipt: ρ = type  │  invoice_receipt: ρ = CreditAmountBSEGWRBTR_band  │  material: ρ = id  │  payment: ρ = AmountDMBTR_band  │  purchase_order: ρ = PurchasingGroupEKKOEKGRP  │  purchase_requisition: ρ = PurchasingGroupEBANEKGRP  │  quotation: ρ = PurchasingGroupEBANEKGRP,True,,872,927,43.27292340884574,1,1.063073394495413,12,0.0593311758360302,0.034421336414403925
"(2, 2, 0, 2, 2, 1, 3)",goods_receipt: ρ = type  │  invoice_receipt: ρ = CreditAmountBSEGWRBTR_band  │  material: ρ = id  │  payment: ρ = AmountDMBTR_band  │  purchase_order: ρ = VendorEKKOLIFNR  │  purchase_requisition: ρ = PurchasingGroupEBANEKGRP  │  quotation: ρ = type,True,,913,927,44.096008629989214,1,1.0153340635268346,3,0.015102481121898603,0.016055266705179982
"(2, 2, 0, 2, 1, 2, 2)",goods_receipt: ρ = type  │  invoice_receipt: ρ = CreditAmountBSEGWRBTR_band  │  material: ρ = id  │  payment: ρ = AmountDMBTR_band  │  purchase_order: ρ = PurchasingGroupEKKOEKGRP  │  purchase_requisition: ρ = type  │  quotation: ρ = VendorEBANLIFNR,True,,913,927,44.096008629989214,1,1.0153340635268346,3,0.015102481121898603,0.016055266705179982
"(2, 2, 0, 2, 2, 2, 1)",goods_receipt: ρ = type  │  invoice_receipt: ρ = CreditAmountBSEGWRBTR_band  │  material: ρ = id  │  payment: ρ = AmountDMBTR_band  │  purchase_order: ρ = VendorEKKOLIFNR  │  purchase_requisition: ρ = type  │  quotation: ρ = PurchasingGroupEBANEKGRP,True,,913,927,44.096008629989214,1,1.0153340635268346,3,0.015102481121898603,0.016055266705179982
"(2, 2, 0, 2, 3, 1, 2)",goods_receipt: ρ = type  │  invoice_receipt: ρ = CreditAmountBSEGWRBTR_band  │  material: ρ = id  │  payment: ρ = AmountDMBTR_band  │  purchase_order: ρ = type  │  purchase_requisition: ρ = PurchasingGroupEBANEKGRP  │  quotation: ρ = VendorEBANLIFNR,True,,913,927,44.096008629989214,1,1.0153340635268346,3,0.015102481121898603,0.016055266705179982
"(2, 2, 0, 3, 1, 1, 1)",goods_receipt: ρ = type  │  invoice_receipt: ρ = CreditAmountBSEGWRBTR_band  │  material: ρ = id  │  payment: ρ = PaymentMethodZLSCH  │  purchase_order: ρ = PurchasingGroupEKKOEKGRP  │  purchase_requisition: ρ = PurchasingGroupEBANEKGRP  │  quotation: ρ = PurchasingGroupEBANEKGRP,True,,888,927,43.530744336569576,1,1.0439189189189189,6,0.04207119741100329,0.028668399768919772
"(2, 2, 0, 3, 2, 1, 3)",goods_receipt: ρ = type  │  invoice_receipt: ρ = CreditAmountBSEGWRBTR_band  │  material: ρ = id  │  payment: ρ = PaymentMethodZLSCH  │  purchase_order: ρ = VendorEKKOLIFNR  │  purchase_requisition: ρ = PurchasingGroupEBANEKGRP  │  quotation: ρ = type,True,,923,927,44.353829557713055,1,1.0043336944745396,2,0.004314994606256728,0.010302330059695608
"(2, 2, 0, 3, 1, 2, 2)",goods_receipt: ρ = type  │  invoice_receipt: ρ = CreditAmountBSEGWRBTR_band  │  material: ρ = id  │  payment: ρ = PaymentMethodZLSCH  │  purchase_order: ρ = PurchasingGroupEKKOEKGRP  │  purchase_requisition: ρ = type  │  quotation: ρ = VendorEBANLIFNR,True,,923,927,44.353829557713055,1,1.0043336944745396,2,0.004314994606256728,0.010302330059695608
"(2, 2, 0, 3, 2, 2, 1)",goods_receipt: ρ = type  │  invoice_receipt: ρ = CreditAmountBSEGWRBTR_band  │  material: ρ = id  │  payment: ρ = PaymentMethodZLSCH  │  purchase_order: ρ = VendorEKKOLIFNR  │  purchase_requisition: ρ = type  │  quotation: ρ = PurchasingGroupEBANEKGRP,True,,923,927,44.353829557713055,1,1.0043336944745396,2,0.004314994606256728,0.010302330059695608
"(2, 2, 0, 3, 3, 1, 2)",goods_receipt: ρ = type  │  invoice_receipt: ρ = CreditAmountBSEGWRBTR_band  │  material: ρ = id  │  payment: ρ = PaymentMethodZLSCH  │  purchase_order: ρ = type  │  purchase_requisition: ρ = PurchasingGroupEBANEKGRP  │  quotation: ρ = VendorEBANLIFNR,True,,923,927,44.353829557713055,1,1.0043336944745396,2,0.004314994606256728,0.010302330059695608
"(2, 2, 0, 4, 1, 1, 2)",goods_receipt: ρ = type  │  invoice_receipt: ρ = CreditAmountBSEGWRBTR_band  │  material: ρ = id  │  payment: ρ = type  │  purchase_order: ρ = PurchasingGroupEKKOEKGRP  │  purchase_requisition: ρ = PurchasingGroupEBANEKGRP  │  quotation: ρ = VendorEBANLIFNR,True,,912,927,44.353829557713055,1,1.0164473684210527,3,0.016181229773462813,0.010302330059695608
"(2, 2, 0, 4, 2, 1, 1)",goods_receipt: ρ = type  │  invoice_receipt: ρ = CreditAmountBSEGWRBTR_band  │  material: ρ = id  │  payment: ρ = type  │  purchase_order: ρ = VendorEKKOLIFNR  │  purchase_requisition: ρ = PurchasingGroupEBANEKGRP  │  quotation: ρ = PurchasingGroupEBANEKGRP,True,,912,927,44.353829557713055,1,1.0164473684210527,3,0.016181229773462813,0.010302330059695608
"(2, 2, 0, 4, 2, 2, 2)",goods_receipt: ρ = type  │  invoice_receipt: ρ = CreditAmountBSEGWRBTR_band  │  material: ρ = id  │  payment: ρ = type  │  purchase_order: ρ = VendorEKKOLIFNR  │  purchase_requisition: ρ = type  │  quotation: ρ = VendorEBANLIFNR,True,,912,927,43.530744336569576,1,1.0164473684210527,3,0.016181229773462813,0.028668399768919772
"(2, 2, 1, 2, 1, 1, 2)",goods_receipt: ρ = type  │  invoice_receipt: ρ = CreditAmountBSEGWRBTR_band  │  material: ρ = DeliveryDateEKPOBEDAT  │  payment: ρ = AmountDMBTR_band  │  purchase_order: ρ = PurchasingGroupEKKOEKGRP  │  purchase_requisition: ρ = PurchasingGroupEBANEKGRP  │  quotation: ρ = VendorEBANLIFNR,True,,913,927,44.096008629989214,1,1.0153340635268346,3,0.015102481121898603,0.016055266705179982
"(2, 2, 1, 2, 2, 1, 1)",goods_receipt: ρ = type  │  invoice_receipt: ρ = CreditAmountBSEGWRBTR_band  │  material: ρ = DeliveryDateEKPOBEDAT  │  payment: ρ = AmountDMBTR_band  │  purchase_order: ρ = VendorEKKOLIFNR  │  purchase_requisition: ρ = PurchasingGroupEBANEKGRP  │  quotation: ρ = PurchasingGroupEBANEKGRP,True,,913,927,44.096008629989214,1,1.0153340635268346,3,0.015102481121898603,0.016055266705179982
"(2, 2, 1, 2, 2, 2, 2)",goods_receipt: ρ = type  │  invoice_receipt: ρ = CreditAmountBSEGWRBTR_band  │  material: ρ = DeliveryDateEKPOBEDAT  │  payment: ρ = AmountDMBTR_band  │  purchase_order: ρ = VendorEKKOLIFNR  │  purchase_requisition: ρ = type  │  quotation: ρ = VendorEBANLIFNR,True,,913,927,43.27292340884574,1,1.0153340635268346,3,0.015102481121898603,0.034421336414403925
"(2, 2, 1, 3, 1, 1, 2)",goods_receipt: ρ = type  │  invoice_receipt: ρ = CreditAmountBSEGWRBTR_band  │  material: ρ = DeliveryDateEKPOBEDAT  │  payment: ρ = PaymentMethodZLSCH  │  purchase_order: ρ = PurchasingGroupEKKOEKGRP  │  purchase_requisition: ρ = PurchasingGroupEBANEKGRP  │  quotation: ρ = VendorEBANLIFNR,True,,923,927,44.353829557713055,1,1.0043336944745396,2,0.004314994606256728,0.010302330059695608
"(2, 2, 1, 3, 2, 1, 1)",goods_receipt: ρ = type  │  invoice_receipt: ρ = CreditAmountBSEGWRBTR_band  │  material: ρ = DeliveryDateEKPOBEDAT  │  payment: ρ = PaymentMethodZLSCH  │  purchase_order: ρ = VendorEKKOLIFNR  │  purchase_requisition: ρ = PurchasingGroupEBANEKGRP  │  quotation: ρ = PurchasingGroupEBANEKGRP,True,,923,927,44.353829557713055,1,1.0043336944745396,2,0.004314994606256728,0.010302330059695608
"(2, 2, 1, 3, 2, 2, 2)",goods_receipt: ρ = type  │  invoice_receipt: ρ = CreditAmountBSEGWRBTR_band  │  material: ρ = DeliveryDateEKPOBEDAT  │  payment: ρ = PaymentMethodZLSCH  │  purchase_order: ρ = VendorEKKOLIFNR  │  purchase_requisition: ρ = type  │  quotation: ρ = VendorEBANLIFNR,True,,923,927,43.530744336569576,1,1.0043336944745396,2,0.004314994606256728,0.028668399768919772
"(2, 2, 1, 4, 2, 1, 2)",goods_receipt: ρ = type  │  invoice_receipt: ρ = CreditAmountBSEGWRBTR_band  │  material: ρ = DeliveryDateEKPOBEDAT  │  payment: ρ = type  │  purchase_order: ρ = VendorEKKOLIFNR  │  purchase_requisition: ρ = PurchasingGroupEBANEKGRP  │  quotation: ρ = VendorEBANLIFNR,True,,912,927,43.530744336569576,1,1.0164473684210527,3,0.016181229773462813,0.028668399768919772
"(2, 2, 5, 1, 1, 1, 2)",goods_receipt: ρ = type  │  invoice_receipt: ρ = CreditAmountBSEGWRBTR_band  │  material: ρ = PlantEKPOWERKS  │  payment: ρ = AmountDMBTR  │  purchase_order: ρ = PurchasingGroupEKKOEKGRP  │  purchase_requisition: ρ = PurchasingGroupEBANEKGRP  │  quotation: ρ = VendorEBANLIFNR,True,,926,927,44.01294498381877,1,1.0010799136069115,2,0.0010787486515642097,0.01790872328134019
"(2, 2, 5, 1, 2, 1, 1)",goods_receipt: ρ = type  │  invoice_receipt: ρ = CreditAmountBSEGWRBTR_band  │  material: ρ = PlantEKPOWERKS  │  payment: ρ = AmountDMBTR  │  purchase_order: ρ = VendorEKKOLIFNR  │  purchase_requisition: ρ = PurchasingGroupEBANEKGRP  │  quotation: ρ = PurchasingGroupEBANEKGRP,True,,926,927,44.01294498381877,1,1.0010799136069115,2,0.0010787486515642097,0.01790872328134019
"(2, 2, 5, 1, 2, 2, 2)",goods_receipt: ρ = type  │  invoice_receipt: ρ = CreditAmountBSEGWRBTR_band  │  material: ρ = PlantEKPOWERKS  │  payment: ρ = AmountDMBTR  │  purchase_order: ρ = VendorEKKOLIFNR  │  purchase_requisition: ρ = type  │  quotation: ρ = VendorEBANLIFNR,True,,926,927,43.1898597626753,1,1.0010799136069115,2,0.0010787486515642097,0.03627479299056413
"(2, 2, 5, 2, 2, 1, 2)",goods_receipt: ρ = type  │  invoice_receipt: ρ = CreditAmountBSEGWRBTR_band  │  material: ρ = PlantEKPOWERKS  │  payment: ρ = AmountDMBTR_band  │  purchase_order: ρ = VendorEKKOLIFNR  │  purchase_requisition: ρ = PurchasingGroupEBANEKGRP  │  quotation: ρ = VendorEBANLIFNR,True,,883,927,42.932038834951456,1,1.0498301245753114,4,0.04746494066882412,0.042027729636048505
"(2, 2, 5, 3, 2, 1, 2)",goods_receipt: ρ = type  │  invoice_receipt: ρ = CreditAmountBSEGWRBTR_band  │  material: ρ = PlantEKPOWERKS  │  payment: ρ = PaymentMethodZLSCH  │  purchase_order: ρ = VendorEKKOLIFNR  │  purchase_requisition: ρ = PurchasingGroupEBANEKGRP  │  quotation: ρ = VendorEBANLIFNR,True,,911,927,43.1898597626753,1,1.017563117453348,2,0.017259978425027023,0.03627479299056413
"(2, 2, 6, 1, 1, 1, 1)",goods_receipt: ρ = type  │  invoice_receipt: ρ = CreditAmountBSEGWRBTR_band  │  material: ρ = QuantityEKPOMENGE  │  payment: ρ = AmountDMBTR  │  purchase_order: ρ = PurchasingGroupEKKOEKGRP  │  purchase_requisition: ρ = PurchasingGroupEBANEKGRP  │  quotation: ρ = PurchasingGroupEBANEKGRP,True,,919,927,43.50701186623517,1,1.0087051142546246,2,0.008629989212513456,0.029197958790679657
"(2, 2, 6, 1, 2, 1, 3)",goods_receipt: ρ = type  │  invoice_receipt: ρ = CreditAmountBSEGWRBTR_band  │  material: ρ = QuantityEKPOMENGE  │  payment: ρ = AmountDMBTR  │  purchase_order: ρ = VendorEKKOLIFNR  │  purchase_requisition: ρ = PurchasingGroupEBANEKGRP  │  quotation: ρ = type,True,,926,927,44.33009708737864,1,1.0010799136069115,2,0.0010787486515642097,0.010831889081455826
"(2, 2, 6, 1, 1, 2, 2)",goods_receipt: ρ = type  │  invoice_receipt: ρ = CreditAmountBSEGWRBTR_band  │  material: ρ = QuantityEKPOMENGE  │  payment: ρ = AmountDMBTR  │  purchase_order: ρ = PurchasingGroupEKKOEKGRP  │  purchase_requisition: ρ = type  │  quotation: ρ = VendorEBANLIFNR,True,,926,927,44.33009708737864,1,1.0010799136069115,2,0.0010787486515642097,0.010831889081455826
"(2, 2, 6, 1, 2, 2, 1)",goods_receipt: ρ = type  │  invoice_receipt: ρ = CreditAmountBSEGWRBTR_band  │  material: ρ = QuantityEKPOMENGE  │  payment: ρ = AmountDMBTR  │  purchase_order: ρ = VendorEKKOLIFNR  │  purchase_requisition: ρ = type  │  quotation: ρ = PurchasingGroupEBANEKGRP,True,,926,927,44.33009708737864,1,1.0010799136069115,2,0.0010787486515642097,0.010831889081455826
"(2, 2, 6, 1, 3, 1, 2)",goods_receipt: ρ = type  │  invoice_receipt: ρ = CreditAmountBSEGWRBTR_band  │  material: ρ = QuantityEKPOMENGE  │  payment: ρ = AmountDMBTR  │  purchase_order: ρ = type  │  purchase_requisition: ρ = PurchasingGroupEBANEKGRP  │  quotation: ρ = VendorEBANLIFNR,True,,926,927,44.33009708737864,1,1.0010799136069115,2,0.0010787486515642097,0.010831889081455826
"(2, 2, 6, 2, 1, 1, 2)",goods_receipt: ρ = type  │  invoice_receipt: ρ = CreditAmountBSEGWRBTR_band  │  material: ρ = QuantityEKPOMENGE  │  payment: ρ = AmountDMBTR_band  │  purchase_order: ρ = PurchasingGroupEKKOEKGRP  │  purchase_requisition: ρ = PurchasingGroupEBANEKGRP  │  quotation: ρ = VendorEBANLIFNR,True,,910,927,44.0722761596548,1,1.0186813186813186,3,0.01833872707659112,0.01658482572694009
"(2, 2, 6, 2, 2, 1, 1)",goods_receipt: ρ = type  │  invoice_receipt: ρ = CreditAmountBSEGWRBTR_band  │  material: ρ = QuantityEKPOMENGE  │  payment: ρ = AmountDMBTR_band  │  purchase_order: ρ = VendorEKKOLIFNR  │  purchase_requisition: ρ = PurchasingGroupEBANEKGRP  │  quotation: ρ = PurchasingGroupEBANEKGRP,True,,910,927,44.0722761596548,1,1.0186813186813186,3,0.01833872707659112,0.01658482572694009
"(2, 2, 6, 2, 2, 2, 2)",goods_receipt: ρ = type  │  invoice_receipt: ρ = CreditAmountBSEGWRBTR_band  │  material: ρ = QuantityEKPOMENGE  │  payment: ρ = AmountDMBTR_band  │  purchase_order: ρ = VendorEKKOLIFNR  │  purchase_requisition: ρ = type  │  quotation: ρ = VendorEBANLIFNR,True,,910,927,43.249190938511326,1,1.0186813186813186,3,0.01833872707659112,0.03495089543616403
"(2, 2, 6, 3, 1, 1, 2)",goods_receipt: ρ = type  │  invoice_receipt: ρ = CreditAmountBSEGWRBTR_band  │  material: ρ = QuantityEKPOMENGE  │  payment: ρ = PaymentMethodZLSCH  │  purchase_order: ρ = PurchasingGroupEKKOEKGRP  │  purchase_requisition: ρ = PurchasingGroupEBANEKGRP  │  quotation: ρ = VendorEBANLIFNR,True,,922,927,44.33009708737864,1,1.0054229934924077,2,0.005393743257820938,0.010831889081455826
"(2, 2, 6, 3, 2, 1, 1)",goods_receipt: ρ = type  │  invoice_receipt: ρ = CreditAmountBSEGWRBTR_band  │  material: ρ = QuantityEKPOMENGE  │  payment: ρ = PaymentMethodZLSCH  │  purchase_order: ρ = VendorEKKOLIFNR  │  purchase_requisition: ρ = PurchasingGroupEBANEKGRP  │  quotation: ρ = PurchasingGroupEBANEKGRP,True,,922,927,44.33009708737864,1,1.0054229934924077,2,0.005393743257820938,0.010831889081455826
"(2, 2, 6, 3, 2, 2, 2)",goods_receipt: ρ = type  │  invoice_receipt: ρ = CreditAmountBSEGWRBTR_band  │  material: ρ = QuantityEKPOMENGE  │  payment: ρ = PaymentMethodZLSCH  │  purchase_order: ρ = VendorEKKOLIFNR  │  purchase_requisition: ρ = type  │  quotation: ρ = VendorEBANLIFNR,True,,922,927,43.50701186623517,1,1.0054229934924077,2,0.005393743257820938,0.029197958790679657
"(2, 2, 6, 4, 2, 1, 2)",goods_receipt: ρ = type  │  invoice_receipt: ρ = CreditAmountBSEGWRBTR_band  │  material: ρ = QuantityEKPOMENGE  │  payment: ρ = type  │  purchase_order: ρ = VendorEKKOLIFNR  │  purchase_requisition: ρ = PurchasingGroupEBANEKGRP  │  quotation: ρ = VendorEBANLIFNR,True,,909,927,43.50701186623517,1,1.0198019801980198,3,0.01941747572815533,0.029197958790679657
"(2, 2, 7, 1, 1, 1, 2)",goods_receipt: ρ = type  │  invoice_receipt: ρ = CreditAmountBSEGWRBTR_band  │  material: ρ = QuantityEKPOMENGE_band  │  payment: ρ = AmountDMBTR  │  purchase_order: ρ = PurchasingGroupEKKOEKGRP  │  purchase_requisition: ρ = PurchasingGroupEBANEKGRP  │  quotation: ρ = VendorEBANLIFNR,True,,926,927,43.80474649406688,1,1.0010799136069115,2,0.0010787486515642097,0.022554400154053522
"(2, 2, 7, 1, 2, 1, 1)",goods_receipt: ρ = type  │  invoice_receipt: ρ = CreditAmountBSEGWRBTR_band  │  material: ρ = QuantityEKPOMENGE_band  │  payment: ρ = AmountDMBTR  │  purchase_order: ρ = VendorEKKOLIFNR  │  purchase_requisition: ρ = PurchasingGroupEBANEKGRP  │  quotation: ρ = PurchasingGroupEBANEKGRP,True,,926,927,43.80474649406688,1,1.0010799136069115,2,0.0010787486515642097,0.022554400154053522
"(2, 2, 7, 1, 2, 2, 2)",goods_receipt: ρ = type  │  invoice_receipt: ρ = CreditAmountBSEGWRBTR_band  │  material: ρ = QuantityEKPOMENGE_band  │  payment: ρ = AmountDMBTR  │  purchase_order: ρ = VendorEKKOLIFNR  │  purchase_requisition: ρ = type  │  quotation: ρ = VendorEBANLIFNR,True,,926,927,42.98166127292341,1,1.0010799136069115,2,0.0010787486515642097,0.04092046986327735
"(2, 2, 7, 2, 2, 1, 2)",goods_receipt: ρ = type  │  invoice_receipt: ρ = CreditAmountBSEGWRBTR_band  │  material: ρ = QuantityEKPOMENGE_band  │  payment: ρ = AmountDMBTR_band  │  purchase_order: ρ = VendorEKKOLIFNR  │  purchase_requisition: ρ = PurchasingGroupEBANEKGRP  │  quotation: ρ = VendorEBANLIFNR,True,,854,927,42.72384034519957,1,1.085480093676815,4,0.07874865156418553,0.04667340650876173
"(2, 2, 7, 3, 2, 1, 2)",goods_receipt: ρ = type  │  invoice_receipt: ρ = CreditAmountBSEGWRBTR_band  │  material: ρ = QuantityEKPOMENGE_band  │  payment: ρ = PaymentMethodZLSCH  │  purchase_order: ρ = VendorEKKOLIFNR  │  purchase_requisition: ρ = PurchasingGroupEBANEKGRP  │  quotation: ρ = VendorEBANLIFNR,True,,897,927,42.98166127292341,1,1.0334448160535117,3,0.032362459546925515,0.04092046986327735
"(2, 2, 8, 2, 2, 1, 2)",goods_receipt: ρ = type  │  invoice_receipt: ρ = CreditAmountBSEGWRBTR_band  │  material: ρ = StorageLocationEKPOLGORT  │  payment: ρ = AmountDMBTR_band  │  purchase_order: ρ = VendorEKKOLIFNR  │  purchase_requisition: ρ = PurchasingGroupEBANEKGRP  │  quotation: ρ = VendorEBANLIFNR,True,,882,927,42.932038834951456,1,1.0510204081632653,3,0.04854368932038833,0.042027729636048505
"(2, 2, 8, 3, 2, 1, 2)",goods_receipt: ρ = type  │  invoice_receipt: ρ = CreditAmountBSEGWRBTR_band  │  material: ρ = StorageLocationEKPOLGORT  │  payment: ρ = PaymentMethodZLSCH  │  purchase_order: ρ = VendorEKKOLIFNR  │  purchase_requisition: ρ = PurchasingGroupEBANEKGRP  │  quotation: ρ = VendorEBANLIFNR,True,,910,927,43.1898597626753,1,1.0186813186813186,2,0.01833872707659112,0.03627479299056413
"(2, 2, 9, 1, 2, 1, 2)",goods_receipt: ρ = type  │  invoice_receipt: ρ = CreditAmountBSEGWRBTR_band  │  material: ρ = type  │  payment: ρ = AmountDMBTR  │  purchase_order: ρ = VendorEKKOLIFNR  │  purchase_requisition: ρ = PurchasingGroupEBANEKGRP  │  quotation: ρ = VendorEBANLIFNR,True,,926,927,42.36785329018339,1,1.0010799136069115,2,0.0010787486515642097,0.05461679183516266
"(2, 3, 2, 1, 1, 1, 1)",goods_receipt: ρ = type  │  invoice_receipt: ρ = type  │  material: ρ = MaterialEKPOMATNR  │  payment: ρ = AmountDMBTR  │  purchase_order: ρ = PurchasingGroupEKKOEKGRP  │  purchase_requisition: ρ = PurchasingGroupEBANEKGRP  │  quotation: ρ = PurchasingGroupEBANEKGRP,True,,922,927,43.530744336569576,1,1.0054229934924077,2,0.005393743257820938,0.028668399768919772
"(2, 3, 2, 2, 1, 1, 2)",goods_receipt: ρ = type  │  invoice_receipt: ρ = type  │  material: ρ = MaterialEKPOMATNR  │  payment: ρ = AmountDMBTR_band  │  purchase_order: ρ = PurchasingGroupEKKOEKGRP  │  purchase_requisition: ρ = PurchasingGroupEBANEKGRP  │  quotation: ρ = VendorEBANLIFNR,True,,894,927,44.353829557713055,1,1.0369127516778522,4,0.035598705501618144,0.010302330059695608
"(2, 3, 2, 2, 2, 1, 1)",goods_receipt: ρ = type  │  invoice_receipt: ρ = type  │  material: ρ = MaterialEKPOMATNR  │  payment: ρ = AmountDMBTR_band  │  purchase_order: ρ = VendorEKKOLIFNR  │  purchase_requisition: ρ = PurchasingGroupEBANEKGRP  │  quotation: ρ = PurchasingGroupEBANEKGRP,True,,894,927,44.353829557713055,1,1.0369127516778522,4,0.035598705501618144,0.010302330059695608
"(2, 3, 2, 2, 2, 2, 2)",goods_receipt: ρ = type  │  invoice_receipt: ρ = type  │  material: ρ = MaterialEKPOMATNR  │  payment: ρ = AmountDMBTR_band  │  purchase_order: ρ = VendorEKKOLIFNR  │  purchase_requisition: ρ = type  │  quotation: ρ = VendorEBANLIFNR,True,,894,927,43.530744336569576,1,1.0369127516778522,4,0.035598705501618144,0.028668399768919772
"(2, 3, 2, 3, 1, 1, 2)",goods_receipt: ρ = type  │  invoice_receipt: ρ = type  │  material: ρ = MaterialEKPOMATNR  │  payment: ρ = PaymentMethodZLSCH  │  purchase_order: ρ = PurchasingGroupEKKOEKGRP  │  purchase_requisition: ρ = PurchasingGroupEBANEKGRP  │  quotation: ρ = VendorEBANLIFNR,True,,907,927,44.353829557713055,1,1.022050716648291,3,0.02157497303128375,0.010302330059695608
"(2, 3, 2, 3, 2, 1, 1)",goods_receipt: ρ = type  │  invoice_receipt: ρ = type  │  material: ρ = MaterialEKPOMATNR  │  payment: ρ = PaymentMethodZLSCH  │  purchase_order: ρ = VendorEKKOLIFNR  │  purchase_requisition: ρ = PurchasingGroupEBANEKGRP  │  quotation: ρ = PurchasingGroupEBANEKGRP,True,,907,927,44.353829557713055,1,1.022050716648291,3,0.02157497303128375,0.010302330059695608
"(2, 3, 2, 3, 2, 2, 2)",goods_receipt: ρ = type  │  invoice_receipt: ρ = type  │  material: ρ = MaterialEKPOMATNR  │  payment: ρ = PaymentMethodZLSCH  │  purchase_order: ρ = VendorEKKOLIFNR  │  purchase_requisition: ρ = type  │  quotation: ρ = VendorEBANLIFNR,True,,907,927,43.530744336569576,1,1.022050716648291,3,0.02157497303128375,0.028668399768919772
"(2, 3, 2, 4, 2, 1, 2)",goods_receipt: ρ = type  │  invoice_receipt: ρ = type  │  material: ρ = MaterialEKPOMATNR  │  payment: ρ = type  │  purchase_order: ρ = VendorEKKOLIFNR  │  purchase_requisition: ρ = PurchasingGroupEBANEKGRP  │  quotation: ρ = VendorEBANLIFNR,True,,876,927,43.530744336569576,1,1.0582191780821917,4,0.055016181229773475,0.028668399768919772
"(2, 3, 3, 1, 1, 1, 2)",goods_receipt: ρ = type  │  invoice_receipt: ρ = type  │  material: ρ = NetPriceEKPONETPR  │  payment: ρ = AmountDMBTR  │  purchase_order: ρ = PurchasingGroupEKKOEKGRP  │  purchase_requisition: ρ = PurchasingGroupEBANEKGRP  │  quotation: ρ = VendorEBANLIFNR,True,,926,927,44.13484358144552,1,1.0010799136069115,2,0.0010787486515642097,0.015188715578663525
"(2, 3, 3, 1, 2, 1, 1)",goods_receipt: ρ = type  │  invoice_receipt: ρ = type  │  material: ρ = NetPriceEKPONETPR  │  payment: ρ = AmountDMBTR  │  purchase_order: ρ = VendorEKKOLIFNR  │  purchase_requisition: ρ = PurchasingGroupEBANEKGRP  │  quotation: ρ = PurchasingGroupEBANEKGRP,True,,926,927,44.13484358144552,1,1.0010799136069115,2,0.0010787486515642097,0.015188715578663525
"(2, 3, 3, 1, 2, 2, 2)",goods_receipt: ρ = type  │  invoice_receipt: ρ = type  │  material: ρ = NetPriceEKPONETPR  │  payment: ρ = AmountDMBTR  │  purchase_order: ρ = VendorEKKOLIFNR  │  purchase_requisition: ρ = type  │  quotation: ρ = VendorEBANLIFNR,True,,926,927,43.31175836030205,1,1.0010799136069115,2,0.0010787486515642097,0.03355478528788747
"(2, 3, 3, 2, 2, 1, 2)",goods_receipt: ρ = type  │  invoice_receipt: ρ = type  │  material: ρ = NetPriceEKPONETPR  │  payment: ρ = AmountDMBTR_band  │  purchase_order: ρ = VendorEKKOLIFNR  │  purchase_requisition: ρ = PurchasingGroupEBANEKGRP  │  quotation: ρ = VendorEBANLIFNR,True,,877,927,43.31175836030205,1,1.057012542759407,5,0.053937432578209266,0.03355478528788747
"(2, 3, 3, 3, 2, 1, 2)",goods_receipt: ρ = type  │  invoice_receipt: ρ = type  │  material: ρ = NetPriceEKPONETPR  │  payment: ρ = PaymentMethodZLSCH  │  purchase_order: ρ = VendorEKKOLIFNR  │  purchase_requisition: ρ = PurchasingGroupEBANEKGRP  │  quotation: ρ = VendorEBANLIFNR,True,,898,927,43.31175836030205,1,1.0322939866369711,3,0.031283710895361416,0.03355478528788747
"(2, 3, 4, 1, 2, 1, 2)",goods_receipt: ρ = type  │  invoice_receipt: ρ = type  │  material: ρ = NetPriceEKPONETPR_band  │  payment: ρ = AmountDMBTR  │  purchase_order: ρ = VendorEKKOLIFNR  │  purchase_requisition: ρ = PurchasingGroupEBANEKGRP  │  quotation: ρ = VendorEBANLIFNR,True,,926,927,42.52211434735707,1,1.0010799136069115,2,0.0010787486515642097,0.051174658193722244
"(2, 3, 0, 2, 1, 1, 2)",goods_receipt: ρ = type  │  invoice_receipt: ρ = type  │  material: ρ = id  │  payment: ρ = AmountDMBTR_band  │  purchase_order: ρ = PurchasingGroupEKKOEKGRP  │  purchase_requisition: ρ = PurchasingGroupEBANEKGRP  │  quotation: ρ = VendorEBANLIFNR,True,,912,927,44.353829557713055,1,1.0164473684210527,3,0.016181229773462813,0.010302330059695608
"(2, 3, 0, 2, 2, 1, 1)",goods_receipt: ρ = type  │  invoice_receipt: ρ = type  │  material: ρ = id  │  payment: ρ = AmountDMBTR_band  │  purchase_order: ρ = VendorEKKOLIFNR  │  purchase_requisition: ρ = PurchasingGroupEBANEKGRP  │  quotation: ρ = PurchasingGroupEBANEKGRP,True,,912,927,44.353829557713055,1,1.0164473684210527,3,0.016181229773462813,0.010302330059695608
"(2, 3, 0, 2, 2, 2, 2)",goods_receipt: ρ = type  │  invoice_receipt: ρ = type  │  material: ρ = id  │  payment: ρ = AmountDMBTR_band  │  purchase_order: ρ = VendorEKKOLIFNR  │  purchase_requisition: ρ = type  │  quotation: ρ = VendorEBANLIFNR,True,,912,927,43.530744336569576,1,1.0164473684210527,3,0.016181229773462813,0.028668399768919772
"(2, 3, 0, 3, 1, 1, 2)",goods_receipt: ρ = type  │  invoice_receipt: ρ = type  │  material: ρ = id  │  payment: ρ = PaymentMethodZLSCH  │  purchase_order: ρ = PurchasingGroupEKKOEKGRP  │  purchase_requisition: ρ = PurchasingGroupEBANEKGRP  │  quotation: ρ = VendorEBANLIFNR,True,,918,927,44.353829557713055,1,1.0098039215686274,3,0.009708737864077666,0.010302330059695608
"(2, 3, 0, 3, 2, 1, 1)",goods_receipt: ρ = type  │  invoice_receipt: ρ = type  │  material: ρ = id  │  payment: ρ = PaymentMethodZLSCH  │  purchase_order: ρ = VendorEKKOLIFNR  │  purchase_requisition: ρ = PurchasingGroupEBANEKGRP  │  quotation: ρ = PurchasingGroupEBANEKGRP,True,,918,927,44.353829557713055,1,1.0098039215686274,3,0.009708737864077666,0.010302330059695608
"(2, 3, 0, 3, 2, 2, 2)",goods_receipt: ρ = type  │  invoice_receipt: ρ = type  │  material: ρ = id  │  payment: ρ = PaymentMethodZLSCH  │  purchase_order: ρ = VendorEKKOLIFNR  │  purchase_requisition: ρ = type  │  quotation: ρ = VendorEBANLIFNR,True,,918,927,43.530744336569576,1,1.0098039215686274,3,0.009708737864077666,0.028668399768919772
"(2, 3, 0, 4, 2, 1, 2)",goods_receipt: ρ = type  │  invoice_receipt: ρ = type  │  material: ρ = id  │  payment: ρ = type  │  purchase_order: ρ = VendorEKKOLIFNR  │  purchase_requisition: ρ = PurchasingGroupEBANEKGRP  │  quotation: ρ = VendorEBANLIFNR,True,,901,927,43.530744336569576,1,1.0288568257491675,4,0.028047464940668787,0.028668399768919772
"(2, 3, 1, 2, 2, 1, 2)",goods_receipt: ρ = type  │  invoice_receipt: ρ = type  │  material: ρ = DeliveryDateEKPOBEDAT  │  payment: ρ = AmountDMBTR_band  │  purchase_order: ρ = VendorEKKOLIFNR  │  purchase_requisition: ρ = PurchasingGroupEBANEKGRP  │  quotation: ρ = VendorEBANLIFNR,True,,912,927,43.530744336569576,1,1.0164473684210527,3,0.016181229773462813,0.028668399768919772
"(2, 3, 1, 3, 2, 1, 2)",goods_receipt: ρ = type  │  invoice_receipt: ρ = type  │  material: ρ = DeliveryDateEKPOBEDAT  │  payment: ρ = PaymentMethodZLSCH  │  purchase_order: ρ = VendorEKKOLIFNR  │  purchase_requisition: ρ = PurchasingGroupEBANEKGRP  │  quotation: ρ = VendorEBANLIFNR,True,,918,927,43.530744336569576,1,1.0098039215686274,3,0.009708737864077666,0.028668399768919772
"(2, 3, 5, 1, 2, 1, 2)",goods_receipt: ρ = type  │  invoice_receipt: ρ = type  │  material: ρ = PlantEKPOWERKS  │  payment: ρ = AmountDMBTR  │  purchase_order: ρ = VendorEKKOLIFNR  │  purchase_requisition: ρ = PurchasingGroupEBANEKGRP  │  quotation: ρ = VendorEBANLIFNR,True,,926,927,43.1898597626753,1,1.0010799136069115,2,0.0010787486515642097,0.03627479299056413
"(2, 3, 6, 1, 1, 1, 2)",goods_receipt: ρ = type  │  invoice_receipt: ρ = type  │  material: ρ = QuantityEKPOMENGE  │  payment: ρ = AmountDMBTR  │  purchase_order: ρ = PurchasingGroupEKKOEKGRP  │  purchase_requisition: ρ = PurchasingGroupEBANEKGRP  │  quotation: ρ = VendorEBANLIFNR,True,,926,927,44.33009708737864,1,1.0010799136069115,2,0.0010787486515642097,0.010831889081455826
"(2, 3, 6, 1, 2, 1, 1)",goods_receipt: ρ = type  │  invoice_receipt: ρ = type  │  material: ρ = QuantityEKPOMENGE  │  payment: ρ = AmountDMBTR  │  purchase_order: ρ = VendorEKKOLIFNR  │  purchase_requisition: ρ = PurchasingGroupEBANEKGRP  │  quotation: ρ = PurchasingGroupEBANEKGRP,True,,926,927,44.33009708737864,1,1.0010799136069115,2,0.0010787486515642097,0.010831889081455826
"(2, 3, 6, 1, 2, 2, 2)",goods_receipt: ρ = type  │  invoice_receipt: ρ = type  │  material: ρ = QuantityEKPOMENGE  │  payment: ρ = AmountDMBTR  │  purchase_order: ρ = VendorEKKOLIFNR  │  purchase_requisition: ρ = type  │  quotation: ρ = VendorEBANLIFNR,True,,926,927,43.50701186623517,1,1.0010799136069115,2,0.0010787486515642097,0.029197958790679657
"(2, 3, 6, 2, 2, 1, 2)",goods_receipt: ρ = type  │  invoice_receipt: ρ = type  │  material: ρ = QuantityEKPOMENGE  │  payment: ρ = AmountDMBTR_band  │  purchase_order: ρ = VendorEKKOLIFNR  │  purchase_requisition: ρ = PurchasingGroupEBANEKGRP  │  quotation: ρ = VendorEBANLIFNR,True,,909,927,43.50701186623517,1,1.0198019801980198,3,0.01941747572815533,0.029197958790679657
"(2, 3, 6, 3, 2, 1, 2)",goods_receipt: ρ = type  │  invoice_receipt: ρ = type  │  material: ρ = QuantityEKPOMENGE  │  payment: ρ = PaymentMethodZLSCH  │  purchase_order: ρ = VendorEKKOLIFNR  │  purchase_requisition: ρ = PurchasingGroupEBANEKGRP  │  quotation: ρ = VendorEBANLIFNR,True,,917,927,43.50701186623517,1,1.0109051254089423,3,0.010787486515641875,0.029197958790679657
"(2, 3, 7, 1, 2, 1, 2)",goods_receipt: ρ = type  │  invoice_receipt: ρ = type  │  material: ρ = QuantityEKPOMENGE_band  │  payment: ρ = AmountDMBTR  │  purchase_order: ρ = VendorEKKOLIFNR  │  purchase_requisition: ρ = PurchasingGroupEBANEKGRP  │  quotation: ρ = VendorEBANLIFNR,True,,926,927,42.98166127292341,1,1.0010799136069115,2,0.0010787486515642097,0.04092046986327735
"(2, 1, 2, 1, 1, 1, 3)",goods_receipt: ρ = type  │  invoice_receipt: ρ = CreditAmountBSEGWRBTR  │  material: ρ = MaterialEKPOMATNR  │  payment: ρ = AmountDMBTR  │  purchase_order: ρ = PurchasingGroupEKKOEKGRP  │  purchase_requisition: ρ = PurchasingGroupEBANEKGRP  │  quotation: ρ = type,True,,922,927,44.096008629989214,1,1.0054229934924077,2,0.005393743257820938,0.016055266705179982
"(2, 1, 2, 1, 1, 2, 1)",goods_receipt: ρ = type  │  invoice_receipt: ρ = CreditAmountBSEGWRBTR  │  material: ρ = MaterialEKPOMATNR  │  payment: ρ = AmountDMBTR  │  purchase_order: ρ = PurchasingGroupEKKOEKGRP  │  purchase_requisition: ρ = type  │  quotation: ρ = PurchasingGroupEBANEKGRP,True,,922,927,43.27292340884574,1,1.0054229934924077,2,0.005393743257820938,0.034421336414403925
"(2, 1, 2, 1, 3, 1, 1)",goods_receipt: ρ = type  │  invoice_receipt: ρ = CreditAmountBSEGWRBTR  │  material: ρ = MaterialEKPOMATNR  │  payment: ρ = AmountDMBTR  │  purchase_order: ρ = type  │  purchase_requisition: ρ = PurchasingGroupEBANEKGRP  │  quotation: ρ = PurchasingGroupEBANEKGRP,True,,922,927,44.096008629989214,1,1.0054229934924077,2,0.005393743257820938,0.016055266705179982
"(2, 1, 2, 2, 1, 1, 1)",goods_receipt: ρ = type  │  invoice_receipt: ρ = CreditAmountBSEGWRBTR  │  material: ρ = MaterialEKPOMATNR  │  payment: ρ = AmountDMBTR_band  │  purchase_order: ρ = PurchasingGroupEKKOEKGRP  │  purchase_requisition: ρ = PurchasingGroupEBANEKGRP  │  quotation: ρ = PurchasingGroupEBANEKGRP,True,,922,927,43.530744336569576,1,1.0054229934924077,2,0.005393743257820938,0.028668399768919772
"(2, 1, 3, 1, 1, 1, 1)",goods_receipt: ρ = type  │  invoice_receipt: ρ = CreditAmountBSEGWRBTR  │  material: ρ = NetPriceEKPONETPR  │  payment: ρ = AmountDMBTR  │  purchase_order: ρ = PurchasingGroupEKKOEKGRP  │  purchase_requisition: ρ = PurchasingGroupEBANEKGRP  │  quotation: ρ = PurchasingGroupEBANEKGRP,True,,919,927,43.05393743257821,1,1.0087051142546246,2,0.008629989212513456,0.03930772193337184
"(2, 1, 3, 1, 2, 1, 3)",goods_receipt: ρ = type  │  invoice_receipt: ρ = CreditAmountBSEGWRBTR  │  material: ρ = NetPriceEKPONETPR  │  payment: ρ = AmountDMBTR  │  purchase_order: ρ = VendorEKKOLIFNR  │  purchase_requisition: ρ = PurchasingGroupEBANEKGRP  │  quotation: ρ = type,True,,926,927,43.87702265372168,1,1.0010799136069115,2,0.0010787486515642097,0.0209416522241479
"(2, 1, 3, 1, 1, 2, 2)",goods_receipt: ρ = type  │  invoice_receipt: ρ = CreditAmountBSEGWRBTR  │  material: ρ = NetPriceEKPONETPR  │  payment: ρ = AmountDMBTR  │  purchase_order: ρ = PurchasingGroupEKKOEKGRP  │  purchase_requisition: ρ = type  │  quotation: ρ = VendorEBANLIFNR,True,,926,927,43.87702265372168,1,1.0010799136069115,2,0.0010787486515642097,0.0209416522241479
"(2, 1, 3, 1, 2, 2, 1)",goods_receipt: ρ = type  │  invoice_receipt: ρ = CreditAmountBSEGWRBTR  │  material: ρ = NetPriceEKPONETPR  │  payment: ρ = AmountDMBTR  │  purchase_order: ρ = VendorEKKOLIFNR  │  purchase_requisition: ρ = type  │  quotation: ρ = PurchasingGroupEBANEKGRP,True,,926,927,43.87702265372168,1,1.0010799136069115,2,0.0010787486515642097,0.0209416522241479
"(2, 1, 3, 1, 3, 1, 2)",goods_receipt: ρ = type  │  invoice_receipt: ρ = CreditAmountBSEGWRBTR  │  material: ρ = NetPriceEKPONETPR  │  payment: ρ = AmountDMBTR  │  purchase_order: ρ = type  │  purchase_requisition: ρ = PurchasingGroupEBANEKGRP  │  quotation: ρ = VendorEBANLIFNR,True,,926,927,43.87702265372168,1,1.0010799136069115,2,0.0010787486515642097,0.0209416522241479
"(2, 1, 3, 2, 1, 1, 2)",goods_receipt: ρ = type  │  invoice_receipt: ρ = CreditAmountBSEGWRBTR  │  material: ρ = NetPriceEKPONETPR  │  payment: ρ = AmountDMBTR_band  │  purchase_order: ρ = PurchasingGroupEKKOEKGRP  │  purchase_requisition: ρ = PurchasingGroupEBANEKGRP  │  quotation: ρ = VendorEBANLIFNR,True,,926,927,44.13484358144552,1,1.0010799136069115,2,0.0010787486515642097,0.015188715578663525
"(2, 1, 3, 2, 2, 1, 1)",goods_receipt: ρ = type  │  invoice_receipt: ρ = CreditAmountBSEGWRBTR  │  material: ρ = NetPriceEKPONETPR  │  payment: ρ = AmountDMBTR_band  │  purchase_order: ρ = VendorEKKOLIFNR  │  purchase_requisition: ρ = PurchasingGroupEBANEKGRP  │  quotation: ρ = PurchasingGroupEBANEKGRP,True,,926,927,44.13484358144552,1,1.0010799136069115,2,0.0010787486515642097,0.015188715578663525
"(2, 1, 3, 2, 2, 2, 2)",goods_receipt: ρ = type  │  invoice_receipt: ρ = CreditAmountBSEGWRBTR  │  material: ρ = NetPriceEKPONETPR  │  payment: ρ = AmountDMBTR_band  │  purchase_order: ρ = VendorEKKOLIFNR  │  purchase_requisition: ρ = type  │  quotation: ρ = VendorEBANLIFNR,True,,926,927,43.31175836030205,1,1.0010799136069115,2,0.0010787486515642097,0.03355478528788747
"(2, 1, 3, 3, 1, 1, 2)",goods_receipt: ρ = type  │  invoice_receipt: ρ = CreditAmountBSEGWRBTR  │  material: ρ = NetPriceEKPONETPR  │  payment: ρ = PaymentMethodZLSCH  │  purchase_order: ρ = PurchasingGroupEKKOEKGRP  │  purchase_requisition: ρ = PurchasingGroupEBANEKGRP  │  quotation: ρ = VendorEBANLIFNR,True,,926,927,44.13484358144552,1,1.0010799136069115,2,0.0010787486515642097,0.015188715578663525
"(2, 1, 3, 3, 2, 1, 1)",goods_receipt: ρ = type  │  invoice_receipt: ρ = CreditAmountBSEGWRBTR  │  material: ρ = NetPriceEKPONETPR  │  payment: ρ = PaymentMethodZLSCH  │  purchase_order: ρ = VendorEKKOLIFNR  │  purchase_requisition: ρ = PurchasingGroupEBANEKGRP  │  quotation: ρ = PurchasingGroupEBANEKGRP,True,,926,927,44.13484358144552,1,1.0010799136069115,2,0.0010787486515642097,0.015188715578663525
"(2, 1, 3, 3, 2, 2, 2)",goods_receipt: ρ = type  │  invoice_receipt: ρ = CreditAmountBSEGWRBTR  │  material: ρ = NetPriceEKPONETPR  │  payment: ρ = PaymentMethodZLSCH  │  purchase_order: ρ = VendorEKKOLIFNR  │  purchase_requisition: ρ = type  │  quotation: ρ = VendorEBANLIFNR,True,,926,927,43.31175836030205,1,1.0010799136069115,2,0.0010787486515642097,0.03355478528788747
"(2, 1, 3, 4, 2, 1, 2)",goods_receipt: ρ = type  │  invoice_receipt: ρ = CreditAmountBSEGWRBTR  │  material: ρ = NetPriceEKPONETPR  │  payment: ρ = type  │  purchase_order: ρ = VendorEKKOLIFNR  │  purchase_requisition: ρ = PurchasingGroupEBANEKGRP  │  quotation: ρ = VendorEBANLIFNR,True,,926,927,43.31175836030205,1,1.0010799136069115,2,0.0010787486515642097,0.03355478528788747
"(2, 1, 4, 1, 1, 1, 2)",goods_receipt: ρ = type  │  invoice_receipt: ρ = CreditAmountBSEGWRBTR  │  material: ρ = NetPriceEKPONETPR_band  │  payment: ρ = AmountDMBTR  │  purchase_order: ρ = PurchasingGroupEKKOEKGRP  │  purchase_requisition: ρ = PurchasingGroupEBANEKGRP  │  quotation: ρ = VendorEBANLIFNR,True,,926,927,43.0873786407767,1,1.0010799136069115,2,0.0010787486515642097,0.03856152512998268
"(2, 1, 4, 1, 2, 1, 1)",goods_receipt: ρ = type  │  invoice_receipt: ρ = CreditAmountBSEGWRBTR  │  material: ρ = NetPriceEKPONETPR_band  │  payment: ρ = AmountDMBTR  │  purchase_order: ρ = VendorEKKOLIFNR  │  purchase_requisition: ρ = PurchasingGroupEBANEKGRP  │  quotation: ρ = PurchasingGroupEBANEKGRP,True,,926,927,43.0873786407767,1,1.0010799136069115,2,0.0010787486515642097,0.03856152512998268
"(2, 1, 4, 1, 2, 2, 2)",goods_receipt: ρ = type  │  invoice_receipt: ρ = CreditAmountBSEGWRBTR  │  material: ρ = NetPriceEKPONETPR_band  │  payment: ρ = AmountDMBTR  │  purchase_order: ρ = VendorEKKOLIFNR  │  purchase_requisition: ρ = type  │  quotation: ρ = VendorEBANLIFNR,True,,926,927,42.264293419633226,1,1.0010799136069115,2,0.0010787486515642097,0.05692759483920651
"(2, 1, 4, 2, 2, 1, 2)",goods_receipt: ρ = type  │  invoice_receipt: ρ = CreditAmountBSEGWRBTR  │  material: ρ = NetPriceEKPONETPR_band  │  payment: ρ = AmountDMBTR_band  │  purchase_order: ρ = VendorEKKOLIFNR  │  purchase_requisition: ρ = PurchasingGroupEBANEKGRP  │  quotation: ρ = VendorEBANLIFNR,True,,926,927,42.52211434735707,1,1.0010799136069115,2,0.0010787486515642097,0.051174658193722244
"(2, 1, 4, 3, 2, 1, 2)",goods_receipt: ρ = type  │  invoice_receipt: ρ = CreditAmountBSEGWRBTR  │  material: ρ = NetPriceEKPONETPR_band  │  payment: ρ = PaymentMethodZLSCH  │  purchase_order: ρ = VendorEKKOLIFNR  │  purchase_requisition: ρ = PurchasingGroupEBANEKGRP  │  quotation: ρ = VendorEBANLIFNR,True,,926,927,42.52211434735707,1,1.0010799136069115,2,0.0010787486515642097,0.051174658193722244
"(2, 1, 5, 1, 1, 1, 2)",goods_receipt: ρ = type  │  invoice_receipt: ρ = CreditAmountBSEGWRBTR  │  material: ρ = PlantEKPOWERKS  │  payment: ρ = AmountDMBTR  │  purchase_order: ρ = PurchasingGroupEKKOEKGRP  │  purchase_requisition: ρ = PurchasingGroupEBANEKGRP  │  quotation: ρ = VendorEBANLIFNR,True,,926,927,43.75512405609493,1,1.0010799136069115,2,0.0010787486515642097,0.023661659926824563
"(2, 1, 5, 1, 2, 1, 1)",goods_receipt: ρ = type  │  invoice_receipt: ρ = CreditAmountBSEGWRBTR  │  material: ρ = PlantEKPOWERKS  │  payment: ρ = AmountDMBTR  │  purchase_order: ρ = VendorEKKOLIFNR  │  purchase_requisition: ρ = PurchasingGroupEBANEKGRP  │  quotation: ρ = PurchasingGroupEBANEKGRP,True,,926,927,43.75512405609493,1,1.0010799136069115,2,0.0010787486515642097,0.023661659926824563
"(2, 1, 5, 1, 2, 2, 2)",goods_receipt: ρ = type  │  invoice_receipt: ρ = CreditAmountBSEGWRBTR  │  material: ρ = PlantEKPOWERKS  │  payment: ρ = AmountDMBTR  │  purchase_order: ρ = VendorEKKOLIFNR  │  purchase_requisition: ρ = type  │  quotation: ρ = VendorEBANLIFNR,True,,926,927,42.932038834951456,1,1.0010799136069115,2,0.0010787486515642097,0.042027729636048505
"(2, 1, 5, 2, 2, 1, 2)",goods_receipt: ρ = type  │  invoice_receipt: ρ = CreditAmountBSEGWRBTR  │  material: ρ = PlantEKPOWERKS  │  payment: ρ = AmountDMBTR_band  │  purchase_order: ρ = VendorEKKOLIFNR  │  purchase_requisition: ρ = PurchasingGroupEBANEKGRP  │  quotation: ρ = VendorEBANLIFNR,True,,926,927,43.1898597626753,1,1.0010799136069115,2,0.0010787486515642097,0.03627479299056413
"(2, 1, 5, 3, 2, 1, 2)",goods_receipt: ρ = type  │  invoice_receipt: ρ = CreditAmountBSEGWRBTR  │  material: ρ = PlantEKPOWERKS  │  payment: ρ = PaymentMethodZLSCH  │  purchase_order: ρ = VendorEKKOLIFNR  │  purchase_requisition: ρ = PurchasingGroupEBANEKGRP  │  quotation: ρ = VendorEBANLIFNR,True,,926,927,43.1898597626753,1,1.0010799136069115,2,0.0010787486515642097,0.03627479299056413
"(2, 1, 6, 1, 1, 1, 1)",goods_receipt: ρ = type  │  invoice_receipt: ρ = CreditAmountBSEGWRBTR  │  material: ρ = QuantityEKPOMENGE  │  payment: ρ = AmountDMBTR  │  purchase_order: ρ = PurchasingGroupEKKOEKGRP  │  purchase_requisition: ρ = PurchasingGroupEBANEKGRP  │  quotation: ρ = PurchasingGroupEBANEKGRP,True,,919,927,43.249190938511326,1,1.0087051142546246,2,0.008629989212513456,0.03495089543616403
"(2, 1, 6, 1, 2, 1, 3)",goods_receipt: ρ = type  │  invoice_receipt: ρ = CreditAmountBSEGWRBTR  │  material: ρ = QuantityEKPOMENGE  │  payment: ρ = AmountDMBTR  │  purchase_order: ρ = VendorEKKOLIFNR  │  purchase_requisition: ρ = PurchasingGroupEBANEKGRP  │  quotation: ρ = type,True,,926,927,44.0722761596548,1,1.0010799136069115,2,0.0010787486515642097,0.01658482572694009
"(2, 1, 6, 1, 1, 2, 2)",goods_receipt: ρ = type  │  invoice_receipt: ρ = CreditAmountBSEGWRBTR  │  material: ρ = QuantityEKPOMENGE  │  payment: ρ = AmountDMBTR  │  purchase_order: ρ = PurchasingGroupEKKOEKGRP  │  purchase_requisition: ρ = type  │  quotation: ρ = VendorEBANLIFNR,True,,926,927,44.0722761596548,1,1.0010799136069115,2,0.0010787486515642097,0.01658482572694009
"(2, 1, 6, 1, 2, 2, 1)",goods_receipt: ρ = type  │  invoice_receipt: ρ = CreditAmountBSEGWRBTR  │  material: ρ = QuantityEKPOMENGE  │  payment: ρ = AmountDMBTR  │  purchase_order: ρ = VendorEKKOLIFNR  │  purchase_requisition: ρ = type  │  quotation: ρ = PurchasingGroupEBANEKGRP,True,,926,927,44.0722761596548,1,1.0010799136069115,2,0.0010787486515642097,0.01658482572694009
"(2, 1, 6, 1, 3, 1, 2)",goods_receipt: ρ = type  │  invoice_receipt: ρ = CreditAmountBSEGWRBTR  │  material: ρ = QuantityEKPOMENGE  │  payment: ρ = AmountDMBTR  │  purchase_order: ρ = type  │  purchase_requisition: ρ = PurchasingGroupEBANEKGRP  │  quotation: ρ = VendorEBANLIFNR,True,,926,927,44.0722761596548,1,1.0010799136069115,2,0.0010787486515642097,0.01658482572694009
"(2, 1, 6, 2, 1, 1, 2)",goods_receipt: ρ = type  │  invoice_receipt: ρ = CreditAmountBSEGWRBTR  │  material: ρ = QuantityEKPOMENGE  │  payment: ρ = AmountDMBTR_band  │  purchase_order: ρ = PurchasingGroupEKKOEKGRP  │  purchase_requisition: ρ = PurchasingGroupEBANEKGRP  │  quotation: ρ = VendorEBANLIFNR,True,,926,927,44.33009708737864,1,1.0010799136069115,2,0.0010787486515642097,0.010831889081455826
"(2, 1, 6, 2, 2, 1, 1)",goods_receipt: ρ = type  │  invoice_receipt: ρ = CreditAmountBSEGWRBTR  │  material: ρ = QuantityEKPOMENGE  │  payment: ρ = AmountDMBTR_band  │  purchase_order: ρ = VendorEKKOLIFNR  │  purchase_requisition: ρ = PurchasingGroupEBANEKGRP  │  quotation: ρ = PurchasingGroupEBANEKGRP,True,,926,927,44.33009708737864,1,1.0010799136069115,2,0.0010787486515642097,0.010831889081455826
"(2, 1, 6, 2, 2, 2, 2)",goods_receipt: ρ = type  │  invoice_receipt: ρ = CreditAmountBSEGWRBTR  │  material: ρ = QuantityEKPOMENGE  │  payment: ρ = AmountDMBTR_band  │  purchase_order: ρ = VendorEKKOLIFNR  │  purchase_requisition: ρ = type  │  quotation: ρ = VendorEBANLIFNR,True,,926,927,43.50701186623517,1,1.0010799136069115,2,0.0010787486515642097,0.029197958790679657
"(2, 1, 6, 3, 1, 1, 2)",goods_receipt: ρ = type  │  invoice_receipt: ρ = CreditAmountBSEGWRBTR  │  material: ρ = QuantityEKPOMENGE  │  payment: ρ = PaymentMethodZLSCH  │  purchase_order: ρ = PurchasingGroupEKKOEKGRP  │  purchase_requisition: ρ = PurchasingGroupEBANEKGRP  │  quotation: ρ = VendorEBANLIFNR,True,,926,927,44.33009708737864,1,1.0010799136069115,2,0.0010787486515642097,0.010831889081455826
"(2, 1, 6, 3, 2, 1, 1)",goods_receipt: ρ = type  │  invoice_receipt: ρ = CreditAmountBSEGWRBTR  │  material: ρ = QuantityEKPOMENGE  │  payment: ρ = PaymentMethodZLSCH  │  purchase_order: ρ = VendorEKKOLIFNR  │  purchase_requisition: ρ = PurchasingGroupEBANEKGRP  │  quotation: ρ = PurchasingGroupEBANEKGRP,True,,926,927,44.33009708737864,1,1.0010799136069115,2,0.0010787486515642097,0.010831889081455826
"(2, 1, 6, 3, 2, 2, 2)",goods_receipt: ρ = type  │  invoice_receipt: ρ = CreditAmountBSEGWRBTR  │  material: ρ = QuantityEKPOMENGE  │  payment: ρ = PaymentMethodZLSCH  │  purchase_order: ρ = VendorEKKOLIFNR  │  purchase_requisition: ρ = type  │  quotation: ρ = VendorEBANLIFNR,True,,926,927,43.50701186623517,1,1.0010799136069115,2,0.0010787486515642097,0.029197958790679657
"(2, 1, 6, 4, 2, 1, 2)",goods_receipt: ρ = type  │  invoice_receipt: ρ = CreditAmountBSEGWRBTR  │  material: ρ = QuantityEKPOMENGE  │  payment: ρ = type  │  purchase_order: ρ = VendorEKKOLIFNR  │  purchase_requisition: ρ = PurchasingGroupEBANEKGRP  │  quotation: ρ = VendorEBANLIFNR,True,,926,927,43.50701186623517,1,1.0010799136069115,2,0.0010787486515642097,0.029197958790679657
"(2, 1, 7, 1, 1, 1, 2)",goods_receipt: ρ = type  │  invoice_receipt: ρ = CreditAmountBSEGWRBTR  │  material: ρ = QuantityEKPOMENGE_band  │  payment: ρ = AmountDMBTR  │  purchase_order: ρ = PurchasingGroupEKKOEKGRP  │  purchase_requisition: ρ = PurchasingGroupEBANEKGRP  │  quotation: ρ = VendorEBANLIFNR,True,,926,927,43.54692556634304,1,1.0010799136069115,2,0.0010787486515642097,0.028307336799537786
"(2, 1, 7, 1, 2, 1, 1)",goods_receipt: ρ = type  │  invoice_receipt: ρ = CreditAmountBSEGWRBTR  │  material: ρ = QuantityEKPOMENGE_band  │  payment: ρ = AmountDMBTR  │  purchase_order: ρ = VendorEKKOLIFNR  │  purchase_requisition: ρ = PurchasingGroupEBANEKGRP  │  quotation: ρ = PurchasingGroupEBANEKGRP,True,,926,927,43.54692556634304,1,1.0010799136069115,2,0.0010787486515642097,0.028307336799537786
"(2, 1, 7, 1, 2, 2, 2)",goods_receipt: ρ = type  │  invoice_receipt: ρ = CreditAmountBSEGWRBTR  │  material: ρ = QuantityEKPOMENGE_band  │  payment: ρ = AmountDMBTR  │  purchase_order: ρ = VendorEKKOLIFNR  │  purchase_requisition: ρ = type  │  quotation: ρ = VendorEBANLIFNR,True,,926,927,42.72384034519957,1,1.0010799136069115,2,0.0010787486515642097,0.04667340650876173
"(2, 1, 7, 2, 2, 1, 2)",goods_receipt: ρ = type  │  invoice_receipt: ρ = CreditAmountBSEGWRBTR  │  material: ρ = QuantityEKPOMENGE_band  │  payment: ρ = AmountDMBTR_band  │  purchase_order: ρ = VendorEKKOLIFNR  │  purchase_requisition: ρ = PurchasingGroupEBANEKGRP  │  quotation: ρ = VendorEBANLIFNR,True,,926,927,42.98166127292341,1,1.0010799136069115,2,0.0010787486515642097,0.04092046986327735
"(2, 1, 7, 3, 2, 1, 2)",goods_receipt: ρ = type  │  invoice_receipt: ρ = CreditAmountBSEGWRBTR  │  material: ρ = QuantityEKPOMENGE_band  │  payment: ρ = PaymentMethodZLSCH  │  purchase_order: ρ = VendorEKKOLIFNR  │  purchase_requisition: ρ = PurchasingGroupEBANEKGRP  │  quotation: ρ = VendorEBANLIFNR,True,,926,927,42.98166127292341,1,1.0010799136069115,2,0.0010787486515642097,0.04092046986327735
"(2, 1, 9, 1, 2, 1, 2)",goods_receipt: ρ = type  │  invoice_receipt: ρ = CreditAmountBSEGWRBTR  │  material: ρ = type  │  payment: ρ = AmountDMBTR  │  purchase_order: ρ = VendorEKKOLIFNR  │  purchase_requisition: ρ = PurchasingGroupEBANEKGRP  │  quotation: ρ = VendorEBANLIFNR,True,,926,927,42.11003236245955,1,1.0010799136069115,2,0.0010787486515642097,0.06036972848064692
"(2, 2, 2, 1, 1, 1, 1)",goods_receipt: ρ = type  │  invoice_receipt: ρ = CreditAmountBSEGWRBTR_band  │  material: ρ = MaterialEKPOMATNR  │  payment: ρ = AmountDMBTR  │  purchase_order: ρ = PurchasingGroupEKKOEKGRP  │  purchase_requisition: ρ = PurchasingGroupEBANEKGRP  │  quotation: ρ = PurchasingGroupEBANEKGRP,True,,922,927,43.530744336569576,1,1.0054229934924077,2,0.005393743257820938,0.028668399768919772
"(2, 2, 2, 2, 1, 1, 2)",goods_receipt: ρ = type  │  invoice_receipt: ρ = CreditAmountBSEGWRBTR_band  │  material: ρ = MaterialEKPOMATNR  │  payment: ρ = AmountDMBTR_band  │  purchase_order: ρ = PurchasingGroupEKKOEKGRP  │  purchase_requisition: ρ = PurchasingGroupEBANEKGRP  │  quotation: ρ = VendorEBANLIFNR,True,,895,927,44.096008629989214,1,1.035754189944134,4,0.034519956850053934,0.016055266705179982
"(2, 2, 2, 2, 2, 1, 1)",goods_receipt: ρ = type  │  invoice_receipt: ρ = CreditAmountBSEGWRBTR_band  │  material: ρ = MaterialEKPOMATNR  │  payment: ρ = AmountDMBTR_band  │  purchase_order: ρ = VendorEKKOLIFNR  │  purchase_requisition: ρ = PurchasingGroupEBANEKGRP  │  quotation: ρ = PurchasingGroupEBANEKGRP,True,,895,927,44.096008629989214,1,1.035754189944134,4,0.034519956850053934,0.016055266705179982
"(2, 2, 2, 2, 2, 2, 2)",goods_receipt: ρ = type  │  invoice_receipt: ρ = CreditAmountBSEGWRBTR_band  │  material: ρ = MaterialEKPOMATNR  │  payment: ρ = AmountDMBTR_band  │  purchase_order: ρ = VendorEKKOLIFNR  │  purchase_requisition: ρ = type  │  quotation: ρ = VendorEBANLIFNR,True,,895,927,43.27292340884574,1,1.035754189944134,4,0.034519956850053934,0.034421336414403925
"(2, 2, 2, 3, 1, 1, 2)",goods_receipt: ρ = type  │  invoice_receipt: ρ = CreditAmountBSEGWRBTR_band  │  material: ρ = MaterialEKPOMATNR  │  payment: ρ = PaymentMethodZLSCH  │  purchase_order: ρ = PurchasingGroupEKKOEKGRP  │  purchase_requisition: ρ = PurchasingGroupEBANEKGRP  │  quotation: ρ = VendorEBANLIFNR,True,,915,927,44.353829557713055,1,1.0131147540983607,3,0.012944983818770184,0.010302330059695608
"(2, 2, 2, 3, 2, 1, 1)",goods_receipt: ρ = type  │  invoice_receipt: ρ = CreditAmountBSEGWRBTR_band  │  material: ρ = MaterialEKPOMATNR  │  payment: ρ = PaymentMethodZLSCH  │  purchase_order: ρ = VendorEKKOLIFNR  │  purchase_requisition: ρ = PurchasingGroupEBANEKGRP  │  quotation: ρ = PurchasingGroupEBANEKGRP,True,,915,927,44.353829557713055,1,1.0131147540983607,3,0.012944983818770184,0.010302330059695608
"(2, 2, 2, 3, 2, 2, 2)",goods_receipt: ρ = type  │  invoice_receipt: ρ = CreditAmountBSEGWRBTR_band  │  material: ρ = MaterialEKPOMATNR  │  payment: ρ = PaymentMethodZLSCH  │  purchase_order: ρ = VendorEKKOLIFNR  │  purchase_requisition: ρ = type  │  quotation: ρ = VendorEBANLIFNR,True,,915,927,43.530744336569576,1,1.0131147540983607,3,0.012944983818770184,0.028668399768919772
"(2, 2, 2, 4, 2, 1, 2)",goods_receipt: ρ = type  │  invoice_receipt: ρ = CreditAmountBSEGWRBTR_band  │  material: ρ = MaterialEKPOMATNR  │  payment: ρ = type  │  purchase_order: ρ = VendorEKKOLIFNR  │  purchase_requisition: ρ = PurchasingGroupEBANEKGRP  │  quotation: ρ = VendorEBANLIFNR,True,,894,927,43.530744336569576,1,1.0369127516778522,4,0.035598705501618144,0.028668399768919772
"(2, 2, 3, 1, 1, 1, 2)",goods_receipt: ρ = type  │  invoice_receipt: ρ = CreditAmountBSEGWRBTR_band  │  material: ρ = NetPriceEKPONETPR  │  payment: ρ = AmountDMBTR  │  purchase_order: ρ = PurchasingGroupEKKOEKGRP  │  purchase_requisition: ρ = PurchasingGroupEBANEKGRP  │  quotation: ρ = VendorEBANLIFNR,True,,926,927,44.13484358144552,1,1.0010799136069115,2,0.0010787486515642097,0.015188715578663525
"(2, 2, 3, 1, 2, 1, 1)",goods_receipt: ρ = type  │  invoice_receipt: ρ = CreditAmountBSEGWRBTR_band  │  material: ρ = NetPriceEKPONETPR  │  payment: ρ = AmountDMBTR  │  purchase_order: ρ = VendorEKKOLIFNR  │  purchase_requisition: ρ = PurchasingGroupEBANEKGRP  │  quotation: ρ = PurchasingGroupEBANEKGRP,True,,926,927,44.13484358144552,1,1.0010799136069115,2,0.0010787486515642097,0.015188715578663525
"(2, 2, 3, 1, 2, 2, 2)",goods_receipt: ρ = type  │  invoice_receipt: ρ = CreditAmountBSEGWRBTR_band  │  material: ρ = NetPriceEKPONETPR  │  payment: ρ = AmountDMBTR  │  purchase_order: ρ = VendorEKKOLIFNR  │  purchase_requisition: ρ = type  │  quotation: ρ = VendorEBANLIFNR,True,,926,927,43.31175836030205,1,1.0010799136069115,2,0.0010787486515642097,0.03355478528788747
"(2, 2, 3, 2, 2, 1, 2)",goods_receipt: ρ = type  │  invoice_receipt: ρ = CreditAmountBSEGWRBTR_band  │  material: ρ = NetPriceEKPONETPR  │  payment: ρ = AmountDMBTR_band  │  purchase_order: ρ = VendorEKKOLIFNR  │  purchase_requisition: ρ = PurchasingGroupEBANEKGRP  │  quotation: ρ = VendorEBANLIFNR,True,,878,927,43.05393743257821,1,1.0558086560364466,5,0.052858683926645056,0.03930772193337184
"(2, 2, 3, 3, 2, 1, 2)",goods_receipt: ρ = type  │  invoice_receipt: ρ = CreditAmountBSEGWRBTR_band  │  material: ρ = NetPriceEKPONETPR  │  payment: ρ = PaymentMethodZLSCH  │  purchase_order: ρ = VendorEKKOLIFNR  │  purchase_requisition: ρ = PurchasingGroupEBANEKGRP  │  quotation: ρ = VendorEBANLIFNR,True,,907,927,43.31175836030205,1,1.022050716648291,3,0.02157497303128375,0.03355478528788747
"(2, 2, 4, 1, 2, 1, 2)",goods_receipt: ρ = type  │  invoice_receipt: ρ = CreditAmountBSEGWRBTR_band  │  material: ρ = NetPriceEKPONETPR_band  │  payment: ρ = AmountDMBTR  │  purchase_order: ρ = VendorEKKOLIFNR  │  purchase_requisition: ρ = PurchasingGroupEBANEKGRP  │  quotation: ρ = VendorEBANLIFNR,True,,926,927,42.52211434735707,1,1.0010799136069115,2,0.0010787486515642097,0.051174658193722244
"(2, 2, 0, 2, 1, 1, 2)",goods_receipt: ρ = type  │  invoice_receipt: ρ = CreditAmountBSEGWRBTR_band  │  material: ρ = id  │  payment: ρ = AmountDMBTR_band  │  purchase_order: ρ = PurchasingGroupEKKOEKGRP  │  purchase_requisition: ρ = PurchasingGroupEBANEKGRP  │  quotation: ρ = VendorEBANLIFNR,True,,913,927,44.096008629989214,1,1.0153340635268346,3,0.015102481121898603,0.016055266705179982
"(2, 2, 0, 2, 2, 1, 1)",goods_receipt: ρ = type  │  invoice_receipt: ρ = CreditAmountBSEGWRBTR_band  │  material: ρ = id  │  payment: ρ = AmountDMBTR_band  │  purchase_order: ρ = VendorEKKOLIFNR  │  purchase_requisition: ρ = PurchasingGroupEBANEKGRP  │  quotation: ρ = PurchasingGroupEBANEKGRP,True,,913,927,44.096008629989214,1,1.0153340635268346,3,0.015102481121898603,0.016055266705179982
"(2, 2, 0, 2, 2, 2, 2)",goods_receipt: ρ = type  │  invoice_receipt: ρ = CreditAmountBSEGWRBTR_band  │  material: ρ = id  │  payment: ρ = AmountDMBTR_band  │  purchase_order: ρ = VendorEKKOLIFNR  │  purchase_requisition: ρ = type  │  quotation: ρ = VendorEBANLIFNR,True,,913,927,43.27292340884574,1,1.0153340635268346,3,0.015102481121898603,0.034421336414403925
"(2, 2, 0, 3, 1, 1, 2)",goods_receipt: ρ = type  │  invoice_receipt: ρ = CreditAmountBSEGWRBTR_band  │  material: ρ = id  │  payment: ρ = PaymentMethodZLSCH  │  purchase_order: ρ = PurchasingGroupEKKOEKGRP  │  purchase_requisition: ρ = PurchasingGroupEBANEKGRP  │  quotation: ρ = VendorEBANLIFNR,True,,923,927,44.353829557713055,1,1.0043336944745396,2,0.004314994606256728,0.010302330059695608
"(2, 2, 0, 3, 2, 1, 1)",goods_receipt: ρ = type  │  invoice_receipt: ρ = CreditAmountBSEGWRBTR_band  │  material: ρ = id  │  payment: ρ = PaymentMethodZLSCH  │  purchase_order: ρ = VendorEKKOLIFNR  │  purchase_requisition: ρ = PurchasingGroupEBANEKGRP  │  quotation: ρ = PurchasingGroupEBANEKGRP,True,,923,927,44.353829557713055,1,1.0043336944745396,2,0.004314994606256728,0.010302330059695608
"(2, 2, 0, 3, 2, 2, 2)",goods_receipt: ρ = type  │  invoice_receipt: ρ = CreditAmountBSEGWRBTR_band  │  material: ρ = id  │  payment: ρ = PaymentMethodZLSCH  │  purchase_order: ρ = VendorEKKOLIFNR  │  purchase_requisition: ρ = type  │  quotation: ρ = VendorEBANLIFNR,True,,923,927,43.530744336569576,1,1.0043336944745396,2,0.004314994606256728,0.028668399768919772
"(2, 2, 0, 4, 2, 1, 2)",goods_receipt: ρ = type  │  invoice_receipt: ρ = CreditAmountBSEGWRBTR_band  │  material: ρ = id  │  payment: ρ = type  │  purchase_order: ρ = VendorEKKOLIFNR  │  purchase_requisition: ρ = PurchasingGroupEBANEKGRP  │  quotation: ρ = VendorEBANLIFNR,True,,912,927,43.530744336569576,1,1.0164473684210527,3,0.016181229773462813,0.028668399768919772
"(2, 2, 1, 2, 2, 1, 2)",goods_receipt: ρ = type  │  invoice_receipt: ρ = CreditAmountBSEGWRBTR_band  │  material: ρ = DeliveryDateEKPOBEDAT  │  payment: ρ = AmountDMBTR_band  │  purchase_order: ρ = VendorEKKOLIFNR  │  purchase_requisition: ρ = PurchasingGroupEBANEKGRP  │  quotation: ρ = VendorEBANLIFNR,True,,913,927,43.27292340884574,1,1.0153340635268346,3,0.015102481121898603,0.034421336414403925
"(2, 2, 1, 3, 2, 1, 2)",goods_receipt: ρ = type  │  invoice_receipt: ρ = CreditAmountBSEGWRBTR_band  │  material: ρ = DeliveryDateEKPOBEDAT  │  payment: ρ = PaymentMethodZLSCH  │  purchase_order: ρ = VendorEKKOLIFNR  │  purchase_requisition: ρ = PurchasingGroupEBANEKGRP  │  quotation: ρ = VendorEBANLIFNR,True,,923,927,43.530744336569576,1,1.0043336944745396,2,0.004314994606256728,0.028668399768919772
"(2, 2, 5, 1, 2, 1, 2)",goods_receipt: ρ = type  │  invoice_receipt: ρ = CreditAmountBSEGWRBTR_band  │  material: ρ = PlantEKPOWERKS  │  payment: ρ = AmountDMBTR  │  purchase_order: ρ = VendorEKKOLIFNR  │  purchase_requisition: ρ = PurchasingGroupEBANEKGRP  │  quotation: ρ = VendorEBANLIFNR,True,,926,927,43.1898597626753,1,1.0010799136069115,2,0.0010787486515642097,0.03627479299056413
"(2, 2, 6, 1, 1, 1, 2)",goods_receipt: ρ = type  │  invoice_receipt: ρ = CreditAmountBSEGWRBTR_band  │  material: ρ = QuantityEKPOMENGE  │  payment: ρ = AmountDMBTR  │  purchase_order: ρ = PurchasingGroupEKKOEKGRP  │  purchase_requisition: ρ = PurchasingGroupEBANEKGRP  │  quotation: ρ = VendorEBANLIFNR,True,,926,927,44.33009708737864,1,1.0010799136069115,2,0.0010787486515642097,0.010831889081455826
"(2, 2, 6, 1, 2, 1, 1)",goods_receipt: ρ = type  │  invoice_receipt: ρ = CreditAmountBSEGWRBTR_band  │  material: ρ = QuantityEKPOMENGE  │  payment: ρ = AmountDMBTR  │  purchase_order: ρ = VendorEKKOLIFNR  │  purchase_requisition: ρ = PurchasingGroupEBANEKGRP  │  quotation: ρ = PurchasingGroupEBANEKGRP,True,,926,927,44.33009708737864,1,1.0010799136069115,2,0.0010787486515642097,0.010831889081455826
"(2, 2, 6, 1, 2, 2, 2)",goods_receipt: ρ = type  │  invoice_receipt: ρ = CreditAmountBSEGWRBTR_band  │  material: ρ = QuantityEKPOMENGE  │  payment: ρ = AmountDMBTR  │  purchase_order: ρ = VendorEKKOLIFNR  │  purchase_requisition: ρ = type  │  quotation: ρ = VendorEBANLIFNR,True,,926,927,43.50701186623517,1,1.0010799136069115,2,0.0010787486515642097,0.029197958790679657
"(2, 2, 6, 2, 2, 1, 2)",goods_receipt: ρ = type  │  invoice_receipt: ρ = CreditAmountBSEGWRBTR_band  │  material: ρ = QuantityEKPOMENGE  │  payment: ρ = AmountDMBTR_band  │  purchase_order: ρ = VendorEKKOLIFNR  │  purchase_requisition: ρ = PurchasingGroupEBANEKGRP  │  quotation: ρ = VendorEBANLIFNR,True,,910,927,43.249190938511326,1,1.0186813186813186,3,0.01833872707659112,0.03495089543616403
"(2, 2, 6, 3, 2, 1, 2)",goods_receipt: ρ = type  │  invoice_receipt: ρ = CreditAmountBSEGWRBTR_band  │  material: ρ = QuantityEKPOMENGE  │  payment: ρ = PaymentMethodZLSCH  │  purchase_order: ρ = VendorEKKOLIFNR  │  purchase_requisition: ρ = PurchasingGroupEBANEKGRP  │  quotation: ρ = VendorEBANLIFNR,True,,922,927,43.50701186623517,1,1.0054229934924077,2,0.005393743257820938,0.029197958790679657
"(2, 2, 7, 1, 2, 1, 2)",goods_receipt: ρ = type  │  invoice_receipt: ρ = CreditAmountBSEGWRBTR_band  │  material: ρ = QuantityEKPOMENGE_band  │  payment: ρ = AmountDMBTR  │  purchase_order: ρ = VendorEKKOLIFNR  │  purchase_requisition: ρ = PurchasingGroupEBANEKGRP  │  quotation: ρ = VendorEBANLIFNR,True,,926,927,42.98166127292341,1,1.0010799136069115,2,0.0010787486515642097,0.04092046986327735
"(2, 3, 2, 2, 2, 1, 2)",goods_receipt: ρ = type  │  invoice_receipt: ρ = type  │  material: ρ = MaterialEKPOMATNR  │  payment: ρ = AmountDMBTR_band  │  purchase_order: ρ = VendorEKKOLIFNR  │  purchase_requisition: ρ = PurchasingGroupEBANEKGRP  │  quotation: ρ = VendorEBANLIFNR,True,,894,927,43.530744336569576,1,1.0369127516778522,4,0.035598705501618144,0.028668399768919772
"(2, 3, 2, 3, 2, 1, 2)",goods_receipt: ρ = type  │  invoice_receipt: ρ = type  │  material: ρ = MaterialEKPOMATNR  │  payment: ρ = PaymentMethodZLSCH  │  purchase_order: ρ = VendorEKKOLIFNR  │  purchase_requisition: ρ = PurchasingGroupEBANEKGRP  │  quotation: ρ = VendorEBANLIFNR,True,,907,927,43.530744336569576,1,1.022050716648291,3,0.02157497303128375,0.028668399768919772
"(2, 3, 3, 1, 2, 1, 2)",goods_receipt: ρ = type  │  invoice_receipt: ρ = type  │  material: ρ = NetPriceEKPONETPR  │  payment: ρ = AmountDMBTR  │  purchase_order: ρ = VendorEKKOLIFNR  │  purchase_requisition: ρ = PurchasingGroupEBANEKGRP  │  quotation: ρ = VendorEBANLIFNR,True,,926,927,43.31175836030205,1,1.0010799136069115,2,0.0010787486515642097,0.03355478528788747
"(2, 3, 0, 2, 2, 1, 2)",goods_receipt: ρ = type  │  invoice_receipt: ρ = type  │  material: ρ = id  │  payment: ρ = AmountDMBTR_band  │  purchase_order: ρ = VendorEKKOLIFNR  │  purchase_requisition: ρ = PurchasingGroupEBANEKGRP  │  quotation: ρ = VendorEBANLIFNR,True,,912,927,43.530744336569576,1,1.0164473684210527,3,0.016181229773462813,0.028668399768919772
"(2, 3, 0, 3, 2, 1, 2)",goods_receipt: ρ = type  │  invoice_receipt: ρ = type  │  material: ρ = id  │  payment: ρ = PaymentMethodZLSCH  │  purchase_order: ρ = VendorEKKOLIFNR  │  purchase_requisition: ρ = PurchasingGroupEBANEKGRP  │  quotation: ρ = VendorEBANLIFNR,True,,918,927,43.530744336569576,1,1.0098039215686274,3,0.009708737864077666,0.028668399768919772
"(2, 3, 6, 1, 2, 1, 2)",goods_receipt: ρ = type  │  invoice_receipt: ρ = type  │  material: ρ = QuantityEKPOMENGE  │  payment: ρ = AmountDMBTR  │  purchase_order: ρ = VendorEKKOLIFNR  │  purchase_requisition: ρ = PurchasingGroupEBANEKGRP  │  quotation: ρ = VendorEBANLIFNR,True,,926,927,43.50701186623517,1,1.0010799136069115,2,0.0010787486515642097,0.029197958790679657
"(2, 1, 2, 1, 1, 1, 1)",goods_receipt: ρ = type  │  invoice_receipt: ρ = CreditAmountBSEGWRBTR  │  material: ρ = MaterialEKPOMATNR  │  payment: ρ = AmountDMBTR  │  purchase_order: ρ = PurchasingGroupEKKOEKGRP  │  purchase_requisition: ρ = PurchasingGroupEBANEKGRP  │  quotation: ρ = PurchasingGroupEBANEKGRP,True,,922,927,43.27292340884574,1,1.0054229934924077,2,0.005393743257820938,0.034421336414403925
"(2, 1, 3, 1, 1, 1, 2)",goods_receipt: ρ = type  │  invoice_receipt: ρ = CreditAmountBSEGWRBTR  │  material: ρ = NetPriceEKPONETPR  │  payment: ρ = AmountDMBTR  │  purchase_order: ρ = PurchasingGroupEKKOEKGRP  │  purchase_requisition: ρ = PurchasingGroupEBANEKGRP  │  quotation: ρ = VendorEBANLIFNR,True,,926,927,43.87702265372168,1,1.0010799136069115,2,0.0010787486515642097,0.0209416522241479
"(2, 1, 3, 1, 2, 1, 1)",goods_receipt: ρ = type  │  invoice_receipt: ρ = CreditAmountBSEGWRBTR  │  material: ρ = NetPriceEKPONETPR  │  payment: ρ = AmountDMBTR  │  purchase_order: ρ = VendorEKKOLIFNR  │  purchase_requisition: ρ = PurchasingGroupEBANEKGRP  │  quotation: ρ = PurchasingGroupEBANEKGRP,True,,926,927,43.87702265372168,1,1.0010799136069115,2,0.0010787486515642097,0.0209416522241479
"(2, 1, 3, 1, 2, 2, 2)",goods_receipt: ρ = type  │  invoice_receipt: ρ = CreditAmountBSEGWRBTR  │  material: ρ = NetPriceEKPONETPR  │  payment: ρ = AmountDMBTR  │  purchase_order: ρ = VendorEKKOLIFNR  │  purchase_requisition: ρ = type  │  quotation: ρ = VendorEBANLIFNR,True,,926,927,43.05393743257821,1,1.0010799136069115,2,0.0010787486515642097,0.03930772193337184
"(2, 1, 3, 2, 2, 1, 2)",goods_receipt: ρ = type  │  invoice_receipt: ρ = CreditAmountBSEGWRBTR  │  material: ρ = NetPriceEKPONETPR  │  payment: ρ = AmountDMBTR_band  │  purchase_order: ρ = VendorEKKOLIFNR  │  purchase_requisition: ρ = PurchasingGroupEBANEKGRP  │  quotation: ρ = VendorEBANLIFNR,True,,926,927,43.31175836030205,1,1.0010799136069115,2,0.0010787486515642097,0.03355478528788747
"(2, 1, 3, 3, 2, 1, 2)",goods_receipt: ρ = type  │  invoice_receipt: ρ = CreditAmountBSEGWRBTR  │  material: ρ = NetPriceEKPONETPR  │  payment: ρ = PaymentMethodZLSCH  │  purchase_order: ρ = VendorEKKOLIFNR  │  purchase_requisition: ρ = PurchasingGroupEBANEKGRP  │  quotation: ρ = VendorEBANLIFNR,True,,926,927,43.31175836030205,1,1.0010799136069115,2,0.0010787486515642097,0.03355478528788747
"(2, 1, 4, 1, 2, 1, 2)",goods_receipt: ρ = type  │  invoice_receipt: ρ = CreditAmountBSEGWRBTR  │  material: ρ = NetPriceEKPONETPR_band  │  payment: ρ = AmountDMBTR  │  purchase_order: ρ = VendorEKKOLIFNR  │  purchase_requisition: ρ = PurchasingGroupEBANEKGRP  │  quotation: ρ = VendorEBANLIFNR,True,,926,927,42.264293419633226,1,1.0010799136069115,2,0.0010787486515642097,0.05692759483920651
"(2, 1, 5, 1, 2, 1, 2)",goods_receipt: ρ = type  │  invoice_receipt: ρ = CreditAmountBSEGWRBTR  │  material: ρ = PlantEKPOWERKS  │  payment: ρ = AmountDMBTR  │  purchase_order: ρ = VendorEKKOLIFNR  │  purchase_requisition: ρ = PurchasingGroupEBANEKGRP  │  quotation: ρ = VendorEBANLIFNR,True,,926,927,42.932038834951456,1,1.0010799136069115,2,0.0010787486515642097,0.042027729636048505
"(2, 1, 6, 1, 1, 1, 2)",goods_receipt: ρ = type  │  invoice_receipt: ρ = CreditAmountBSEGWRBTR  │  material: ρ = QuantityEKPOMENGE  │  payment: ρ = AmountDMBTR  │  purchase_order: ρ = PurchasingGroupEKKOEKGRP  │  purchase_requisition: ρ = PurchasingGroupEBANEKGRP  │  quotation: ρ = VendorEBANLIFNR,True,,926,927,44.0722761596548,1,1.0010799136069115,2,0.0010787486515642097,0.01658482572694009
"(2, 1, 6, 1, 2, 1, 1)",goods_receipt: ρ = type  │  invoice_receipt: ρ = CreditAmountBSEGWRBTR  │  material: ρ = QuantityEKPOMENGE  │  payment: ρ = AmountDMBTR  │  purchase_order: ρ = VendorEKKOLIFNR  │  purchase_requisition: ρ = PurchasingGroupEBANEKGRP  │  quotation: ρ = PurchasingGroupEBANEKGRP,True,,926,927,44.0722761596548,1,1.0010799136069115,2,0.0010787486515642097,0.01658482572694009
"(2, 1, 6, 1, 2, 2, 2)",goods_receipt: ρ = type  │  invoice_receipt: ρ = CreditAmountBSEGWRBTR  │  material: ρ = QuantityEKPOMENGE  │  payment: ρ = AmountDMBTR  │  purchase_order: ρ = VendorEKKOLIFNR  │  purchase_requisition: ρ = type  │  quotation: ρ = VendorEBANLIFNR,True,,926,927,43.249190938511326,1,1.0010799136069115,2,0.0010787486515642097,0.03495089543616403
"(2, 1, 6, 2, 2, 1, 2)",goods_receipt: ρ = type  │  invoice_receipt: ρ = CreditAmountBSEGWRBTR  │  material: ρ = QuantityEKPOMENGE  │  payment: ρ = AmountDMBTR_band  │  purchase_order: ρ = VendorEKKOLIFNR  │  purchase_requisition: ρ = PurchasingGroupEBANEKGRP  │  quotation: ρ = VendorEBANLIFNR,True,,926,927,43.50701186623517,1,1.0010799136069115,2,0.0010787486515642097,0.029197958790679657
"(2, 1, 6, 3, 2, 1, 2)",goods_receipt: ρ = type  │  invoice_receipt: ρ = CreditAmountBSEGWRBTR  │  material: ρ = QuantityEKPOMENGE  │  payment: ρ = PaymentMethodZLSCH  │  purchase_order: ρ = VendorEKKOLIFNR  │  purchase_requisition: ρ = PurchasingGroupEBANEKGRP  │  quotation: ρ = VendorEBANLIFNR,True,,926,927,43.50701186623517,1,1.0010799136069115,2,0.0010787486515642097,0.029197958790679657
"(2, 1, 7, 1, 2, 1, 2)",goods_receipt: ρ = type  │  invoice_receipt: ρ = CreditAmountBSEGWRBTR  │  material: ρ = QuantityEKPOMENGE_band  │  payment: ρ = AmountDMBTR  │  purchase_order: ρ = VendorEKKOLIFNR  │  purchase_requisition: ρ = PurchasingGroupEBANEKGRP  │  quotation: ρ = VendorEBANLIFNR,True,,926,927,42.72384034519957,1,1.0010799136069115,2,0.0010787486515642097,0.04667340650876173
"(2, 2, 2, 2, 2, 1, 2)",goods_receipt: ρ = type  │  invoice_receipt: ρ = CreditAmountBSEGWRBTR_band  │  material: ρ = MaterialEKPOMATNR  │  payment: ρ = AmountDMBTR_band  │  purchase_order: ρ = VendorEKKOLIFNR  │  purchase_requisition: ρ = PurchasingGroupEBANEKGRP  │  quotation: ρ = VendorEBANLIFNR,True,,895,927,43.27292340884574,1,1.035754189944134,4,0.034519956850053934,0.034421336414403925
"(2, 2, 2, 3, 2, 1, 2)",goods_receipt: ρ = type  │  invoice_receipt: ρ = CreditAmountBSEGWRBTR_band  │  material: ρ = MaterialEKPOMATNR  │  payment: ρ = PaymentMethodZLSCH  │  purchase_order: ρ = VendorEKKOLIFNR  │  purchase_requisition: ρ = PurchasingGroupEBANEKGRP  │  quotation: ρ = VendorEBANLIFNR,True,,915,927,43.530744336569576,1,1.0131147540983607,3,0.012944983818770184,0.028668399768919772
"(2, 2, 3, 1, 2, 1, 2)",goods_receipt: ρ = type  │  invoice_receipt: ρ = CreditAmountBSEGWRBTR_band  │  material: ρ = NetPriceEKPONETPR  │  payment: ρ = AmountDMBTR  │  purchase_order: ρ = VendorEKKOLIFNR  │  purchase_requisition: ρ = PurchasingGroupEBANEKGRP  │  quotation: ρ = VendorEBANLIFNR,True,,926,927,43.31175836030205,1,1.0010799136069115,2,0.0010787486515642097,0.03355478528788747
"(2, 2, 0, 2, 2, 1, 2)",goods_receipt: ρ = type  │  invoice_receipt: ρ = CreditAmountBSEGWRBTR_band  │  material: ρ = id  │  payment: ρ = AmountDMBTR_band  │  purchase_order: ρ = VendorEKKOLIFNR  │  purchase_requisition: ρ = PurchasingGroupEBANEKGRP  │  quotation: ρ = VendorEBANLIFNR,True,,913,927,43.27292340884574,1,1.0153340635268346,3,0.015102481121898603,0.034421336414403925
"(2, 2, 0, 3, 2, 1, 2)",goods_receipt: ρ = type  │  invoice_receipt: ρ = CreditAmountBSEGWRBTR_band  │  material: ρ = id  │  payment: ρ = PaymentMethodZLSCH  │  purchase_order: ρ = VendorEKKOLIFNR  │  purchase_requisition: ρ = PurchasingGroupEBANEKGRP  │  quotation: ρ = VendorEBANLIFNR,True,,923,927,43.530744336569576,1,1.0043336944745396,2,0.004314994606256728,0.028668399768919772
"(2, 2, 6, 1, 2, 1, 2)",goods_receipt: ρ = type  │  invoice_receipt: ρ = CreditAmountBSEGWRBTR_band  │  material: ρ = QuantityEKPOMENGE  │  payment: ρ = AmountDMBTR  │  purchase_order: ρ = VendorEKKOLIFNR  │  purchase_requisition: ρ = PurchasingGroupEBANEKGRP  │  quotation: ρ = VendorEBANLIFNR,True,,926,927,43.50701186623517,1,1.0010799136069115,2,0.0010787486515642097,0.029197958790679657
"(2, 1, 3, 1, 2, 1, 2)",goods_receipt: ρ = type  │  invoice_receipt: ρ = CreditAmountBSEGWRBTR  │  material: ρ = NetPriceEKPONETPR  │  payment: ρ = AmountDMBTR  │  purchase_order: ρ = VendorEKKOLIFNR  │  purchase_requisition: ρ = PurchasingGroupEBANEKGRP  │  quotation: ρ = VendorEBANLIFNR,True,,926,927,43.05393743257821,1,1.0010799136069115,2,0.0010787486515642097,0.03930772193337184
"(2, 1, 6, 1, 2, 1, 2)",goods_receipt: ρ = type  │  invoice_receipt: ρ = CreditAmountBSEGWRBTR  │  material: ρ = QuantityEKPOMENGE  │  payment: ρ = AmountDMBTR  │  purchase_order: ρ = VendorEKKOLIFNR  │  purchase_requisition: ρ = PurchasingGroupEBANEKGRP  │  quotation: ρ = VendorEBANLIFNR,True,,926,927,43.249190938511326,1,1.0010799136069115,2,0.0010787486515642097,0.03495089543616403
"(0, 0, 0, 0, 0, 0, 0)",goods_receipt: ρ = id  │  invoice_receipt: ρ = id  │  material: ρ = id  │  payment: ρ = id  │  purchase_order: ρ = id  │  purchase_requisition: ρ = id  │  quotation: ρ = id,False,no merging (K = n_executions),927,927,44.81553398058252,1,1.0,1,0.0,0.0
