dataset,cfg,phi,interesting,reason_skipped,K,n_executions,K_ratio,cfg_height,cfg_height_norm,avg_behavior_size,support_min,support_mean,support_max,reduction_from_bottom,compression_from_bottom,behavior_time_s,mining_time_s,miner,n_graphs,avg_mining_graph_size,total_mining_graph_size,min_support_effective,n_patterns_raw,n_patterns_in_window,pattern_support_min,pattern_support_mean,pattern_support_median,pattern_support_max,pattern_support_ratio_mean,pattern_support_ratio_median,pattern_support_ratio_max,high_support_threshold_ratio,high_support_threshold_abs,n_high_support_patterns,high_support_pattern_ratio
hinge_production_filtered,"(1, 1, 3, 3, 1, 3, 1, 4)",facility: ρ = type  │  femalepart: ρ = type  │  formedpart: ρ = type  │  hinge: ρ = type  │  hingepack: ρ = type  │  malepart: ρ = type  │  steelpin: ρ = type  │  steelsheet: ρ = type,True,,2,2907,0.0006879944960440316,15,1.0,26.995184038527693,7,1453.5,2900,0.9993120055039559,0.0,0.1997895829999976,2.19117612499997,gspan,2907,26.995184038527693,78475,145,6,0,0,0.0,0.0,0,0.0,0.0,0.0,0.25,726,0,0.0
hinge_production_filtered,"(0, 1, 3, 3, 1, 3, 1, 4)",facility: ρ = id  │  femalepart: ρ = type  │  formedpart: ρ = type  │  hinge: ρ = type  │  hingepack: ρ = type  │  malepart: ρ = type  │  steelpin: ρ = type  │  steelsheet: ρ = type,True,,2,2907,0.0006879944960440316,14,0.9333333333333333,26.995184038527693,7,1453.5,2900,0.9993120055039559,0.0,0.33514337500000124,2.202336166000009,gspan,2907,26.995184038527693,78475,145,6,0,0,0.0,0.0,0,0.0,0.0,0.0,0.25,726,0,0.0
hinge_production_filtered,"(1, 0, 3, 3, 1, 3, 1, 4)",facility: ρ = type  │  femalepart: ρ = id  │  formedpart: ρ = type  │  hinge: ρ = type  │  hingepack: ρ = type  │  malepart: ρ = type  │  steelpin: ρ = type  │  steelsheet: ρ = type,False,no merging (K = n_executions),2907,2907,1.0,14,0.9333333333333333,26.995184038527693,1,1.0,1,0.0,0.0,0.1988649159999909,,,0,0.0,0,0,0,0,0,0.0,0.0,0,0.0,0.0,0.0,0.25,0,0,0.0
hinge_production_filtered,"(1, 1, 2, 3, 1, 3, 1, 4)",facility: ρ = type  │  femalepart: ρ = type  │  formedpart: ρ = p_masskg_band  │  hinge: ρ = type  │  hingepack: ρ = type  │  malepart: ρ = type  │  steelpin: ρ = type  │  steelsheet: ρ = type,True,,15,2907,0.005159958720330237,14,0.9333333333333333,26.995184038527693,1,193.8,608,0.9948400412796697,0.0,0.3286452920000045,3.3199781670000448,gspan,2907,26.995184038527693,78475,145,11,8,787,1130.375,1297.0,1372,0.38884588923288615,0.4461644306845545,0.4719642242862057,0.25,726,8,1.0
hinge_production_filtered,"(1, 1, 3, 2, 1, 3, 1, 4)",facility: ρ = type  │  femalepart: ρ = type  │  formedpart: ρ = type  │  hinge: ρ = p_masskg_band  │  hingepack: ρ = type  │  malepart: ρ = type  │  steelpin: ρ = type  │  steelsheet: ρ = type,True,,28,2907,0.009631922944616443,14,0.9333333333333333,26.995184038527693,1,103.82142857142857,696,0.9903680770553835,0.0,0.39713841700000785,40.709014042000035,gspan,2907,26.995184038527693,78475,145,17,14,198,509.35714285714283,497.0,1367,0.1752174554032139,0.17096663226694186,0.4702442380460956,0.25,726,2,0.14285714285714285
hinge_production_filtered,"(1, 1, 3, 3, 0, 3, 1, 4)",facility: ρ = type  │  femalepart: ρ = type  │  formedpart: ρ = type  │  hinge: ρ = type  │  hingepack: ρ = id  │  malepart: ρ = type  │  steelpin: ρ = type  │  steelsheet: ρ = type,True,,291,2907,0.1001031991744066,14,0.9333333333333333,26.995184038527693,7,9.989690721649485,10,0.8998968008255934,0.0,0.20280541700000754,1.8323638340000343,gspan,2907,26.995184038527693,78475,145,4,0,0,0.0,0.0,0,0.0,0.0,0.0,0.25,726,0,0.0
hinge_production_filtered,"(1, 1, 3, 3, 1, 2, 1, 4)",facility: ρ = type  │  femalepart: ρ = type  │  formedpart: ρ = type  │  hinge: ρ = type  │  hingepack: ρ = type  │  malepart: ρ = p_masskg_band  │  steelpin: ρ = type  │  steelsheet: ρ = type,True,,6,2907,0.0020639834881320948,14,0.9333333333333333,26.995184038527693,2,484.5,1266,0.9979360165118679,0.0,0.20353733299999988,3.515552083999978,gspan,2907,26.995184038527693,78475,145,10,7,788,1018.5714285714286,848,1268,0.3503857683424247,0.2917096663226694,0.43618851049191604,0.25,726,7,1.0
hinge_production_filtered,"(1, 1, 3, 3, 1, 3, 0, 4)",facility: ρ = type  │  femalepart: ρ = type  │  formedpart: ρ = type  │  hinge: ρ = type  │  hingepack: ρ = type  │  malepart: ρ = type  │  steelpin: ρ = id  │  steelsheet: ρ = type,False,no merging (K = n_executions),2907,2907,1.0,14,0.9333333333333333,26.995184038527693,1,1.0,1,0.0,0.0,0.20279216699999836,,,0,0.0,0,0,0,0,0,0.0,0.0,0,0.0,0.0,0.0,0.25,0,0,0.0
hinge_production_filtered,"(1, 1, 3, 3, 1, 3, 1, 2)",facility: ρ = type  │  femalepart: ρ = type  │  formedpart: ρ = type  │  hinge: ρ = type  │  hingepack: ρ = type  │  malepart: ρ = type  │  steelpin: ρ = type  │  steelsheet: ρ = p_masskg_band,True,,15,2907,0.005159958720330237,15,1.0,26.995184038527693,1,193.8,631,0.9948400412796697,0.0,0.1843616250000082,3.915939083000012,gspan,2907,26.995184038527693,78475,145,14,10,1187,1661.8,1495.0,2066,0.5716546267629858,0.5142758857929136,0.7106983144134847,0.25,726,10,1.0
hinge_production_filtered,"(1, 1, 3, 3, 1, 3, 1, 3)",facility: ρ = type  │  femalepart: ρ = type  │  formedpart: ρ = type  │  hinge: ρ = type  │  hingepack: ρ = type  │  malepart: ρ = type  │  steelpin: ρ = type  │  steelsheet: ρ = SteelCoil,True,,11,2907,0.003783969728242174,14,0.9333333333333333,26.995184038527693,6,264.27272727272725,712,0.9962160302717579,0.0,0.4950785829999944,3.709174125000004,gspan,2907,26.995184038527693,78475,145,14,10,702,773.9,793.0,810,0.26621947024423803,0.27278981768145855,0.2786377708978328,0.25,726,8,0.8
hinge_production_filtered,"(0, 1, 2, 3, 1, 3, 1, 4)",facility: ρ = id  │  femalepart: ρ = type  │  formedpart: ρ = p_masskg_band  │  hinge: ρ = type  │  hingepack: ρ = type  │  malepart: ρ = type  │  steelpin: ρ = type  │  steelsheet: ρ = type,True,,15,2907,0.005159958720330237,13,0.8666666666666667,26.995184038527693,1,193.8,608,0.9948400412796697,0.0,0.19138691599999902,3.386703417000035,gspan,2907,26.995184038527693,78475,145,11,8,787,1130.375,1297.0,1372,0.38884588923288615,0.4461644306845545,0.4719642242862057,0.25,726,8,1.0
hinge_production_filtered,"(0, 1, 3, 2, 1, 3, 1, 4)",facility: ρ = id  │  femalepart: ρ = type  │  formedpart: ρ = type  │  hinge: ρ = p_masskg_band  │  hingepack: ρ = type  │  malepart: ρ = type  │  steelpin: ρ = type  │  steelsheet: ρ = type,True,,28,2907,0.009631922944616443,13,0.8666666666666667,26.995184038527693,1,103.82142857142857,696,0.9903680770553835,0.0,0.20449275,44.55433275000007,gspan,2907,26.995184038527693,78475,145,17,14,198,509.35714285714283,497.0,1367,0.1752174554032139,0.17096663226694186,0.4702442380460956,0.25,726,2,0.14285714285714285
hinge_production_filtered,"(0, 1, 3, 3, 0, 3, 1, 4)",facility: ρ = id  │  femalepart: ρ = type  │  formedpart: ρ = type  │  hinge: ρ = type  │  hingepack: ρ = id  │  malepart: ρ = type  │  steelpin: ρ = type  │  steelsheet: ρ = type,True,,291,2907,0.1001031991744066,13,0.8666666666666667,26.995184038527693,7,9.989690721649485,10,0.8998968008255934,0.0,0.5804310000000044,1.7784478749999835,gspan,2907,26.995184038527693,78475,145,4,0,0,0.0,0.0,0,0.0,0.0,0.0,0.25,726,0,0.0
hinge_production_filtered,"(0, 1, 3, 3, 1, 2, 1, 4)",facility: ρ = id  │  femalepart: ρ = type  │  formedpart: ρ = type  │  hinge: ρ = type  │  hingepack: ρ = type  │  malepart: ρ = p_masskg_band  │  steelpin: ρ = type  │  steelsheet: ρ = type,True,,6,2907,0.0020639834881320948,13,0.8666666666666667,26.995184038527693,2,484.5,1266,0.9979360165118679,0.0,0.2024297500000074,3.222526249999987,gspan,2907,26.995184038527693,78475,145,10,7,788,1018.5714285714286,848,1268,0.3503857683424247,0.2917096663226694,0.43618851049191604,0.25,726,7,1.0
hinge_production_filtered,"(0, 1, 3, 3, 1, 3, 1, 2)",facility: ρ = id  │  femalepart: ρ = type  │  formedpart: ρ = type  │  hinge: ρ = type  │  hingepack: ρ = type  │  malepart: ρ = type  │  steelpin: ρ = type  │  steelsheet: ρ = p_masskg_band,True,,15,2907,0.005159958720330237,14,0.9333333333333333,26.995184038527693,1,193.8,631,0.9948400412796697,0.0,0.6138482499999895,3.7817282500000147,gspan,2907,26.995184038527693,78475,145,14,10,1187,1661.8,1495.0,2066,0.5716546267629858,0.5142758857929136,0.7106983144134847,0.25,726,10,1.0
hinge_production_filtered,"(0, 1, 3, 3, 1, 3, 1, 3)",facility: ρ = id  │  femalepart: ρ = type  │  formedpart: ρ = type  │  hinge: ρ = type  │  hingepack: ρ = type  │  malepart: ρ = type  │  steelpin: ρ = type  │  steelsheet: ρ = SteelCoil,True,,11,2907,0.003783969728242174,13,0.8666666666666667,26.995184038527693,6,264.27272727272725,712,0.9962160302717579,0.0,0.6110200419999927,3.9138049590000037,gspan,2907,26.995184038527693,78475,145,14,10,702,773.9,793.0,810,0.26621947024423803,0.27278981768145855,0.2786377708978328,0.25,726,8,0.8
hinge_production_filtered,"(1, 1, 1, 3, 1, 3, 1, 4)",facility: ρ = type  │  femalepart: ρ = type  │  formedpart: ρ = p_masskg  │  hinge: ρ = type  │  hingepack: ρ = type  │  malepart: ρ = type  │  steelpin: ρ = type  │  steelsheet: ρ = type,True,,1512,2907,0.5201238390092879,13,0.8666666666666667,26.995184038527693,1,1.9226190476190477,8,0.47987616099071206,0.0,0.18367891700000882,4.837503707999986,gspan,2907,26.995184038527693,78475,145,17,14,163,188.07142857142858,189.0,207,0.06469605386014055,0.06501547987616099,0.07120743034055728,0.25,726,0,0.0
hinge_production_filtered,"(1, 1, 2, 2, 1, 3, 1, 4)",facility: ρ = type  │  femalepart: ρ = type  │  formedpart: ρ = p_masskg_band  │  hinge: ρ = p_masskg_band  │  hingepack: ρ = type  │  malepart: ρ = type  │  steelpin: ρ = type  │  steelsheet: ρ = type,True,,120,2907,0.0412796697626419,13,0.8666666666666667,26.995184038527693,1,24.225,271,0.9587203302373581,0.0,0.19507879099998604,44.385719041000016,gspan,2907,26.995184038527693,78475,145,23,23,198,733.4782608695652,696,1372,0.25231450322310467,0.239422084623323,0.4719642242862057,0.25,726,10,0.43478260869565216
hinge_production_filtered,"(1, 1, 2, 3, 0, 3, 1, 4)",facility: ρ = type  │  femalepart: ρ = type  │  formedpart: ρ = p_masskg_band  │  hinge: ρ = type  │  hingepack: ρ = id  │  malepart: ρ = type  │  steelpin: ρ = type  │  steelsheet: ρ = type,True,,1735,2907,0.5968352253181974,13,0.8666666666666667,26.995184038527693,1,1.6755043227665707,6,0.40316477468180256,0.0,0.19208066699999904,2.9202816250000296,gspan,2907,26.995184038527693,78475,145,9,8,787,1130.375,1297.0,1372,0.38884588923288615,0.4461644306845545,0.4719642242862057,0.25,726,8,1.0
hinge_production_filtered,"(1, 1, 2, 3, 1, 2, 1, 4)",facility: ρ = type  │  femalepart: ρ = type  │  formedpart: ρ = p_masskg_band  │  hinge: ρ = type  │  hingepack: ρ = type  │  malepart: ρ = p_masskg_band  │  steelpin: ρ = type  │  steelsheet: ρ = type,True,,18,2907,0.006191950464396285,13,0.8666666666666667,26.995184038527693,1,161.5,560,0.9938080495356038,0.0,0.1925135829999931,5.380894916999978,gspan,2907,26.995184038527693,78475,145,19,19,787,1062.4736842105262,1266,1338,0.3654880234642333,0.43550051599587203,0.4602683178534572,0.25,726,19,1.0
hinge_production_filtered,"(1, 1, 2, 3, 1, 3, 1, 2)",facility: ρ = type  │  femalepart: ρ = type  │  formedpart: ρ = p_masskg_band  │  hinge: ρ = type  │  hingepack: ρ = type  │  malepart: ρ = type  │  steelpin: ρ = type  │  steelsheet: ρ = p_masskg_band,True,,31,2907,0.010663914688682491,14,0.9333333333333333,26.995184038527693,1,93.7741935483871,539,0.9893360853113176,0.0,0.18134395799999936,7.136275875000024,gspan,2907,26.995184038527693,78475,145,27,24,156,965.5,1005.0,2066,0.33212934296525626,0.3457172342621259,0.7106983144134847,0.25,726,17,0.7083333333333334
hinge_production_filtered,"(1, 1, 2, 3, 1, 3, 1, 3)",facility: ρ = type  │  femalepart: ρ = type  │  formedpart: ρ = p_masskg_band  │  hinge: ρ = type  │  hingepack: ρ = type  │  malepart: ρ = type  │  steelpin: ρ = type  │  steelsheet: ρ = SteelCoil,True,,89,2907,0.03061575507395941,13,0.8666666666666667,26.995184038527693,1,32.662921348314605,158,0.9693842449260406,0.0,0.1929848749999934,7.76665970900001,gspan,2907,26.995184038527693,78475,145,31,28,310,567.8571428571429,368.0,1372,0.19534129441250186,0.12659098727210183,0.4719642242862057,0.25,726,8,0.2857142857142857
hinge_production_filtered,"(1, 1, 3, 1, 1, 3, 1, 4)",facility: ρ = type  │  femalepart: ρ = type  │  formedpart: ρ = type  │  hinge: ρ = p_masskg  │  hingepack: ρ = type  │  malepart: ρ = type  │  steelpin: ρ = type  │  steelsheet: ρ = type,True,,2711,2907,0.9325765393876849,13,0.8666666666666667,26.995184038527693,1,1.0722980450018444,4,0.06742346061231508,0.0,0.20631012500000168,1.6034360000001016,gspan,2907,26.995184038527693,78475,145,3,0,0,0.0,0.0,0,0.0,0.0,0.0,0.25,726,0,0.0
hinge_production_filtered,"(1, 1, 3, 2, 0, 3, 1, 4)",facility: ρ = type  │  femalepart: ρ = type  │  formedpart: ρ = type  │  hinge: ρ = p_masskg_band  │  hingepack: ρ = id  │  malepart: ρ = type  │  steelpin: ρ = type  │  steelsheet: ρ = type,True,,846,2907,0.29102167182662536,13,0.8666666666666667,26.995184038527693,1,3.4361702127659575,9,0.7089783281733746,0.0,0.20511341699999264,2.3809024999999338,gspan,2907,26.995184038527693,78475,145,6,3,696,969.0,844,1367,0.3333333333333333,0.29033367733058135,0.4702442380460956,0.25,726,2,0.6666666666666666
hinge_production_filtered,"(1, 1, 3, 2, 1, 2, 1, 4)",facility: ρ = type  │  femalepart: ρ = type  │  formedpart: ρ = type  │  hinge: ρ = p_masskg_band  │  hingepack: ρ = type  │  malepart: ρ = p_masskg_band  │  steelpin: ρ = type  │  steelsheet: ρ = type,True,,67,2907,0.02304781561747506,13,0.8666666666666667,26.995184038527693,1,43.38805970149254,372,0.976952184382525,0.0,0.20645595900001013,5.236941958999978,gspan,2907,26.995184038527693,78475,145,18,15,155,358.8666666666667,330,747,0.12344914574016741,0.11351909184726522,0.25696594427244585,0.25,726,2,0.13333333333333333
hinge_production_filtered,"(1, 1, 3, 2, 1, 3, 1, 2)",facility: ρ = type  │  femalepart: ρ = type  │  formedpart: ρ = type  │  hinge: ρ = p_masskg_band  │  hingepack: ρ = type  │  malepart: ρ = type  │  steelpin: ρ = type  │  steelsheet: ρ = p_masskg_band,True,,115,2907,0.03955968352253182,14,0.9333333333333333,26.995184038527693,1,25.278260869565216,257,0.9604403164774682,0.0,0.8407122079999851,6.866879874999995,gspan,2907,26.995184038527693,78475,145,26,25,198,977.8,696,2066,0.3363605091159271,0.239422084623323,0.7106983144134847,0.25,726,12,0.48
hinge_production_filtered,"(1, 1, 3, 2, 1, 3, 1, 3)",facility: ρ = type  │  femalepart: ρ = type  │  formedpart: ρ = type  │  hinge: ρ = p_masskg_band  │  hingepack: ρ = type  │  malepart: ρ = type  │  steelpin: ρ = type  │  steelsheet: ρ = SteelCoil,True,,125,2907,0.042999656002751976,13,0.8666666666666667,26.995184038527693,1,23.256,179,0.957000343997248,0.0,0.2080664160000083,6.622258041999885,gspan,2907,26.995184038527693,78475,145,25,24,198,619.5833333333334,699.0,1367,0.21313496158697398,0.24045407636738905,0.4702442380460956,0.25,726,10,0.4166666666666667
hinge_production_filtered,"(1, 1, 3, 3, 0, 2, 1, 4)",facility: ρ = type  │  femalepart: ρ = type  │  formedpart: ρ = type  │  hinge: ρ = type  │  hingepack: ρ = id  │  malepart: ρ = p_masskg_band  │  steelpin: ρ = type  │  steelsheet: ρ = type,True,,851,2907,0.29274165806673547,13,0.8666666666666667,26.995184038527693,1,3.4159811985898942,9,0.7072583419332645,0.0,0.20099541600001203,2.53502299999991,gspan,2907,26.995184038527693,78475,145,6,3,848,1128.0,1268,1268,0.38802889576883387,0.43618851049191604,0.43618851049191604,0.25,726,3,1.0
hinge_production_filtered,"(1, 1, 3, 3, 0, 3, 1, 2)",facility: ρ = type  │  femalepart: ρ = type  │  formedpart: ρ = type  │  hinge: ρ = type  │  hingepack: ρ = id  │  malepart: ρ = type  │  steelpin: ρ = type  │  steelsheet: ρ = p_masskg_band,True,,1727,2907,0.5940832473340213,14,0.9333333333333333,26.995184038527693,1,1.68326577880718,7,0.4059167526659787,0.0,0.18618624999999156,3.3811004169999705,gspan,2907,26.995184038527693,78475,145,12,10,1187,1661.8,1495.0,2066,0.5716546267629858,0.5142758857929136,0.7106983144134847,0.25,726,10,1.0
hinge_production_filtered,"(1, 1, 3, 3, 0, 3, 1, 3)",facility: ρ = type  │  femalepart: ρ = type  │  formedpart: ρ = type  │  hinge: ρ = type  │  hingepack: ρ = id  │  malepart: ρ = type  │  steelpin: ρ = type  │  steelsheet: ρ = SteelCoil,True,,400,2907,0.13759889920880633,13,0.8666666666666667,26.995184038527693,1,7.2675,10,0.8624011007911937,0.0,0.20311704200000236,3.184809249999944,gspan,2907,26.995184038527693,78475,145,11,9,702,769.8888888888889,793,810,0.26483965906050533,0.27278981768145855,0.2786377708978328,0.25,726,7,0.7777777777777778
hinge_production_filtered,"(1, 1, 3, 3, 1, 1, 1, 4)",facility: ρ = type  │  femalepart: ρ = type  │  formedpart: ρ = type  │  hinge: ρ = type  │  hingepack: ρ = type  │  malepart: ρ = p_masskg  │  steelpin: ρ = type  │  steelsheet: ρ = type,True,,75,2907,0.025799793601651185,13,0.8666666666666667,26.995184038527693,1,38.76,114,0.9742002063983488,0.0,0.2047989579999978,1.4571067500000936,gspan,2907,26.995184038527693,78475,145,3,0,0,0.0,0.0,0,0.0,0.0,0.0,0.25,726,0,0.0
hinge_production_filtered,"(1, 1, 3, 3, 1, 2, 1, 2)",facility: ρ = type  │  femalepart: ρ = type  │  formedpart: ρ = type  │  hinge: ρ = type  │  hingepack: ρ = type  │  malepart: ρ = p_masskg_band  │  steelpin: ρ = type  │  steelsheet: ρ = p_masskg_band,True,,22,2907,0.007567939456484348,14,0.9333333333333333,26.995184038527693,1,132.13636363636363,529,0.9924320605435156,0.0,0.18617445900000007,4.843650792000062,gspan,2907,26.995184038527693,78475,145,18,17,788,1396.9411764705883,1268,2066,0.48054392035451954,0.43618851049191604,0.7106983144134847,0.25,726,17,1.0
hinge_production_filtered,"(1, 1, 3, 3, 1, 2, 1, 3)",facility: ρ = type  │  femalepart: ρ = type  │  formedpart: ρ = type  │  hinge: ρ = type  │  hingepack: ρ = type  │  malepart: ρ = p_masskg_band  │  steelpin: ρ = type  │  steelsheet: ρ = SteelCoil,True,,33,2907,0.011351909184726523,13,0.8666666666666667,26.995184038527693,1,88.0909090909091,328,0.9886480908152735,0.0,0.20579358299997352,4.604633624999906,gspan,2907,26.995184038527693,78475,145,18,17,702,874.6470588235294,810,1268,0.3008761812258443,0.2786377708978328,0.43618851049191604,0.25,726,15,0.8823529411764706
hinge_production_filtered,"(1, 1, 3, 3, 1, 3, 1, 1)",facility: ρ = type  │  femalepart: ρ = type  │  formedpart: ρ = type  │  hinge: ρ = type  │  hingepack: ρ = type  │  malepart: ρ = type  │  steelpin: ρ = type  │  steelsheet: ρ = p_masskg,True,,1512,2907,0.5201238390092879,14,0.9333333333333333,26.995184038527693,1,1.9226190476190477,8,0.47987616099071206,0.0,0.1732158749999826,7.783599041999878,gspan,2907,26.995184038527693,78475,145,31,24,156,182.875,183.5,207,0.06290849673202614,0.0631234950120399,0.07120743034055728,0.25,726,0,0.0
hinge_production_filtered,"(1, 1, 3, 3, 1, 3, 1, 0)",facility: ρ = type  │  femalepart: ρ = type  │  formedpart: ρ = type  │  hinge: ρ = type  │  hingepack: ρ = type  │  malepart: ρ = type  │  steelpin: ρ = type  │  steelsheet: ρ = id,False,no merging (K = n_executions),2907,2907,1.0,13,0.8666666666666667,26.995184038527693,1,1.0,1,0.0,0.0,0.1662318340000013,,,0,0.0,0,0,0,0,0,0.0,0.0,0,0.0,0.0,0.0,0.25,0,0,0.0
hinge_production_filtered,"(0, 1, 1, 3, 1, 3, 1, 4)",facility: ρ = id  │  femalepart: ρ = type  │  formedpart: ρ = p_masskg  │  hinge: ρ = type  │  hingepack: ρ = type  │  malepart: ρ = type  │  steelpin: ρ = type  │  steelsheet: ρ = type,True,,1512,2907,0.5201238390092879,12,0.8,26.995184038527693,1,1.9226190476190477,8,0.47987616099071206,0.0,0.18332370799998898,4.709619833000033,gspan,2907,26.995184038527693,78475,145,17,14,163,188.07142857142858,189.0,207,0.06469605386014055,0.06501547987616099,0.07120743034055728,0.25,726,0,0.0
hinge_production_filtered,"(0, 1, 2, 2, 1, 3, 1, 4)",facility: ρ = id  │  femalepart: ρ = type  │  formedpart: ρ = p_masskg_band  │  hinge: ρ = p_masskg_band  │  hingepack: ρ = type  │  malepart: ρ = type  │  steelpin: ρ = type  │  steelsheet: ρ = type,True,,120,2907,0.0412796697626419,12,0.8,26.995184038527693,1,24.225,271,0.9587203302373581,0.0,0.1955975829999943,6.322461167000029,gspan,2907,26.995184038527693,78475,145,23,23,198,733.4782608695652,696,1372,0.25231450322310467,0.239422084623323,0.4719642242862057,0.25,726,10,0.43478260869565216
hinge_production_filtered,"(0, 1, 2, 3, 0, 3, 1, 4)",facility: ρ = id  │  femalepart: ρ = type  │  formedpart: ρ = p_masskg_band  │  hinge: ρ = type  │  hingepack: ρ = id  │  malepart: ρ = type  │  steelpin: ρ = type  │  steelsheet: ρ = type,True,,1735,2907,0.5968352253181974,12,0.8,26.995184038527693,1,1.6755043227665707,6,0.40316477468180256,0.0,1.0997787089999917,41.77395970799989,gspan,2907,26.995184038527693,78475,145,9,8,787,1130.375,1297.0,1372,0.38884588923288615,0.4461644306845545,0.4719642242862057,0.25,726,8,1.0
hinge_production_filtered,"(0, 1, 2, 3, 1, 2, 1, 4)",facility: ρ = id  │  femalepart: ρ = type  │  formedpart: ρ = p_masskg_band  │  hinge: ρ = type  │  hingepack: ρ = type  │  malepart: ρ = p_masskg_band  │  steelpin: ρ = type  │  steelsheet: ρ = type,True,,18,2907,0.006191950464396285,12,0.8,26.995184038527693,1,161.5,560,0.9938080495356038,0.0,0.19364091699998198,5.341753667000148,gspan,2907,26.995184038527693,78475,145,19,19,787,1062.4736842105262,1266,1338,0.3654880234642333,0.43550051599587203,0.4602683178534572,0.25,726,19,1.0
hinge_production_filtered,"(0, 1, 2, 3, 1, 3, 1, 2)",facility: ρ = id  │  femalepart: ρ = type  │  formedpart: ρ = p_masskg_band  │  hinge: ρ = type  │  hingepack: ρ = type  │  malepart: ρ = type  │  steelpin: ρ = type  │  steelsheet: ρ = p_masskg_band,True,,31,2907,0.010663914688682491,13,0.8666666666666667,26.995184038527693,1,93.7741935483871,539,0.9893360853113176,0.0,0.18154391699999906,7.256778624999924,gspan,2907,26.995184038527693,78475,145,27,24,156,965.5,1005.0,2066,0.33212934296525626,0.3457172342621259,0.7106983144134847,0.25,726,17,0.7083333333333334
hinge_production_filtered,"(0, 1, 2, 3, 1, 3, 1, 3)",facility: ρ = id  │  femalepart: ρ = type  │  formedpart: ρ = p_masskg_band  │  hinge: ρ = type  │  hingepack: ρ = type  │  malepart: ρ = type  │  steelpin: ρ = type  │  steelsheet: ρ = SteelCoil,True,,89,2907,0.03061575507395941,12,0.8,26.995184038527693,1,32.662921348314605,158,0.9693842449260406,0.0,0.19038312499998256,7.833281834000218,gspan,2907,26.995184038527693,78475,145,31,28,310,567.8571428571429,368.0,1372,0.19534129441250186,0.12659098727210183,0.4719642242862057,0.25,726,8,0.2857142857142857
hinge_production_filtered,"(0, 1, 3, 1, 1, 3, 1, 4)",facility: ρ = id  │  femalepart: ρ = type  │  formedpart: ρ = type  │  hinge: ρ = p_masskg  │  hingepack: ρ = type  │  malepart: ρ = type  │  steelpin: ρ = type  │  steelsheet: ρ = type,True,,2711,2907,0.9325765393876849,12,0.8,26.995184038527693,1,1.0722980450018444,4,0.06742346061231508,0.0,0.20928875000001312,1.526471374999801,gspan,2907,26.995184038527693,78475,145,3,0,0,0.0,0.0,0,0.0,0.0,0.0,0.25,726,0,0.0
hinge_production_filtered,"(0, 1, 3, 2, 0, 3, 1, 4)",facility: ρ = id  │  femalepart: ρ = type  │  formedpart: ρ = type  │  hinge: ρ = p_masskg_band  │  hingepack: ρ = id  │  malepart: ρ = type  │  steelpin: ρ = type  │  steelsheet: ρ = type,True,,846,2907,0.29102167182662536,12,0.8,26.995184038527693,1,3.4361702127659575,9,0.7089783281733746,0.0,0.20391762500000254,2.3491161670001475,gspan,2907,26.995184038527693,78475,145,6,3,696,969.0,844,1367,0.3333333333333333,0.29033367733058135,0.4702442380460956,0.25,726,2,0.6666666666666666
hinge_production_filtered,"(0, 1, 3, 2, 1, 2, 1, 4)",facility: ρ = id  │  femalepart: ρ = type  │  formedpart: ρ = type  │  hinge: ρ = p_masskg_band  │  hingepack: ρ = type  │  malepart: ρ = p_masskg_band  │  steelpin: ρ = type  │  steelsheet: ρ = type,True,,67,2907,0.02304781561747506,12,0.8,26.995184038527693,1,43.38805970149254,372,0.976952184382525,0.0,0.20558750000000714,43.49791008300008,gspan,2907,26.995184038527693,78475,145,18,15,155,358.8666666666667,330,747,0.12344914574016741,0.11351909184726522,0.25696594427244585,0.25,726,2,0.13333333333333333
hinge_production_filtered,"(0, 1, 3, 2, 1, 3, 1, 2)",facility: ρ = id  │  femalepart: ρ = type  │  formedpart: ρ = type  │  hinge: ρ = p_masskg_band  │  hingepack: ρ = type  │  malepart: ρ = type  │  steelpin: ρ = type  │  steelsheet: ρ = p_masskg_band,True,,115,2907,0.03955968352253182,13,0.8666666666666667,26.995184038527693,1,25.278260869565216,257,0.9604403164774682,0.0,0.19033558399999606,6.924591959000054,gspan,2907,26.995184038527693,78475,145,26,25,198,977.8,696,2066,0.3363605091159271,0.239422084623323,0.7106983144134847,0.25,726,12,0.48
hinge_production_filtered,"(0, 1, 3, 2, 1, 3, 1, 3)",facility: ρ = id  │  femalepart: ρ = type  │  formedpart: ρ = type  │  hinge: ρ = p_masskg_band  │  hingepack: ρ = type  │  malepart: ρ = type  │  steelpin: ρ = type  │  steelsheet: ρ = SteelCoil,True,,125,2907,0.042999656002751976,12,0.8,26.995184038527693,1,23.256,179,0.957000343997248,0.0,0.2057667499999809,6.549649792000082,gspan,2907,26.995184038527693,78475,145,25,24,198,619.5833333333334,699.0,1367,0.21313496158697398,0.24045407636738905,0.4702442380460956,0.25,726,10,0.4166666666666667
hinge_production_filtered,"(0, 1, 3, 3, 0, 2, 1, 4)",facility: ρ = id  │  femalepart: ρ = type  │  formedpart: ρ = type  │  hinge: ρ = type  │  hingepack: ρ = id  │  malepart: ρ = p_masskg_band  │  steelpin: ρ = type  │  steelsheet: ρ = type,True,,851,2907,0.29274165806673547,12,0.8,26.995184038527693,1,3.4159811985898942,9,0.7072583419332645,0.0,0.20428433300000393,2.3959689999999227,gspan,2907,26.995184038527693,78475,145,6,3,848,1128.0,1268,1268,0.38802889576883387,0.43618851049191604,0.43618851049191604,0.25,726,3,1.0
hinge_production_filtered,"(0, 1, 3, 3, 0, 3, 1, 2)",facility: ρ = id  │  femalepart: ρ = type  │  formedpart: ρ = type  │  hinge: ρ = type  │  hingepack: ρ = id  │  malepart: ρ = type  │  steelpin: ρ = type  │  steelsheet: ρ = p_masskg_band,True,,1727,2907,0.5940832473340213,13,0.8666666666666667,26.995184038527693,1,1.68326577880718,7,0.4059167526659787,0.0,0.1847574580000071,3.2817121250000127,gspan,2907,26.995184038527693,78475,145,12,10,1187,1661.8,1495.0,2066,0.5716546267629858,0.5142758857929136,0.7106983144134847,0.25,726,10,1.0
hinge_production_filtered,"(0, 1, 3, 3, 0, 3, 1, 3)",facility: ρ = id  │  femalepart: ρ = type  │  formedpart: ρ = type  │  hinge: ρ = type  │  hingepack: ρ = id  │  malepart: ρ = type  │  steelpin: ρ = type  │  steelsheet: ρ = SteelCoil,True,,400,2907,0.13759889920880633,12,0.8,26.995184038527693,1,7.2675,10,0.8624011007911937,0.0,0.20542224999999803,3.3948886250000214,gspan,2907,26.995184038527693,78475,145,11,9,702,769.8888888888889,793,810,0.26483965906050533,0.27278981768145855,0.2786377708978328,0.25,726,7,0.7777777777777778
hinge_production_filtered,"(0, 1, 3, 3, 1, 1, 1, 4)",facility: ρ = id  │  femalepart: ρ = type  │  formedpart: ρ = type  │  hinge: ρ = type  │  hingepack: ρ = type  │  malepart: ρ = p_masskg  │  steelpin: ρ = type  │  steelsheet: ρ = type,True,,75,2907,0.025799793601651185,12,0.8,26.995184038527693,1,38.76,114,0.9742002063983488,0.0,0.20860062500000254,40.69265583399988,gspan,2907,26.995184038527693,78475,145,3,0,0,0.0,0.0,0,0.0,0.0,0.0,0.25,726,0,0.0
hinge_production_filtered,"(0, 1, 3, 3, 1, 2, 1, 2)",facility: ρ = id  │  femalepart: ρ = type  │  formedpart: ρ = type  │  hinge: ρ = type  │  hingepack: ρ = type  │  malepart: ρ = p_masskg_band  │  steelpin: ρ = type  │  steelsheet: ρ = p_masskg_band,True,,22,2907,0.007567939456484348,13,0.8666666666666667,26.995184038527693,1,132.13636363636363,529,0.9924320605435156,0.0,0.19023108300001468,4.795002625000052,gspan,2907,26.995184038527693,78475,145,18,17,788,1396.9411764705883,1268,2066,0.48054392035451954,0.43618851049191604,0.7106983144134847,0.25,726,17,1.0
hinge_production_filtered,"(0, 1, 3, 3, 1, 2, 1, 3)",facility: ρ = id  │  femalepart: ρ = type  │  formedpart: ρ = type  │  hinge: ρ = type  │  hingepack: ρ = type  │  malepart: ρ = p_masskg_band  │  steelpin: ρ = type  │  steelsheet: ρ = SteelCoil,True,,33,2907,0.011351909184726523,12,0.8,26.995184038527693,1,88.0909090909091,328,0.9886480908152735,0.0,0.20406620899998984,4.696595540999851,gspan,2907,26.995184038527693,78475,145,18,17,702,874.6470588235294,810,1268,0.3008761812258443,0.2786377708978328,0.43618851049191604,0.25,726,15,0.8823529411764706
hinge_production_filtered,"(0, 1, 3, 3, 1, 3, 1, 1)",facility: ρ = id  │  femalepart: ρ = type  │  formedpart: ρ = type  │  hinge: ρ = type  │  hingepack: ρ = type  │  malepart: ρ = type  │  steelpin: ρ = type  │  steelsheet: ρ = p_masskg,True,,1512,2907,0.5201238390092879,13,0.8666666666666667,26.995184038527693,1,1.9226190476190477,8,0.47987616099071206,0.0,0.17209883300000683,7.49171616700005,gspan,2907,26.995184038527693,78475,145,31,24,156,182.875,183.5,207,0.06290849673202614,0.0631234950120399,0.07120743034055728,0.25,726,0,0.0
hinge_production_filtered,"(1, 1, 0, 3, 1, 3, 1, 4)",facility: ρ = type  │  femalepart: ρ = type  │  formedpart: ρ = id  │  hinge: ρ = type  │  hingepack: ρ = type  │  malepart: ρ = type  │  steelpin: ρ = type  │  steelsheet: ρ = type,False,no merging (K = n_executions),2907,2907,1.0,12,0.8,26.995184038527693,1,1.0,1,0.0,0.0,0.17984491699999694,,,0,0.0,0,0,0,0,0,0.0,0.0,0,0.0,0.0,0.0,0.25,0,0,0.0
hinge_production_filtered,"(1, 1, 1, 2, 1, 3, 1, 4)",facility: ρ = type  │  femalepart: ρ = type  │  formedpart: ρ = p_masskg  │  hinge: ρ = p_masskg_band  │  hingepack: ρ = type  │  malepart: ρ = type  │  steelpin: ρ = type  │  steelsheet: ρ = type,True,,2207,2907,0.7592019263845889,12,0.8,26.995184038527693,1,1.31717263253285,7,0.24079807361541106,0.0,0.18716595800000846,7.601553334000073,gspan,2907,26.995184038527693,78475,145,27,27,163,334.0,198,1367,0.11489508083935329,0.06811145510835913,0.4702442380460956,0.25,726,2,0.07407407407407407
hinge_production_filtered,"(1, 1, 1, 3, 0, 3, 1, 4)",facility: ρ = type  │  femalepart: ρ = type  │  formedpart: ρ = p_masskg  │  hinge: ρ = type  │  hingepack: ρ = id  │  malepart: ρ = type  │  steelpin: ρ = type  │  steelsheet: ρ = type,True,,2902,2907,0.99828001375989,12,0.8,26.995184038527693,1,1.001722949689869,2,0.0017199862401100496,0.0,0.1845772499999896,4.385491250000086,gspan,2907,26.995184038527693,78475,145,15,14,163,188.07142857142858,189.0,207,0.06469605386014055,0.06501547987616099,0.07120743034055728,0.25,726,0,0.0
hinge_production_filtered,"(1, 1, 1, 3, 1, 2, 1, 4)",facility: ρ = type  │  femalepart: ρ = type  │  formedpart: ρ = p_masskg  │  hinge: ρ = type  │  hingepack: ρ = type  │  malepart: ρ = p_masskg_band  │  steelpin: ρ = type  │  steelsheet: ρ = type,True,,1512,2907,0.5201238390092879,12,0.8,26.995184038527693,1,1.9226190476190477,8,0.47987616099071206,0.0,0.18540799999999535,44.493784332999894,gspan,2907,26.995184038527693,78475,145,20,20,163,425.75,196.5,1268,0.14645682834537324,0.06759545923632611,0.43618851049191604,0.25,726,6,0.3
hinge_production_filtered,"(1, 1, 1, 3, 1, 3, 1, 2)",facility: ρ = type  │  femalepart: ρ = type  │  formedpart: ρ = p_masskg  │  hinge: ρ = type  │  hingepack: ρ = type  │  malepart: ρ = type  │  steelpin: ρ = type  │  steelsheet: ρ = p_masskg_band,True,,1512,2907,0.5201238390092879,13,0.8666666666666667,26.995184038527693,1,1.9226190476190477,8,0.47987616099071206,0.0,0.17525091699999962,12.932506708999881,gspan,2907,26.995184038527693,78475,145,48,45,163,258.5777777777778,189,2066,0.08895004395520392,0.06501547987616099,0.7106983144134847,0.25,726,2,0.044444444444444446
hinge_production_filtered,"(1, 1, 1, 3, 1, 3, 1, 3)",facility: ρ = type  │  femalepart: ρ = type  │  formedpart: ρ = p_masskg  │  hinge: ρ = type  │  hingepack: ρ = type  │  malepart: ρ = type  │  steelpin: ρ = type  │  steelsheet: ρ = SteelCoil,True,,2464,2907,0.847609219126247,12,0.8,26.995184038527693,1,1.1797889610389611,4,0.15239078087375302,0.0,0.18541624999997453,1.8789485419999892,gspan,2907,26.995184038527693,78475,145,6,3,702,768.3333333333334,793,810,0.26430455223024885,0.27278981768145855,0.2786377708978328,0.25,726,2,0.6666666666666666
hinge_production_filtered,"(1, 1, 2, 1, 1, 3, 1, 4)",facility: ρ = type  │  femalepart: ρ = type  │  formedpart: ρ = p_masskg_band  │  hinge: ρ = p_masskg  │  hingepack: ρ = type  │  malepart: ρ = type  │  steelpin: ρ = type  │  steelsheet: ρ = type,True,,2843,2907,0.9779841761265909,12,0.8,26.995184038527693,1,1.0225114315863524,2,0.022015823873409057,0.0,0.19962904199999798,2.674810582999953,gspan,2907,26.995184038527693,78475,145,8,8,787,1130.375,1297.0,1372,0.38884588923288615,0.4461644306845545,0.4719642242862057,0.25,726,8,1.0
hinge_production_filtered,"(1, 1, 2, 2, 0, 3, 1, 4)",facility: ρ = type  │  femalepart: ρ = type  │  formedpart: ρ = p_masskg_band  │  hinge: ρ = p_masskg_band  │  hingepack: ρ = id  │  malepart: ρ = type  │  steelpin: ρ = type  │  steelsheet: ρ = type,True,,2033,2907,0.6993464052287581,12,0.8,26.995184038527693,1,1.4299065420560748,6,0.30065359477124187,0.0,0.19491354100000535,3.6178004579999197,gspan,2907,26.995184038527693,78475,145,12,12,696,1053.8333333333333,1070.5,1372,0.3625157665405343,0.36824905400756797,0.4719642242862057,0.25,726,10,0.8333333333333334
hinge_production_filtered,"(1, 1, 2, 2, 1, 2, 1, 4)",facility: ρ = type  │  femalepart: ρ = type  │  formedpart: ρ = p_masskg_band  │  hinge: ρ = p_masskg_band  │  hingepack: ρ = type  │  malepart: ρ = p_masskg_band  │  steelpin: ρ = type  │  steelsheet: ρ = type,True,,139,2907,0.0478156174750602,12,0.8,26.995184038527693,1,20.913669064748202,254,0.9521843825249398,0.0,0.25859004199998026,8.878876541999944,gspan,2907,26.995184038527693,78475,145,33,33,155,594.2121212121212,449,1338,0.2044073344382942,0.1544547643618851,0.4602683178534572,0.25,726,13,0.3939393939393939
hinge_production_filtered,"(1, 1, 2, 2, 1, 3, 1, 2)",facility: ρ = type  │  femalepart: ρ = type  │  formedpart: ρ = p_masskg_band  │  hinge: ρ = p_masskg_band  │  hingepack: ρ = type  │  malepart: ρ = type  │  steelpin: ρ = type  │  steelsheet: ρ = p_masskg_band,True,,191,2907,0.06570347437220503,13,0.8666666666666667,26.995184038527693,1,15.219895287958115,237,0.934296525627795,0.0,0.1852559999999812,49.433775792000006,gspan,2907,26.995184038527693,78475,145,39,39,156,794.8461538461538,696,2066,0.2734248895239607,0.239422084623323,0.7106983144134847,0.25,726,19,0.48717948717948717
hinge_production_filtered,"(1, 1, 2, 2, 1, 3, 1, 3)",facility: ρ = type  │  femalepart: ρ = type  │  formedpart: ρ = p_masskg_band  │  hinge: ρ = p_masskg_band  │  hingepack: ρ = type  │  malepart: ρ = type  │  steelpin: ρ = type  │  steelsheet: ρ = SteelCoil,True,,418,2907,0.1437908496732026,12,0.8,26.995184038527693,1,6.954545454545454,71,0.8562091503267975,0.0,0.1993620420000184,10.896459041000071,gspan,2907,26.995184038527693,78475,145,43,43,198,551.7906976744187,470,1372,0.18981448148414815,0.16167870657034744,0.4719642242862057,0.25,726,10,0.23255813953488372
hinge_production_filtered,"(1, 1, 2, 3, 0, 2, 1, 4)",facility: ρ = type  │  femalepart: ρ = type  │  formedpart: ρ = p_masskg_band  │  hinge: ρ = type  │  hingepack: ρ = id  │  malepart: ρ = p_masskg_band  │  steelpin: ρ = type  │  steelsheet: ρ = type,True,,1805,2907,0.6209150326797386,12,0.8,26.995184038527693,1,1.6105263157894736,6,0.3790849673202614,0.0,0.19258766600000854,4.438241208999898,gspan,2907,26.995184038527693,78475,145,15,15,787,1096.0666666666666,1268,1338,0.37704391698199746,0.43618851049191604,0.4602683178534572,0.25,726,15,1.0
hinge_production_filtered,"(1, 1, 2, 3, 0, 3, 1, 2)",facility: ρ = type  │  femalepart: ρ = type  │  formedpart: ρ = p_masskg_band  │  hinge: ρ = type  │  hingepack: ρ = id  │  malepart: ρ = type  │  steelpin: ρ = type  │  steelsheet: ρ = p_masskg_band,True,,1944,2907,0.6687306501547987,13,0.8666666666666667,26.995184038527693,1,1.4953703703703705,6,0.3312693498452013,0.0,0.1841228749999857,6.671866458000068,gspan,2907,26.995184038527693,78475,145,25,24,156,965.5,1005.0,2066,0.33212934296525626,0.3457172342621259,0.7106983144134847,0.25,726,17,0.7083333333333334
hinge_production_filtered,"(1, 1, 2, 3, 0, 3, 1, 3)",facility: ρ = type  │  femalepart: ρ = type  │  formedpart: ρ = p_masskg_band  │  hinge: ρ = type  │  hingepack: ρ = id  │  malepart: ρ = type  │  steelpin: ρ = type  │  steelsheet: ρ = SteelCoil,True,,1837,2907,0.631922944616443,12,0.8,26.995184038527693,1,1.582471420794774,6,0.36807705538355695,0.0,0.19180208400001675,7.676348624999946,gspan,2907,26.995184038527693,78475,145,30,29,192,545.1724137931035,368,1372,0.18753781004234726,0.12659098727210183,0.4719642242862057,0.25,726,8,0.27586206896551724
hinge_production_filtered,"(1, 1, 2, 3, 1, 1, 1, 4)",facility: ρ = type  │  femalepart: ρ = type  │  formedpart: ρ = p_masskg_band  │  hinge: ρ = type  │  hingepack: ρ = type  │  malepart: ρ = p_masskg  │  steelpin: ρ = type  │  steelsheet: ρ = type,True,,196,2907,0.0674234606123151,12,0.8,26.995184038527693,1,14.831632653061224,62,0.9325765393876849,0.0,0.19416250000000446,2.175292833999947,gspan,2907,26.995184038527693,78475,145,6,6,787,1146.6666666666667,1297.0,1338,0.3944501777319115,0.4461644306845545,0.4602683178534572,0.25,726,6,1.0
hinge_production_filtered,"(1, 1, 2, 3, 1, 2, 1, 2)",facility: ρ = type  │  femalepart: ρ = type  │  formedpart: ρ = p_masskg_band  │  hinge: ρ = type  │  hingepack: ρ = type  │  malepart: ρ = p_masskg_band  │  steelpin: ρ = type  │  steelsheet: ρ = p_masskg_band,True,,36,2907,0.01238390092879257,13,0.8666666666666667,26.995184038527693,1,80.75,493,0.9876160990712074,0.0,0.18247058400001492,9.173776666000094,gspan,2907,26.995184038527693,78475,145,34,34,156,972.0588235294117,847.0,2066,0.33438556020963595,0.2913656690746474,0.7106983144134847,0.25,726,27,0.7941176470588235
hinge_production_filtered,"(1, 1, 2, 3, 1, 2, 1, 3)",facility: ρ = type  │  femalepart: ρ = type  │  formedpart: ρ = p_masskg_band  │  hinge: ρ = type  │  hingepack: ρ = type  │  malepart: ρ = p_masskg_band  │  steelpin: ρ = type  │  steelsheet: ρ = SteelCoil,True,,108,2907,0.03715170278637771,12,0.8,26.995184038527693,1,26.916666666666668,144,0.9628482972136223,0.0,0.19410312499999804,49.32457291599985,gspan,2907,26.995184038527693,78475,145,39,39,310,693.4358974358975,702,1297,0.23854004039762555,0.24148606811145512,0.4461644306845545,0.25,726,19,0.48717948717948717
hinge_production_filtered,"(1, 1, 2, 3, 1, 3, 1, 1)",facility: ρ = type  │  femalepart: ρ = type  │  formedpart: ρ = p_masskg_band  │  hinge: ρ = type  │  hingepack: ρ = type  │  malepart: ρ = type  │  steelpin: ρ = type  │  steelsheet: ρ = p_masskg,True,,1512,2907,0.5201238390092879,13,0.8666666666666667,26.995184038527693,1,1.9226190476190477,8,0.47987616099071206,0.0,0.17213412499998526,10.80162724999991,gspan,2907,26.995184038527693,78475,145,46,43,156,320.6511627906977,189,1372,0.11030311757505941,0.06501547987616099,0.4719642242862057,0.25,726,8,0.18604651162790697
hinge_production_filtered,"(1, 1, 3, 0, 1, 3, 1, 4)",facility: ρ = type  │  femalepart: ρ = type  │  formedpart: ρ = type  │  hinge: ρ = id  │  hingepack: ρ = type  │  malepart: ρ = type  │  steelpin: ρ = type  │  steelsheet: ρ = type,False,no merging (K = n_executions),2907,2907,1.0,12,0.8,26.995184038527693,1,1.0,1,0.0,0.0,0.20514483399998085,,,0,0.0,0,0,0,0,0,0.0,0.0,0,0.0,0.0,0.0,0.25,0,0,0.0
hinge_production_filtered,"(1, 1, 3, 1, 0, 3, 1, 4)",facility: ρ = type  │  femalepart: ρ = type  │  formedpart: ρ = type  │  hinge: ρ = p_masskg  │  hingepack: ρ = id  │  malepart: ρ = type  │  steelpin: ρ = type  │  steelsheet: ρ = type,True,,2711,2907,0.9325765393876849,12,0.8,26.995184038527693,1,1.0722980450018444,4,0.06742346061231508,0.0,0.2072077920000197,1.5345201249999718,gspan,2907,26.995184038527693,78475,145,3,0,0,0.0,0.0,0,0.0,0.0,0.0,0.25,726,0,0.0
hinge_production_filtered,"(1, 1, 3, 1, 1, 2, 1, 4)",facility: ρ = type  │  femalepart: ρ = type  │  formedpart: ρ = type  │  hinge: ρ = p_masskg  │  hingepack: ρ = type  │  malepart: ρ = p_masskg_band  │  steelpin: ρ = type  │  steelsheet: ρ = type,True,,2812,2907,0.9673202614379085,12,0.8,26.995184038527693,1,1.0337837837837838,2,0.0326797385620915,0.0,0.21471337500000232,1.705522541999926,gspan,2907,26.995184038527693,78475,145,3,0,0,0.0,0.0,0,0.0,0.0,0.0,0.25,726,0,0.0
hinge_production_filtered,"(1, 1, 3, 1, 1, 3, 1, 2)",facility: ρ = type  │  femalepart: ρ = type  │  formedpart: ρ = type  │  hinge: ρ = p_masskg  │  hingepack: ρ = type  │  malepart: ρ = type  │  steelpin: ρ = type  │  steelsheet: ρ = p_masskg_band,True,,2845,2907,0.978672170622635,13,0.8666666666666667,26.995184038527693,1,1.021792618629174,3,0.021327829377364993,0.0,0.20148650000001567,3.0948745420000705,gspan,2907,26.995184038527693,78475,145,11,10,1187,1661.8,1495.0,2066,0.5716546267629858,0.5142758857929136,0.7106983144134847,0.25,726,10,1.0
hinge_production_filtered,"(1, 1, 3, 1, 1, 3, 1, 3)",facility: ρ = type  │  femalepart: ρ = type  │  formedpart: ρ = type  │  hinge: ρ = p_masskg  │  hingepack: ρ = type  │  malepart: ρ = type  │  steelpin: ρ = type  │  steelsheet: ρ = SteelCoil,True,,2725,2907,0.9373925008599931,12,0.8,26.995184038527693,1,1.066788990825688,3,0.06260749914000685,0.0,0.21062058300000785,3.0647917500000403,gspan,2907,26.995184038527693,78475,145,11,10,702,773.9,793.0,810,0.26621947024423803,0.27278981768145855,0.2786377708978328,0.25,726,8,0.8
hinge_production_filtered,"(1, 1, 3, 2, 0, 2, 1, 4)",facility: ρ = type  │  femalepart: ρ = type  │  formedpart: ρ = type  │  hinge: ρ = p_masskg_band  │  hingepack: ρ = id  │  malepart: ρ = p_masskg_band  │  steelpin: ρ = type  │  steelsheet: ρ = type,True,,1558,2907,0.5359477124183006,12,0.8,26.995184038527693,1,1.8658536585365855,7,0.46405228758169936,0.0,0.20617054200002372,41.912857166999856,gspan,2907,26.995184038527693,78475,145,9,6,308,538.0,488.5,747,0.18507051943584452,0.16804265565875473,0.25696594427244585,0.25,726,2,0.3333333333333333
hinge_production_filtered,"(1, 1, 3, 2, 0, 3, 1, 2)",facility: ρ = type  │  femalepart: ρ = type  │  formedpart: ρ = type  │  hinge: ρ = p_masskg_band  │  hingepack: ρ = id  │  malepart: ρ = type  │  steelpin: ρ = type  │  steelsheet: ρ = p_masskg_band,True,,2034,2907,0.6996904024767802,13,0.8666666666666667,26.995184038527693,1,1.4292035398230087,6,0.30030959752321984,0.0,0.19002333299999918,4.155703707999919,gspan,2907,26.995184038527693,78475,145,15,14,696,1444.357142857143,1495.0,2066,0.4968548823037987,0.5142758857929136,0.7106983144134847,0.25,726,12,0.8571428571428571
hinge_production_filtered,"(1, 1, 3, 2, 0, 3, 1, 3)",facility: ρ = type  │  femalepart: ρ = type  │  formedpart: ρ = type  │  hinge: ρ = p_masskg_band  │  hingepack: ρ = id  │  malepart: ρ = type  │  steelpin: ρ = type  │  steelsheet: ρ = SteelCoil,True,,983,2907,0.33814929480564154,12,0.8,26.995184038527693,1,2.9572736520854526,9,0.6618507051943585,0.0,0.2083652910000069,3.5870109580000644,gspan,2907,26.995184038527693,78475,145,13,12,696,819.6666666666666,793.0,1367,0.2819630776287123,0.27278981768145855,0.4702442380460956,0.25,726,9,0.75
hinge_production_filtered,"(1, 1, 3, 2, 1, 1, 1, 4)",facility: ρ = type  │  femalepart: ρ = type  │  formedpart: ρ = type  │  hinge: ρ = p_masskg_band  │  hingepack: ρ = type  │  malepart: ρ = p_masskg  │  steelpin: ρ = type  │  steelsheet: ρ = type,True,,528,2907,0.18163054695562436,12,0.8,26.995184038527693,1,5.505681818181818,39,0.8183694530443757,0.0,0.20927037500001688,1.412864665999905,gspan,2907,26.995184038527693,78475,145,3,0,0,0.0,0.0,0,0.0,0.0,0.0,0.25,726,0,0.0
hinge_production_filtered,"(1, 1, 3, 2, 1, 2, 1, 2)",facility: ρ = type  │  femalepart: ρ = type  │  formedpart: ρ = type  │  hinge: ρ = p_masskg_band  │  hingepack: ρ = type  │  malepart: ρ = p_masskg_band  │  steelpin: ρ = type  │  steelsheet: ρ = p_masskg_band,True,,154,2907,0.052975576195390436,13,0.8666666666666667,26.995184038527693,1,18.876623376623378,232,0.9470244238046096,0.0,0.18910050000002343,6.950450291999914,gspan,2907,26.995184038527693,78475,145,27,26,155,869.0384615384615,561.0,2066,0.2989468391945172,0.19298245614035087,0.7106983144134847,0.25,726,12,0.46153846153846156
hinge_production_filtered,"(1, 1, 3, 2, 1, 2, 1, 3)",facility: ρ = type  │  femalepart: ρ = type  │  formedpart: ρ = type  │  hinge: ρ = p_masskg_band  │  hingepack: ρ = type  │  malepart: ρ = p_masskg_band  │  steelpin: ρ = type  │  steelsheet: ρ = SteelCoil,True,,254,2907,0.08737530099759203,12,0.8,26.995184038527693,1,11.44488188976378,102,0.912624699002408,0.0,0.21493666699998926,6.660182374999977,gspan,2907,26.995184038527693,78475,145,26,25,155,524.88,528,810,0.18055727554179565,0.18163054695562436,0.2786377708978328,0.25,726,10,0.4
hinge_production_filtered,"(1, 1, 3, 2, 1, 3, 1, 1)",facility: ρ = type  │  femalepart: ρ = type  │  formedpart: ρ = type  │  hinge: ρ = p_masskg_band  │  hingepack: ρ = type  │  malepart: ρ = type  │  steelpin: ρ = type  │  steelsheet: ρ = p_masskg,True,,2207,2907,0.7592019263845889,13,0.8666666666666667,26.995184038527693,1,1.31717263253285,7,0.24079807361541106,0.0,0.17685204100001783,52.636681957999826,gspan,2907,26.995184038527693,78475,145,51,47,156,385.8723404255319,198,1367,0.13273902319419742,0.06811145510835913,0.4702442380460956,0.25,726,5,0.10638297872340426
hinge_production_filtered,"(1, 1, 3, 3, 0, 1, 1, 4)",facility: ρ = type  │  femalepart: ρ = type  │  formedpart: ρ = type  │  hinge: ρ = type  │  hingepack: ρ = id  │  malepart: ρ = p_masskg  │  steelpin: ρ = type  │  steelsheet: ρ = type,True,,2591,2907,0.891296869625043,12,0.8,26.995184038527693,1,1.121960632960247,4,0.10870313037495705,0.0,0.21478524999997717,1.524707332999924,gspan,2907,26.995184038527693,78475,145,3,0,0,0.0,0.0,0,0.0,0.0,0.0,0.25,726,0,0.0
hinge_production_filtered,"(1, 1, 3, 3, 0, 2, 1, 2)",facility: ρ = type  │  femalepart: ρ = type  │  formedpart: ρ = type  │  hinge: ρ = type  │  hingepack: ρ = id  │  malepart: ρ = p_masskg_band  │  steelpin: ρ = type  │  steelsheet: ρ = p_masskg_band,True,,1901,2907,0.6539387684898521,13,0.8666666666666667,26.995184038527693,1,1.5291951604418728,6,0.3460612315101479,0.0,0.18809004100000948,3.8731961250000495,gspan,2907,26.995184038527693,78475,145,14,13,848,1538.6153846153845,1495,2066,0.5292794580720277,0.5142758857929136,0.7106983144134847,0.25,726,13,1.0
hinge_production_filtered,"(1, 1, 3, 3, 0, 2, 1, 3)",facility: ρ = type  │  femalepart: ρ = type  │  formedpart: ρ = type  │  hinge: ρ = type  │  hingepack: ρ = id  │  malepart: ρ = p_masskg_band  │  steelpin: ρ = type  │  steelsheet: ρ = SteelCoil,True,,986,2907,0.3391812865497076,12,0.8,26.995184038527693,1,2.9482758620689653,9,0.6608187134502924,0.0,0.2104305830000044,3.684958915999914,gspan,2907,26.995184038527693,78475,145,13,12,702,859.4166666666666,793.0,1268,0.2956369682375874,0.27278981768145855,0.43618851049191604,0.25,726,10,0.8333333333333334
hinge_production_filtered,"(1, 1, 3, 3, 0, 3, 1, 1)",facility: ρ = type  │  femalepart: ρ = type  │  formedpart: ρ = type  │  hinge: ρ = type  │  hingepack: ρ = id  │  malepart: ρ = type  │  steelpin: ρ = type  │  steelsheet: ρ = p_masskg,True,,2902,2907,0.99828001375989,13,0.8666666666666667,26.995184038527693,1,1.001722949689869,2,0.0017199862401100496,0.0,0.21301804200001584,7.174144249999927,gspan,2907,26.995184038527693,78475,145,29,24,156,182.875,183.5,207,0.06290849673202614,0.0631234950120399,0.07120743034055728,0.25,726,0,0.0
hinge_production_filtered,"(1, 1, 3, 3, 1, 0, 1, 4)",facility: ρ = type  │  femalepart: ρ = type  │  formedpart: ρ = type  │  hinge: ρ = type  │  hingepack: ρ = type  │  malepart: ρ = id  │  steelpin: ρ = type  │  steelsheet: ρ = type,False,no merging (K = n_executions),2907,2907,1.0,12,0.8,26.995184038527693,1,1.0,1,0.0,0.0,0.24401100000000042,,,0,0.0,0,0,0,0,0,0.0,0.0,0,0.0,0.0,0.0,0.25,0,0,0.0
hinge_production_filtered,"(1, 1, 3, 3, 1, 1, 1, 2)",facility: ρ = type  │  femalepart: ρ = type  │  formedpart: ρ = type  │  hinge: ρ = type  │  hingepack: ρ = type  │  malepart: ρ = p_masskg  │  steelpin: ρ = type  │  steelsheet: ρ = p_masskg_band,True,,195,2907,0.06707946336429309,13,0.8666666666666667,26.995184038527693,1,14.907692307692308,60,0.932920536635707,0.0,0.19760575000000813,3.043698334000055,gspan,2907,26.995184038527693,78475,145,11,10,1187,1661.8,1495.0,2066,0.5716546267629858,0.5142758857929136,0.7106983144134847,0.25,726,10,1.0
hinge_production_filtered,"(1, 1, 3, 3, 1, 1, 1, 3)",facility: ρ = type  │  femalepart: ρ = type  │  formedpart: ρ = type  │  hinge: ρ = type  │  hingepack: ρ = type  │  malepart: ρ = p_masskg  │  steelpin: ρ = type  │  steelsheet: ρ = SteelCoil,True,,352,2907,0.12108703130374956,12,0.8,26.995184038527693,1,8.258522727272727,34,0.8789129686962505,0.0,0.204907583000022,41.957927208,gspan,2907,26.995184038527693,78475,145,11,10,702,773.9,793.0,810,0.26621947024423803,0.27278981768145855,0.2786377708978328,0.25,726,8,0.8
hinge_production_filtered,"(1, 1, 3, 3, 1, 2, 1, 1)",facility: ρ = type  │  femalepart: ρ = type  │  formedpart: ρ = type  │  hinge: ρ = type  │  hingepack: ρ = type  │  malepart: ρ = p_masskg_band  │  steelpin: ρ = type  │  steelsheet: ρ = p_masskg,True,,1512,2907,0.5201238390092879,13,0.8666666666666667,26.995184038527693,1,1.9226190476190477,8,0.47987616099071206,0.0,0.17796337499999026,13.541603125000165,gspan,2907,26.995184038527693,78475,145,50,47,156,599.1489361702128,788,1268,0.20610558519787162,0.2710698314413485,0.43618851049191604,0.25,726,24,0.5106382978723404
hinge_production_filtered,"(0, 1, 1, 2, 1, 3, 1, 4)",facility: ρ = id  │  femalepart: ρ = type  │  formedpart: ρ = p_masskg  │  hinge: ρ = p_masskg_band  │  hingepack: ρ = type  │  malepart: ρ = type  │  steelpin: ρ = type  │  steelsheet: ρ = type,True,,2207,2907,0.7592019263845889,11,0.7333333333333333,26.995184038527693,1,1.31717263253285,7,0.24079807361541106,0.0,0.19653587499999503,8.093355957999847,gspan,2907,26.995184038527693,78475,145,27,27,163,334.0,198,1367,0.11489508083935329,0.06811145510835913,0.4702442380460956,0.25,726,2,0.07407407407407407
hinge_production_filtered,"(0, 1, 1, 3, 0, 3, 1, 4)",facility: ρ = id  │  femalepart: ρ = type  │  formedpart: ρ = p_masskg  │  hinge: ρ = type  │  hingepack: ρ = id  │  malepart: ρ = type  │  steelpin: ρ = type  │  steelsheet: ρ = type,True,,2902,2907,0.99828001375989,11,0.7333333333333333,26.995184038527693,1,1.001722949689869,2,0.0017199862401100496,0.0,0.19358512499999847,4.3485500419999426,gspan,2907,26.995184038527693,78475,145,15,14,163,188.07142857142858,189.0,207,0.06469605386014055,0.06501547987616099,0.07120743034055728,0.25,726,0,0.0
hinge_production_filtered,"(0, 1, 1, 3, 1, 2, 1, 4)",facility: ρ = id  │  femalepart: ρ = type  │  formedpart: ρ = p_masskg  │  hinge: ρ = type  │  hingepack: ρ = type  │  malepart: ρ = p_masskg_band  │  steelpin: ρ = type  │  steelsheet: ρ = type,True,,1512,2907,0.5201238390092879,11,0.7333333333333333,26.995184038527693,1,1.9226190476190477,8,0.47987616099071206,0.0,0.19065066699999988,5.359246333000101,gspan,2907,26.995184038527693,78475,145,20,20,163,425.75,196.5,1268,0.14645682834537324,0.06759545923632611,0.43618851049191604,0.25,726,6,0.3
hinge_production_filtered,"(0, 1, 1, 3, 1, 3, 1, 2)",facility: ρ = id  │  femalepart: ρ = type  │  formedpart: ρ = p_masskg  │  hinge: ρ = type  │  hingepack: ρ = type  │  malepart: ρ = type  │  steelpin: ρ = type  │  steelsheet: ρ = p_masskg_band,True,,1512,2907,0.5201238390092879,12,0.8,26.995184038527693,1,1.9226190476190477,8,0.47987616099071206,0.0,0.17767624999999043,12.73517062499991,gspan,2907,26.995184038527693,78475,145,48,45,163,258.5777777777778,189,2066,0.08895004395520392,0.06501547987616099,0.7106983144134847,0.25,726,2,0.044444444444444446
hinge_production_filtered,"(0, 1, 1, 3, 1, 3, 1, 3)",facility: ρ = id  │  femalepart: ρ = type  │  formedpart: ρ = p_masskg  │  hinge: ρ = type  │  hingepack: ρ = type  │  malepart: ρ = type  │  steelpin: ρ = type  │  steelsheet: ρ = SteelCoil,True,,2464,2907,0.847609219126247,11,0.7333333333333333,26.995184038527693,1,1.1797889610389611,4,0.15239078087375302,0.0,0.1982571670000084,1.8791784580000694,gspan,2907,26.995184038527693,78475,145,6,3,702,768.3333333333334,793,810,0.26430455223024885,0.27278981768145855,0.2786377708978328,0.25,726,2,0.6666666666666666
hinge_production_filtered,"(0, 1, 2, 1, 1, 3, 1, 4)",facility: ρ = id  │  femalepart: ρ = type  │  formedpart: ρ = p_masskg_band  │  hinge: ρ = p_masskg  │  hingepack: ρ = type  │  malepart: ρ = type  │  steelpin: ρ = type  │  steelsheet: ρ = type,True,,2843,2907,0.9779841761265909,11,0.7333333333333333,26.995184038527693,1,1.0225114315863524,2,0.022015823873409057,0.0,2.5920644589999995,41.644536417000154,gspan,2907,26.995184038527693,78475,145,8,8,787,1130.375,1297.0,1372,0.38884588923288615,0.4461644306845545,0.4719642242862057,0.25,726,8,1.0
hinge_production_filtered,"(0, 1, 2, 2, 0, 3, 1, 4)",facility: ρ = id  │  femalepart: ρ = type  │  formedpart: ρ = p_masskg_band  │  hinge: ρ = p_masskg_band  │  hingepack: ρ = id  │  malepart: ρ = type  │  steelpin: ρ = type  │  steelsheet: ρ = type,True,,2033,2907,0.6993464052287581,11,0.7333333333333333,26.995184038527693,1,1.4299065420560748,6,0.30065359477124187,0.0,0.1979411670000104,3.677475209000022,gspan,2907,26.995184038527693,78475,145,12,12,696,1053.8333333333333,1070.5,1372,0.3625157665405343,0.36824905400756797,0.4719642242862057,0.25,726,10,0.8333333333333334
hinge_production_filtered,"(0, 1, 2, 2, 1, 2, 1, 4)",facility: ρ = id  │  femalepart: ρ = type  │  formedpart: ρ = p_masskg_band  │  hinge: ρ = p_masskg_band  │  hingepack: ρ = type  │  malepart: ρ = p_masskg_band  │  steelpin: ρ = type  │  steelsheet: ρ = type,True,,139,2907,0.0478156174750602,11,0.7333333333333333,26.995184038527693,1,20.913669064748202,254,0.9521843825249398,0.0,0.19913199999999165,8.827658291999796,gspan,2907,26.995184038527693,78475,145,33,33,155,594.2121212121212,449,1338,0.2044073344382942,0.1544547643618851,0.4602683178534572,0.25,726,13,0.3939393939393939
hinge_production_filtered,"(0, 1, 2, 2, 1, 3, 1, 2)",facility: ρ = id  │  femalepart: ρ = type  │  formedpart: ρ = p_masskg_band  │  hinge: ρ = p_masskg_band  │  hingepack: ρ = type  │  malepart: ρ = type  │  steelpin: ρ = type  │  steelsheet: ρ = p_masskg_band,True,,191,2907,0.06570347437220503,12,0.8,26.995184038527693,1,15.219895287958115,237,0.934296525627795,0.0,0.18998533300000986,10.237633208999796,gspan,2907,26.995184038527693,78475,145,39,39,156,794.8461538461538,696,2066,0.2734248895239607,0.239422084623323,0.7106983144134847,0.25,726,19,0.48717948717948717
hinge_production_filtered,"(0, 1, 2, 2, 1, 3, 1, 3)",facility: ρ = id  │  femalepart: ρ = type  │  formedpart: ρ = p_masskg_band  │  hinge: ρ = p_masskg_band  │  hingepack: ρ = type  │  malepart: ρ = type  │  steelpin: ρ = type  │  steelsheet: ρ = SteelCoil,True,,418,2907,0.1437908496732026,11,0.7333333333333333,26.995184038527693,1,6.954545454545454,71,0.8562091503267975,0.0,0.1997760410000069,10.892795249999836,gspan,2907,26.995184038527693,78475,145,43,43,198,551.7906976744187,470,1372,0.18981448148414815,0.16167870657034744,0.4719642242862057,0.25,726,10,0.23255813953488372
hinge_production_filtered,"(0, 1, 2, 3, 0, 2, 1, 4)",facility: ρ = id  │  femalepart: ρ = type  │  formedpart: ρ = p_masskg_band  │  hinge: ρ = type  │  hingepack: ρ = id  │  malepart: ρ = p_masskg_band  │  steelpin: ρ = type  │  steelsheet: ρ = type,True,,1805,2907,0.6209150326797386,11,0.7333333333333333,26.995184038527693,1,1.6105263157894736,6,0.3790849673202614,0.0,0.19286712499999226,4.363891040999988,gspan,2907,26.995184038527693,78475,145,15,15,787,1096.0666666666666,1268,1338,0.37704391698199746,0.43618851049191604,0.4602683178534572,0.25,726,15,1.0
hinge_production_filtered,"(0, 1, 2, 3, 0, 3, 1, 2)",facility: ρ = id  │  femalepart: ρ = type  │  formedpart: ρ = p_masskg_band  │  hinge: ρ = type  │  hingepack: ρ = id  │  malepart: ρ = type  │  steelpin: ρ = type  │  steelsheet: ρ = p_masskg_band,True,,1944,2907,0.6687306501547987,12,0.8,26.995184038527693,1,1.4953703703703705,6,0.3312693498452013,0.0,0.18474912499999618,45.68439391600032,gspan,2907,26.995184038527693,78475,145,25,24,156,965.5,1005.0,2066,0.33212934296525626,0.3457172342621259,0.7106983144134847,0.25,726,17,0.7083333333333334
hinge_production_filtered,"(0, 1, 2, 3, 0, 3, 1, 3)",facility: ρ = id  │  femalepart: ρ = type  │  formedpart: ρ = p_masskg_band  │  hinge: ρ = type  │  hingepack: ρ = id  │  malepart: ρ = type  │  steelpin: ρ = type  │  steelsheet: ρ = SteelCoil,True,,1837,2907,0.631922944616443,11,0.7333333333333333,26.995184038527693,1,1.582471420794774,6,0.36807705538355695,0.0,0.20337008300001003,7.677094457999829,gspan,2907,26.995184038527693,78475,145,30,29,192,545.1724137931035,368,1372,0.18753781004234726,0.12659098727210183,0.4719642242862057,0.25,726,8,0.27586206896551724
hinge_production_filtered,"(0, 1, 2, 3, 1, 1, 1, 4)",facility: ρ = id  │  femalepart: ρ = type  │  formedpart: ρ = p_masskg_band  │  hinge: ρ = type  │  hingepack: ρ = type  │  malepart: ρ = p_masskg  │  steelpin: ρ = type  │  steelsheet: ρ = type,True,,196,2907,0.0674234606123151,11,0.7333333333333333,26.995184038527693,1,14.831632653061224,62,0.9325765393876849,0.0,0.19731345799999644,2.1937492079996446,gspan,2907,26.995184038527693,78475,145,6,6,787,1146.6666666666667,1297.0,1338,0.3944501777319115,0.4461644306845545,0.4602683178534572,0.25,726,6,1.0
hinge_production_filtered,"(0, 1, 2, 3, 1, 2, 1, 2)",facility: ρ = id  │  femalepart: ρ = type  │  formedpart: ρ = p_masskg_band  │  hinge: ρ = type  │  hingepack: ρ = type  │  malepart: ρ = p_masskg_band  │  steelpin: ρ = type  │  steelsheet: ρ = p_masskg_band,True,,36,2907,0.01238390092879257,12,0.8,26.995184038527693,1,80.75,493,0.9876160990712074,0.0,0.18706283299999882,8.949440291999963,gspan,2907,26.995184038527693,78475,145,34,34,156,972.0588235294117,847.0,2066,0.33438556020963595,0.2913656690746474,0.7106983144134847,0.25,726,27,0.7941176470588235
hinge_production_filtered,"(0, 1, 2, 3, 1, 2, 1, 3)",facility: ρ = id  │  femalepart: ρ = type  │  formedpart: ρ = p_masskg_band  │  hinge: ρ = type  │  hingepack: ρ = type  │  malepart: ρ = p_masskg_band  │  steelpin: ρ = type  │  steelsheet: ρ = SteelCoil,True,,108,2907,0.03715170278637771,11,0.7333333333333333,26.995184038527693,1,26.916666666666668,144,0.9628482972136223,0.0,0.1984718340000029,9.744544749999932,gspan,2907,26.995184038527693,78475,145,39,39,310,693.4358974358975,702,1297,0.23854004039762555,0.24148606811145512,0.4461644306845545,0.25,726,19,0.48717948717948717
hinge_production_filtered,"(0, 1, 2, 3, 1, 3, 1, 1)",facility: ρ = id  │  femalepart: ρ = type  │  formedpart: ρ = p_masskg_band  │  hinge: ρ = type  │  hingepack: ρ = type  │  malepart: ρ = type  │  steelpin: ρ = type  │  steelsheet: ρ = p_masskg,True,,1512,2907,0.5201238390092879,12,0.8,26.995184038527693,1,1.9226190476190477,8,0.47987616099071206,0.0,0.17493395899998632,10.731570750000174,gspan,2907,26.995184038527693,78475,145,46,43,156,320.6511627906977,189,1372,0.11030311757505941,0.06501547987616099,0.4719642242862057,0.25,726,8,0.18604651162790697
hinge_production_filtered,"(0, 1, 3, 1, 0, 3, 1, 4)",facility: ρ = id  │  femalepart: ρ = type  │  formedpart: ρ = type  │  hinge: ρ = p_masskg  │  hingepack: ρ = id  │  malepart: ρ = type  │  steelpin: ρ = type  │  steelsheet: ρ = type,True,,2711,2907,0.9325765393876849,11,0.7333333333333333,26.995184038527693,1,1.0722980450018444,4,0.06742346061231508,0.0,0.21484583299999827,40.634964749999654,gspan,2907,26.995184038527693,78475,145,3,0,0,0.0,0.0,0,0.0,0.0,0.0,0.25,726,0,0.0
hinge_production_filtered,"(0, 1, 3, 1, 1, 2, 1, 4)",facility: ρ = id  │  femalepart: ρ = type  │  formedpart: ρ = type  │  hinge: ρ = p_masskg  │  hingepack: ρ = type  │  malepart: ρ = p_masskg_band  │  steelpin: ρ = type  │  steelsheet: ρ = type,True,,2812,2907,0.9673202614379085,11,0.7333333333333333,26.995184038527693,1,1.0337837837837838,2,0.0326797385620915,0.0,0.2170321670000135,1.8398497089997363,gspan,2907,26.995184038527693,78475,145,3,0,0,0.0,0.0,0,0.0,0.0,0.0,0.25,726,0,0.0
hinge_production_filtered,"(0, 1, 3, 1, 1, 3, 1, 2)",facility: ρ = id  │  femalepart: ρ = type  │  formedpart: ρ = type  │  hinge: ρ = p_masskg  │  hingepack: ρ = type  │  malepart: ρ = type  │  steelpin: ρ = type  │  steelsheet: ρ = p_masskg_band,True,,2845,2907,0.978672170622635,12,0.8,26.995184038527693,1,1.021792618629174,3,0.021327829377364993,0.0,0.19809041700000307,3.1915324589999727,gspan,2907,26.995184038527693,78475,145,11,10,1187,1661.8,1495.0,2066,0.5716546267629858,0.5142758857929136,0.7106983144134847,0.25,726,10,1.0
hinge_production_filtered,"(0, 1, 3, 1, 1, 3, 1, 3)",facility: ρ = id  │  femalepart: ρ = type  │  formedpart: ρ = type  │  hinge: ρ = p_masskg  │  hingepack: ρ = type  │  malepart: ρ = type  │  steelpin: ρ = type  │  steelsheet: ρ = SteelCoil,True,,2725,2907,0.9373925008599931,11,0.7333333333333333,26.995184038527693,1,1.066788990825688,3,0.06260749914000685,0.0,0.21516295899999704,3.0610400410000693,gspan,2907,26.995184038527693,78475,145,11,10,702,773.9,793.0,810,0.26621947024423803,0.27278981768145855,0.2786377708978328,0.25,726,8,0.8
hinge_production_filtered,"(0, 1, 3, 2, 0, 2, 1, 4)",facility: ρ = id  │  femalepart: ρ = type  │  formedpart: ρ = type  │  hinge: ρ = p_masskg_band  │  hingepack: ρ = id  │  malepart: ρ = p_masskg_band  │  steelpin: ρ = type  │  steelsheet: ρ = type,True,,1558,2907,0.5359477124183006,11,0.7333333333333333,26.995184038527693,1,1.8658536585365855,7,0.46405228758169936,0.0,0.2142190419999963,3.151695041000039,gspan,2907,26.995184038527693,78475,145,9,6,308,538.0,488.5,747,0.18507051943584452,0.16804265565875473,0.25696594427244585,0.25,726,2,0.3333333333333333
hinge_production_filtered,"(0, 1, 3, 2, 0, 3, 1, 2)",facility: ρ = id  │  femalepart: ρ = type  │  formedpart: ρ = type  │  hinge: ρ = p_masskg_band  │  hingepack: ρ = id  │  malepart: ρ = type  │  steelpin: ρ = type  │  steelsheet: ρ = p_masskg_band,True,,2034,2907,0.6996904024767802,12,0.8,26.995184038527693,1,1.4292035398230087,6,0.30030959752321984,0.0,0.19155770899999425,4.10992295799997,gspan,2907,26.995184038527693,78475,145,15,14,696,1444.357142857143,1495.0,2066,0.4968548823037987,0.5142758857929136,0.7106983144134847,0.25,726,12,0.8571428571428571
hinge_production_filtered,"(0, 1, 3, 2, 0, 3, 1, 3)",facility: ρ = id  │  femalepart: ρ = type  │  formedpart: ρ = type  │  hinge: ρ = p_masskg_band  │  hingepack: ρ = id  │  malepart: ρ = type  │  steelpin: ρ = type  │  steelsheet: ρ = SteelCoil,True,,983,2907,0.33814929480564154,11,0.7333333333333333,26.995184038527693,1,2.9572736520854526,9,0.6618507051943585,0.0,0.24295520800001214,3.654905792000136,gspan,2907,26.995184038527693,78475,145,13,12,696,819.6666666666666,793.0,1367,0.2819630776287123,0.27278981768145855,0.4702442380460956,0.25,726,9,0.75
hinge_production_filtered,"(0, 1, 3, 2, 1, 1, 1, 4)",facility: ρ = id  │  femalepart: ρ = type  │  formedpart: ρ = type  │  hinge: ρ = p_masskg_band  │  hingepack: ρ = type  │  malepart: ρ = p_masskg  │  steelpin: ρ = type  │  steelsheet: ρ = type,True,,528,2907,0.18163054695562436,11,0.7333333333333333,26.995184038527693,1,5.505681818181818,39,0.8183694530443757,0.0,0.2128639579999856,1.5448864999998477,gspan,2907,26.995184038527693,78475,145,3,0,0,0.0,0.0,0,0.0,0.0,0.0,0.25,726,0,0.0
hinge_production_filtered,"(0, 1, 3, 2, 1, 2, 1, 2)",facility: ρ = id  │  femalepart: ρ = type  │  formedpart: ρ = type  │  hinge: ρ = p_masskg_band  │  hingepack: ρ = type  │  malepart: ρ = p_masskg_band  │  steelpin: ρ = type  │  steelsheet: ρ = p_masskg_band,True,,154,2907,0.052975576195390436,12,0.8,26.995184038527693,1,18.876623376623378,232,0.9470244238046096,0.0,0.19477750000001492,6.963391750000028,gspan,2907,26.995184038527693,78475,145,27,26,155,869.0384615384615,561.0,2066,0.2989468391945172,0.19298245614035087,0.7106983144134847,0.25,726,12,0.46153846153846156
hinge_production_filtered,"(0, 1, 3, 2, 1, 2, 1, 3)",facility: ρ = id  │  femalepart: ρ = type  │  formedpart: ρ = type  │  hinge: ρ = p_masskg_band  │  hingepack: ρ = type  │  malepart: ρ = p_masskg_band  │  steelpin: ρ = type  │  steelsheet: ρ = SteelCoil,True,,254,2907,0.08737530099759203,11,0.7333333333333333,26.995184038527693,1,11.44488188976378,102,0.912624699002408,0.0,0.21538466699999503,6.6361748750000515,gspan,2907,26.995184038527693,78475,145,26,25,155,524.88,528,810,0.18055727554179565,0.18163054695562436,0.2786377708978328,0.25,726,10,0.4
hinge_production_filtered,"(0, 1, 3, 2, 1, 3, 1, 1)",facility: ρ = id  │  femalepart: ρ = type  │  formedpart: ρ = type  │  hinge: ρ = p_masskg_band  │  hingepack: ρ = type  │  malepart: ρ = type  │  steelpin: ρ = type  │  steelsheet: ρ = p_masskg,True,,2207,2907,0.7592019263845889,12,0.8,26.995184038527693,1,1.31717263253285,7,0.24079807361541106,0.0,0.1763776660000076,13.72126174999994,gspan,2907,26.995184038527693,78475,145,51,47,156,385.8723404255319,198,1367,0.13273902319419742,0.06811145510835913,0.4702442380460956,0.25,726,5,0.10638297872340426
hinge_production_filtered,"(0, 1, 3, 3, 0, 1, 1, 4)",facility: ρ = id  │  femalepart: ρ = type  │  formedpart: ρ = type  │  hinge: ρ = type  │  hingepack: ρ = id  │  malepart: ρ = p_masskg  │  steelpin: ρ = type  │  steelsheet: ρ = type,True,,2591,2907,0.891296869625043,11,0.7333333333333333,26.995184038527693,1,1.121960632960247,4,0.10870313037495705,0.0,0.20148491700001614,1.455145416999585,gspan,2907,26.995184038527693,78475,145,3,0,0,0.0,0.0,0,0.0,0.0,0.0,0.25,726,0,0.0
hinge_production_filtered,"(0, 1, 3, 3, 0, 2, 1, 2)",facility: ρ = id  │  femalepart: ρ = type  │  formedpart: ρ = type  │  hinge: ρ = type  │  hingepack: ρ = id  │  malepart: ρ = p_masskg_band  │  steelpin: ρ = type  │  steelsheet: ρ = p_masskg_band,True,,1901,2907,0.6539387684898521,12,0.8,26.995184038527693,1,1.5291951604418728,6,0.3460612315101479,0.0,3.1490062089999924,3.8893125419999706,gspan,2907,26.995184038527693,78475,145,14,13,848,1538.6153846153845,1495,2066,0.5292794580720277,0.5142758857929136,0.7106983144134847,0.25,726,13,1.0
hinge_production_filtered,"(0, 1, 3, 3, 0, 2, 1, 3)",facility: ρ = id  │  femalepart: ρ = type  │  formedpart: ρ = type  │  hinge: ρ = type  │  hingepack: ρ = id  │  malepart: ρ = p_masskg_band  │  steelpin: ρ = type  │  steelsheet: ρ = SteelCoil,True,,986,2907,0.3391812865497076,11,0.7333333333333333,26.995184038527693,1,2.9482758620689653,9,0.6608187134502924,0.0,0.20893358399996487,3.724535625000044,gspan,2907,26.995184038527693,78475,145,13,12,702,859.4166666666666,793.0,1268,0.2956369682375874,0.27278981768145855,0.43618851049191604,0.25,726,10,0.8333333333333334
hinge_production_filtered,"(0, 1, 3, 3, 0, 3, 1, 1)",facility: ρ = id  │  femalepart: ρ = type  │  formedpart: ρ = type  │  hinge: ρ = type  │  hingepack: ρ = id  │  malepart: ρ = type  │  steelpin: ρ = type  │  steelsheet: ρ = p_masskg,True,,2902,2907,0.99828001375989,12,0.8,26.995184038527693,1,1.001722949689869,2,0.0017199862401100496,0.0,0.17691170799997735,7.2345988340002805,gspan,2907,26.995184038527693,78475,145,29,24,156,182.875,183.5,207,0.06290849673202614,0.0631234950120399,0.07120743034055728,0.25,726,0,0.0
hinge_production_filtered,"(0, 1, 3, 3, 1, 1, 1, 2)",facility: ρ = id  │  femalepart: ρ = type  │  formedpart: ρ = type  │  hinge: ρ = type  │  hingepack: ρ = type  │  malepart: ρ = p_masskg  │  steelpin: ρ = type  │  steelsheet: ρ = p_masskg_band,True,,195,2907,0.06707946336429309,12,0.8,26.995184038527693,1,14.907692307692308,60,0.932920536635707,0.0,0.1904397920000065,3.486802500000067,gspan,2907,26.995184038527693,78475,145,11,10,1187,1661.8,1495.0,2066,0.5716546267629858,0.5142758857929136,0.7106983144134847,0.25,726,10,1.0
hinge_production_filtered,"(0, 1, 3, 3, 1, 1, 1, 3)",facility: ρ = id  │  femalepart: ρ = type  │  formedpart: ρ = type  │  hinge: ρ = type  │  hingepack: ρ = type  │  malepart: ρ = p_masskg  │  steelpin: ρ = type  │  steelsheet: ρ = SteelCoil,True,,352,2907,0.12108703130374956,11,0.7333333333333333,26.995184038527693,1,8.258522727272727,34,0.8789129686962505,0.0,0.20718495800002756,3.065617792000012,gspan,2907,26.995184038527693,78475,145,11,10,702,773.9,793.0,810,0.26621947024423803,0.27278981768145855,0.2786377708978328,0.25,726,8,0.8
hinge_production_filtered,"(0, 1, 3, 3, 1, 2, 1, 1)",facility: ρ = id  │  femalepart: ρ = type  │  formedpart: ρ = type  │  hinge: ρ = type  │  hingepack: ρ = type  │  malepart: ρ = p_masskg_band  │  steelpin: ρ = type  │  steelsheet: ρ = p_masskg,True,,1512,2907,0.5201238390092879,12,0.8,26.995184038527693,1,1.9226190476190477,8,0.47987616099071206,0.0,0.1778822090000176,13.483216375000211,gspan,2907,26.995184038527693,78475,145,50,47,156,599.1489361702128,788,1268,0.20610558519787162,0.2710698314413485,0.43618851049191604,0.25,726,24,0.5106382978723404
hinge_production_filtered,"(1, 1, 1, 1, 1, 3, 1, 4)",facility: ρ = type  │  femalepart: ρ = type  │  formedpart: ρ = p_masskg  │  hinge: ρ = p_masskg  │  hingepack: ρ = type  │  malepart: ρ = type  │  steelpin: ρ = type  │  steelsheet: ρ = type,True,,2902,2907,0.99828001375989,11,0.7333333333333333,26.995184038527693,1,1.001722949689869,2,0.0017199862401100496,0.0,0.20007316700002775,4.155009666000296,gspan,2907,26.995184038527693,78475,145,14,14,177,191.0,191.0,207,0.06570347437220503,0.06570347437220503,0.07120743034055728,0.25,726,0,0.0
hinge_production_filtered,"(1, 1, 1, 2, 0, 3, 1, 4)",facility: ρ = type  │  femalepart: ρ = type  │  formedpart: ρ = p_masskg  │  hinge: ρ = p_masskg_band  │  hingepack: ρ = id  │  malepart: ρ = type  │  steelpin: ρ = type  │  steelsheet: ρ = type,True,,2902,2907,0.99828001375989,11,0.7333333333333333,26.995184038527693,1,1.001722949689869,2,0.0017199862401100496,0.0,3.382884458000035,46.02440429199987,gspan,2907,26.995184038527693,78475,145,18,18,163,319.27777777777777,193.0,1367,0.10983067691014027,0.06639146886824905,0.4702442380460956,0.25,726,2,0.1111111111111111
hinge_production_filtered,"(1, 1, 1, 2, 1, 2, 1, 4)",facility: ρ = type  │  femalepart: ρ = type  │  formedpart: ρ = p_masskg  │  hinge: ρ = p_masskg_band  │  hingepack: ρ = type  │  malepart: ρ = p_masskg_band  │  steelpin: ρ = type  │  steelsheet: ρ = type,True,,2207,2907,0.7592019263845889,11,0.7333333333333333,26.995184038527693,1,1.31717263253285,7,0.24079807361541106,0.0,0.19692504200003214,6.160645583000132,gspan,2907,26.995184038527693,78475,145,22,22,163,290.8181818181818,196.5,747,0.10004065422022078,0.06759545923632611,0.25696594427244585,0.25,726,2,0.09090909090909091
hinge_production_filtered,"(1, 1, 1, 2, 1, 3, 1, 2)",facility: ρ = type  │  femalepart: ρ = type  │  formedpart: ρ = p_masskg  │  hinge: ρ = p_masskg_band  │  hingepack: ρ = type  │  malepart: ρ = type  │  steelpin: ρ = type  │  steelsheet: ρ = p_masskg_band,True,,2207,2907,0.7592019263845889,12,0.8,26.995184038527693,1,1.31717263253285,7,0.24079807361541106,0.0,0.1895644999999604,15.987312833000033,gspan,2907,26.995184038527693,78475,145,58,58,163,330.7068965517241,196.0,2066,0.11376226231569457,0.0674234606123151,0.7106983144134847,0.25,726,5,0.08620689655172414
hinge_production_filtered,"(1, 1, 1, 2, 1, 3, 1, 3)",facility: ρ = type  │  femalepart: ρ = type  │  formedpart: ρ = p_masskg  │  hinge: ρ = p_masskg_band  │  hingepack: ρ = type  │  malepart: ρ = type  │  steelpin: ρ = type  │  steelsheet: ρ = SteelCoil,True,,2729,2907,0.9387684898520812,11,0.7333333333333333,26.995184038527693,1,1.0652253572737267,3,0.06123151014791883,0.0,0.20593783300000723,4.301808582999911,gspan,2907,26.995184038527693,78475,145,15,15,198,565.5333333333333,524,1367,0.19454191033138402,0.1802545579635363,0.4702442380460956,0.25,726,4,0.26666666666666666
hinge_production_filtered,"(1, 1, 1, 3, 0, 2, 1, 4)",facility: ρ = type  │  femalepart: ρ = type  │  formedpart: ρ = p_masskg  │  hinge: ρ = type  │  hingepack: ρ = id  │  malepart: ρ = p_masskg_band  │  steelpin: ρ = type  │  steelsheet: ρ = type,True,,2902,2907,0.99828001375989,11,0.7333333333333333,26.995184038527693,1,1.001722949689869,2,0.0017199862401100496,0.0,0.19146795899996505,4.801735957999881,gspan,2907,26.995184038527693,78475,145,17,17,163,355.0,193,1268,0.12211902304781562,0.06639146886824905,0.43618851049191604,0.25,726,3,0.17647058823529413
hinge_production_filtered,"(1, 1, 1, 3, 0, 3, 1, 2)",facility: ρ = type  │  femalepart: ρ = type  │  formedpart: ρ = p_masskg  │  hinge: ρ = type  │  hingepack: ρ = id  │  malepart: ρ = type  │  steelpin: ρ = type  │  steelsheet: ρ = p_masskg_band,True,,2902,2907,0.99828001375989,12,0.8,26.995184038527693,1,1.001722949689869,2,0.0017199862401100496,0.0,0.17994991699998764,12.653957167000044,gspan,2907,26.995184038527693,78475,145,46,45,163,258.5777777777778,189,2066,0.08895004395520392,0.06501547987616099,0.7106983144134847,0.25,726,2,0.044444444444444446
hinge_production_filtered,"(1, 1, 1, 3, 0, 3, 1, 3)",facility: ρ = type  │  femalepart: ρ = type  │  formedpart: ρ = p_masskg  │  hinge: ρ = type  │  hingepack: ρ = id  │  malepart: ρ = type  │  steelpin: ρ = type  │  steelsheet: ρ = SteelCoil,True,,2902,2907,0.99828001375989,11,0.7333333333333333,26.995184038527693,1,1.001722949689869,2,0.0017199862401100496,0.0,0.19383504099999982,40.8282102080002,gspan,2907,26.995184038527693,78475,145,4,3,702,768.3333333333334,793,810,0.26430455223024885,0.27278981768145855,0.2786377708978328,0.25,726,2,0.6666666666666666
hinge_production_filtered,"(1, 1, 1, 3, 1, 1, 1, 4)",facility: ρ = type  │  femalepart: ρ = type  │  formedpart: ρ = p_masskg  │  hinge: ρ = type  │  hingepack: ρ = type  │  malepart: ρ = p_masskg  │  steelpin: ρ = type  │  steelsheet: ρ = type,True,,1512,2907,0.5201238390092879,11,0.7333333333333333,26.995184038527693,1,1.9226190476190477,8,0.47987616099071206,0.0,0.20401391599995122,4.468421791999845,gspan,2907,26.995184038527693,78475,145,15,15,163,189.13333333333333,189,207,0.06506134617589726,0.06501547987616099,0.07120743034055728,0.25,726,0,0.0
hinge_production_filtered,"(1, 1, 1, 3, 1, 2, 1, 2)",facility: ρ = type  │  femalepart: ρ = type  │  formedpart: ρ = p_masskg  │  hinge: ρ = type  │  hingepack: ρ = type  │  malepart: ρ = p_masskg_band  │  steelpin: ρ = type  │  steelsheet: ρ = p_masskg_band,True,,1512,2907,0.5201238390092879,12,0.8,26.995184038527693,1,1.9226190476190477,8,0.47987616099071206,0.0,0.17892433299999766,13.746272291999958,gspan,2907,26.995184038527693,78475,145,52,52,163,351.75,193.0,2066,0.12100103199174407,0.06639146886824905,0.7106983144134847,0.25,726,9,0.17307692307692307
hinge_production_filtered,"(1, 1, 1, 3, 1, 2, 1, 3)",facility: ρ = type  │  femalepart: ρ = type  │  formedpart: ρ = p_masskg  │  hinge: ρ = type  │  hingepack: ρ = type  │  malepart: ρ = p_masskg_band  │  steelpin: ρ = type  │  steelsheet: ρ = SteelCoil,True,,2464,2907,0.847609219126247,11,0.7333333333333333,26.995184038527693,1,1.1797889610389611,4,0.15239078087375302,0.0,0.19192045800002688,2.6822073749999618,gspan,2907,26.995184038527693,78475,145,9,9,702,907.6666666666666,846,1268,0.3122348354546497,0.29102167182662536,0.43618851049191604,0.25,726,8,0.8888888888888888
hinge_production_filtered,"(1, 1, 1, 3, 1, 3, 1, 1)",facility: ρ = type  │  femalepart: ρ = type  │  formedpart: ρ = p_masskg  │  hinge: ρ = type  │  hingepack: ρ = type  │  malepart: ρ = type  │  steelpin: ρ = type  │  steelsheet: ρ = p_masskg,True,,1512,2907,0.5201238390092879,12,0.8,26.995184038527693,1,1.9226190476190477,8,0.47987616099071206,0.0,0.1681727080000428,10.985124708000058,gspan,2907,26.995184038527693,78475,145,47,44,156,184.61363636363637,186.0,207,0.06350658285642806,0.06398348813209494,0.07120743034055728,0.25,726,0,0.0
hinge_production_filtered,"(1, 1, 2, 1, 0, 3, 1, 4)",facility: ρ = type  │  femalepart: ρ = type  │  formedpart: ρ = p_masskg_band  │  hinge: ρ = p_masskg  │  hingepack: ρ = id  │  malepart: ρ = type  │  steelpin: ρ = type  │  steelsheet: ρ = type,True,,2843,2907,0.9779841761265909,11,0.7333333333333333,26.995184038527693,1,1.0225114315863524,2,0.022015823873409057,0.0,0.2155022499999859,2.6354829169999903,gspan,2907,26.995184038527693,78475,145,8,8,787,1130.375,1297.0,1372,0.38884588923288615,0.4461644306845545,0.4719642242862057,0.25,726,8,1.0
hinge_production_filtered,"(1, 1, 2, 1, 1, 2, 1, 4)",facility: ρ = type  │  femalepart: ρ = type  │  formedpart: ρ = p_masskg_band  │  hinge: ρ = p_masskg  │  hingepack: ρ = type  │  malepart: ρ = p_masskg_band  │  steelpin: ρ = type  │  steelsheet: ρ = type,True,,2848,2907,0.9797041623667011,11,0.7333333333333333,26.995184038527693,1,1.0207162921348314,2,0.020295837633298897,0.0,0.20406237499997815,3.1934940000001006,gspan,2907,26.995184038527693,78475,145,10,10,787,1099.8,1268.0,1338,0.378328173374613,0.43618851049191604,0.4602683178534572,0.25,726,10,1.0
hinge_production_filtered,"(1, 1, 2, 1, 1, 3, 1, 2)",facility: ρ = type  │  femalepart: ρ = type  │  formedpart: ρ = p_masskg_band  │  hinge: ρ = p_masskg  │  hingepack: ρ = type  │  malepart: ρ = type  │  steelpin: ρ = type  │  steelsheet: ρ = p_masskg_band,True,,2856,2907,0.9824561403508771,12,0.8,26.995184038527693,1,1.0178571428571428,2,0.01754385964912286,0.0,0.19413820800002668,45.812262959000236,gspan,2907,26.995184038527693,78475,145,24,24,156,965.5,1005.0,2066,0.33212934296525626,0.3457172342621259,0.7106983144134847,0.25,726,17,0.7083333333333334
hinge_production_filtered,"(1, 1, 2, 1, 1, 3, 1, 3)",facility: ρ = type  │  femalepart: ρ = type  │  formedpart: ρ = p_masskg_band  │  hinge: ρ = p_masskg  │  hingepack: ρ = type  │  malepart: ρ = type  │  steelpin: ρ = type  │  steelsheet: ρ = SteelCoil,True,,2849,2907,0.9800481596147231,11,0.7333333333333333,26.995184038527693,1,1.0203580203580203,2,0.019951840385276864,0.0,0.40033533300004365,7.1515929580000375,gspan,2907,26.995184038527693,78475,145,28,28,310,567.8571428571429,368.0,1372,0.19534129441250186,0.12659098727210183,0.4719642242862057,0.25,726,8,0.2857142857142857
hinge_production_filtered,"(1, 1, 2, 2, 0, 2, 1, 4)",facility: ρ = type  │  femalepart: ρ = type  │  formedpart: ρ = p_masskg_band  │  hinge: ρ = p_masskg_band  │  hingepack: ρ = id  │  malepart: ρ = p_masskg_band  │  steelpin: ρ = type  │  steelsheet: ρ = type,True,,2081,2907,0.7158582731338149,11,0.7333333333333333,26.995184038527693,1,1.3969245555021623,6,0.2841417268661851,0.0,3.509839750000026,6.531552250000004,gspan,2907,26.995184038527693,78475,145,21,21,286,791.1428571428571,747,1338,0.27215096564941765,0.25696594427244585,0.4602683178534572,0.25,726,13,0.6190476190476191
hinge_production_filtered,"(1, 1, 2, 2, 0, 3, 1, 2)",facility: ρ = type  │  femalepart: ρ = type  │  formedpart: ρ = p_masskg_band  │  hinge: ρ = p_masskg_band  │  hingepack: ρ = id  │  malepart: ρ = type  │  steelpin: ρ = type  │  steelsheet: ρ = p_masskg_band,True,,2187,2907,0.7523219814241486,12,0.8,26.995184038527693,1,1.3292181069958848,6,0.24767801857585137,0.0,0.18860116700000162,7.74047950000022,gspan,2907,26.995184038527693,78475,145,28,28,156,956.25,833.5,2066,0.32894736842105265,0.2867217062263502,0.7106983144134847,0.25,726,19,0.6785714285714286
hinge_production_filtered,"(1, 1, 2, 2, 0, 3, 1, 3)",facility: ρ = type  │  femalepart: ρ = type  │  formedpart: ρ = p_masskg_band  │  hinge: ρ = p_masskg_band  │  hingepack: ρ = id  │  malepart: ρ = type  │  steelpin: ρ = type  │  steelsheet: ρ = SteelCoil,True,,2109,2907,0.7254901960784313,11,0.7333333333333333,26.995184038527693,1,1.3783783783783783,6,0.27450980392156865,0.0,0.2016163750000146,8.785149916999671,gspan,2907,26.995184038527693,78475,145,35,35,192,562.0285714285715,368,1372,0.19333628188117352,0.12659098727210183,0.4719642242862057,0.25,726,10,0.2857142857142857
hinge_production_filtered,"(1, 1, 2, 2, 1, 1, 1, 4)",facility: ρ = type  │  femalepart: ρ = type  │  formedpart: ρ = p_masskg_band  │  hinge: ρ = p_masskg_band  │  hingepack: ρ = type  │  malepart: ρ = p_masskg  │  steelpin: ρ = type  │  steelsheet: ρ = type,True,,773,2907,0.26590987272101824,11,0.7333333333333333,26.995184038527693,1,3.760672703751617,31,0.7340901272789817,0.0,0.20119991699999673,2.1826735839999856,gspan,2907,26.995184038527693,78475,145,6,6,787,1146.6666666666667,1297.0,1338,0.3944501777319115,0.4461644306845545,0.4602683178534572,0.25,726,6,1.0
hinge_production_filtered,"(1, 1, 2, 2, 1, 2, 1, 2)",facility: ρ = type  │  femalepart: ρ = type  │  formedpart: ρ = p_masskg_band  │  hinge: ρ = p_masskg_band  │  hingepack: ρ = type  │  malepart: ρ = p_masskg_band  │  steelpin: ρ = type  │  steelsheet: ρ = p_masskg_band,True,,214,2907,0.07361541107671139,12,0.8,26.995184038527693,1,13.58411214953271,222,0.9263845889232886,0.0,0.19349391700001206,53.69194295899979,gspan,2907,26.995184038527693,78475,145,49,49,155,688.530612244898,449,2066,0.23685263579115856,0.1544547643618851,0.7106983144134847,0.25,726,22,0.4489795918367347
hinge_production_filtered,"(1, 1, 2, 2, 1, 2, 1, 3)",facility: ρ = type  │  femalepart: ρ = type  │  formedpart: ρ = p_masskg_band  │  hinge: ρ = p_masskg_band  │  hingepack: ρ = type  │  malepart: ρ = p_masskg_band  │  steelpin: ρ = type  │  steelsheet: ρ = SteelCoil,True,,463,2907,0.15927072583419333,11,0.7333333333333333,26.995184038527693,1,6.278617710583154,67,0.8407292741658067,0.0,0.20414704199998823,13.366928667000138,gspan,2907,26.995184038527693,78475,145,53,53,155,499.35849056603774,368,1297,0.17177794653114473,0.12659098727210183,0.4461644306845545,0.25,726,13,0.24528301886792453
hinge_production_filtered,"(1, 1, 2, 2, 1, 3, 1, 1)",facility: ρ = type  │  femalepart: ρ = type  │  formedpart: ρ = p_masskg_band  │  hinge: ρ = p_masskg_band  │  hingepack: ρ = type  │  malepart: ρ = type  │  steelpin: ρ = type  │  steelsheet: ρ = p_masskg,True,,2207,2907,0.7592019263845889,12,0.8,26.995184038527693,1,1.31717263253285,7,0.24079807361541106,0.0,0.18084379199996192,14.510860291999961,gspan,2907,26.995184038527693,78475,145,58,58,156,377.01724137931035,191.5,1372,0.12969289349133484,0.06587547299621603,0.4719642242862057,0.25,726,11,0.1896551724137931
hinge_production_filtered,"(1, 1, 2, 3, 0, 1, 1, 4)",facility: ρ = type  │  femalepart: ρ = type  │  formedpart: ρ = p_masskg_band  │  hinge: ρ = type  │  hingepack: ρ = id  │  malepart: ρ = p_masskg  │  steelpin: ρ = type  │  steelsheet: ρ = type,True,,2790,2907,0.9597523219814241,11,0.7333333333333333,26.995184038527693,1,1.0419354838709678,3,0.04024767801857587,0.0,0.19726166700002068,2.255653083999732,gspan,2907,26.995184038527693,78475,145,6,6,787,1146.6666666666667,1297.0,1338,0.3944501777319115,0.4461644306845545,0.4602683178534572,0.25,726,6,1.0
hinge_production_filtered,"(1, 1, 2, 3, 0, 2, 1, 2)",facility: ρ = type  │  femalepart: ρ = type  │  formedpart: ρ = p_masskg_band  │  hinge: ρ = type  │  hingepack: ρ = id  │  malepart: ρ = p_masskg_band  │  steelpin: ρ = type  │  steelsheet: ρ = p_masskg_band,True,,2008,2907,0.6907464740282078,12,0.8,26.995184038527693,1,1.4477091633466135,6,0.30925352597179223,0.0,3.81767775000003,8.60589016699987,gspan,2907,26.995184038527693,78475,145,31,31,156,986.1290322580645,1187,2066,0.33922567329138786,0.40832473340213277,0.7106983144134847,0.25,726,24,0.7741935483870968
hinge_production_filtered,"(1, 1, 2, 3, 0, 2, 1, 3)",facility: ρ = type  │  femalepart: ρ = type  │  formedpart: ρ = p_masskg_band  │  hinge: ρ = type  │  hingepack: ρ = id  │  malepart: ρ = p_masskg_band  │  steelpin: ρ = type  │  steelsheet: ρ = SteelCoil,True,,1900,2907,0.6535947712418301,11,0.7333333333333333,26.995184038527693,1,1.53,6,0.3464052287581699,0.0,0.19405679099997997,12.302340041999742,gspan,2907,26.995184038527693,78475,145,48,48,204,540.1875,353.0,1297,0.18582301341589266,0.12143102855177158,0.4461644306845545,0.25,726,14,0.2916666666666667
hinge_production_filtered,"(1, 1, 2, 3, 0, 3, 1, 1)",facility: ρ = type  │  femalepart: ρ = type  │  formedpart: ρ = p_masskg_band  │  hinge: ρ = type  │  hingepack: ρ = id  │  malepart: ρ = type  │  steelpin: ρ = type  │  steelsheet: ρ = p_masskg,True,,2902,2907,0.99828001375989,12,0.8,26.995184038527693,1,1.001722949689869,2,0.0017199862401100496,0.0,0.17236724999997932,10.463447334000193,gspan,2907,26.995184038527693,78475,145,43,42,156,323.7857142857143,189.0,1372,0.11138139466312841,0.06501547987616099,0.4719642242862057,0.25,726,8,0.19047619047619047
hinge_production_filtered,"(1, 1, 2, 3, 1, 1, 1, 2)",facility: ρ = type  │  femalepart: ρ = type  │  formedpart: ρ = p_masskg_band  │  hinge: ρ = type  │  hingepack: ρ = type  │  malepart: ρ = p_masskg  │  steelpin: ρ = type  │  steelsheet: ρ = p_masskg_band,True,,267,2907,0.09184726522187822,12,0.8,26.995184038527693,1,10.887640449438202,58,0.9081527347781218,0.0,0.1792765839999788,43.707488957999885,gspan,2907,26.995184038527693,78475,145,17,17,156,1151.0588235294117,1297,2066,0.3959610676055768,0.4461644306845545,0.7106983144134847,0.25,726,14,0.8235294117647058
hinge_production_filtered,"(1, 1, 2, 3, 1, 1, 1, 3)",facility: ρ = type  │  femalepart: ρ = type  │  formedpart: ρ = p_masskg_band  │  hinge: ρ = type  │  hingepack: ρ = type  │  malepart: ρ = p_masskg  │  steelpin: ρ = type  │  steelsheet: ρ = SteelCoil,True,,740,2907,0.25455796353629173,11,0.7333333333333333,26.995184038527693,1,3.9283783783783783,20,0.7454420364637082,0.0,0.19476324999999406,6.981575750000047,gspan,2907,26.995184038527693,78475,145,26,26,310,528.3461538461538,363.0,1297,0.1817496229260935,0.12487100103199174,0.4461644306845545,0.25,726,6,0.23076923076923078
hinge_production_filtered,"(1, 1, 2, 3, 1, 2, 1, 1)",facility: ρ = type  │  femalepart: ρ = type  │  formedpart: ρ = p_masskg_band  │  hinge: ρ = type  │  hingepack: ρ = type  │  malepart: ρ = p_masskg_band  │  steelpin: ρ = type  │  steelsheet: ρ = p_masskg,True,,1512,2907,0.5201238390092879,12,0.8,26.995184038527693,1,1.9226190476190477,8,0.47987616099071206,0.0,0.1718038340000021,15.840584416999718,gspan,2907,26.995184038527693,78475,145,64,64,156,423.328125,194.5,1297,0.14562371001031993,0.06690746474028207,0.4461644306845545,0.25,726,19,0.296875
hinge_production_filtered,"(1, 1, 3, 1, 0, 2, 1, 4)",facility: ρ = type  │  femalepart: ρ = type  │  formedpart: ρ = type  │  hinge: ρ = p_masskg  │  hingepack: ρ = id  │  malepart: ρ = p_masskg_band  │  steelpin: ρ = type  │  steelsheet: ρ = type,True,,2812,2907,0.9673202614379085,11,0.7333333333333333,26.995184038527693,1,1.0337837837837838,2,0.0326797385620915,0.0,0.2130592500000148,1.7512730839998767,gspan,2907,26.995184038527693,78475,145,3,0,0,0.0,0.0,0,0.0,0.0,0.0,0.25,726,0,0.0
hinge_production_filtered,"(1, 1, 3, 1, 0, 3, 1, 2)",facility: ρ = type  │  femalepart: ρ = type  │  formedpart: ρ = type  │  hinge: ρ = p_masskg  │  hingepack: ρ = id  │  malepart: ρ = type  │  steelpin: ρ = type  │  steelsheet: ρ = p_masskg_band,True,,2845,2907,0.978672170622635,12,0.8,26.995184038527693,1,1.021792618629174,3,0.021327829377364993,0.0,0.19080658299998277,3.190581457999997,gspan,2907,26.995184038527693,78475,145,11,10,1187,1661.8,1495.0,2066,0.5716546267629858,0.5142758857929136,0.7106983144134847,0.25,726,10,1.0
hinge_production_filtered,"(1, 1, 3, 1, 0, 3, 1, 3)",facility: ρ = type  │  femalepart: ρ = type  │  formedpart: ρ = type  │  hinge: ρ = p_masskg  │  hingepack: ρ = id  │  malepart: ρ = type  │  steelpin: ρ = type  │  steelsheet: ρ = SteelCoil,True,,2725,2907,0.9373925008599931,11,0.7333333333333333,26.995184038527693,1,1.066788990825688,3,0.06260749914000685,0.0,0.20961391700001286,3.084344417000011,gspan,2907,26.995184038527693,78475,145,11,10,702,773.9,793.0,810,0.26621947024423803,0.27278981768145855,0.2786377708978328,0.25,726,8,0.8
hinge_production_filtered,"(1, 1, 3, 1, 1, 1, 1, 4)",facility: ρ = type  │  femalepart: ρ = type  │  formedpart: ρ = type  │  hinge: ρ = p_masskg  │  hingepack: ρ = type  │  malepart: ρ = p_masskg  │  steelpin: ρ = type  │  steelsheet: ρ = type,True,,2902,2907,0.99828001375989,11,0.7333333333333333,26.995184038527693,1,1.001722949689869,2,0.0017199862401100496,0.0,0.21614654100000052,41.633727459000056,gspan,2907,26.995184038527693,78475,145,3,0,0,0.0,0.0,0,0.0,0.0,0.0,0.25,726,0,0.0
hinge_production_filtered,"(1, 1, 3, 1, 1, 2, 1, 2)",facility: ρ = type  │  femalepart: ρ = type  │  formedpart: ρ = type  │  hinge: ρ = p_masskg  │  hingepack: ρ = type  │  malepart: ρ = p_masskg_band  │  steelpin: ρ = type  │  steelsheet: ρ = p_masskg_band,True,,2855,2907,0.9821121431028552,12,0.8,26.995184038527693,1,1.018213660245184,2,0.017887856897144783,0.0,0.19557404199997563,3.2787272499999744,gspan,2907,26.995184038527693,78475,145,11,10,1187,1661.8,1495.0,2066,0.5716546267629858,0.5142758857929136,0.7106983144134847,0.25,726,10,1.0
hinge_production_filtered,"(1, 1, 3, 1, 1, 2, 1, 3)",facility: ρ = type  │  femalepart: ρ = type  │  formedpart: ρ = type  │  hinge: ρ = p_masskg  │  hingepack: ρ = type  │  malepart: ρ = p_masskg_band  │  steelpin: ρ = type  │  steelsheet: ρ = SteelCoil,True,,2821,2907,0.9704162366701067,11,0.7333333333333333,26.995184038527693,1,1.0304856433888692,2,0.02958376332989332,0.0,0.2160781250000241,3.1080411249999997,gspan,2907,26.995184038527693,78475,145,11,10,702,773.9,793.0,810,0.26621947024423803,0.27278981768145855,0.2786377708978328,0.25,726,8,0.8
hinge_production_filtered,"(1, 1, 3, 1, 1, 3, 1, 1)",facility: ρ = type  │  femalepart: ρ = type  │  formedpart: ρ = type  │  hinge: ρ = p_masskg  │  hingepack: ρ = type  │  malepart: ρ = type  │  steelpin: ρ = type  │  steelsheet: ρ = p_masskg,True,,2902,2907,0.99828001375989,12,0.8,26.995184038527693,1,1.001722949689869,2,0.0017199862401100496,0.0,0.18310604099997363,6.850941333000264,gspan,2907,26.995184038527693,78475,145,28,24,156,182.875,183.5,207,0.06290849673202614,0.0631234950120399,0.07120743034055728,0.25,726,0,0.0
hinge_production_filtered,"(1, 1, 3, 2, 0, 1, 1, 4)",facility: ρ = type  │  femalepart: ρ = type  │  formedpart: ρ = type  │  hinge: ρ = p_masskg_band  │  hingepack: ρ = id  │  malepart: ρ = p_masskg  │  steelpin: ρ = type  │  steelsheet: ρ = type,True,,2748,2907,0.9453044375644994,11,0.7333333333333333,26.995184038527693,1,1.0578602620087336,3,0.054695562435500555,0.0,0.20650183300000435,1.4261849170002279,gspan,2907,26.995184038527693,78475,145,3,0,0,0.0,0.0,0,0.0,0.0,0.0,0.25,726,0,0.0
hinge_production_filtered,"(1, 1, 3, 2, 0, 2, 1, 2)",facility: ρ = type  │  femalepart: ρ = type  │  formedpart: ρ = type  │  hinge: ρ = p_masskg_band  │  hingepack: ρ = id  │  malepart: ρ = p_masskg_band  │  steelpin: ρ = type  │  steelsheet: ρ = p_masskg_band,True,,2148,2907,0.7389060887512899,12,0.8,26.995184038527693,1,1.3533519553072626,6,0.26109391124871006,0.0,0.19113858400004347,4.808581917000083,gspan,2907,26.995184038527693,78475,145,18,17,308,1202.3529411764705,1187,2066,0.4136061029158825,0.40832473340213277,0.7106983144134847,0.25,726,12,0.7058823529411765
hinge_production_filtered,"(1, 1, 3, 2, 0, 2, 1, 3)",facility: ρ = type  │  femalepart: ρ = type  │  formedpart: ρ = type  │  hinge: ρ = p_masskg_band  │  hingepack: ρ = id  │  malepart: ρ = p_masskg_band  │  steelpin: ρ = type  │  steelsheet: ρ = SteelCoil,True,,1663,2907,0.5720674234606123,11,0.7333333333333333,26.995184038527693,1,1.7480457005411907,7,0.42793257653938765,0.0,0.21354891700002554,42.819653959000334,gspan,2907,26.995184038527693,78475,145,16,15,308,677.1333333333333,747,810,0.23293200321064098,0.25696594427244585,0.2786377708978328,0.25,726,9,0.6
hinge_production_filtered,"(1, 1, 3, 2, 0, 3, 1, 1)",facility: ρ = type  │  femalepart: ρ = type  │  formedpart: ρ = type  │  hinge: ρ = p_masskg_band  │  hingepack: ρ = id  │  malepart: ρ = type  │  steelpin: ρ = type  │  steelsheet: ρ = p_masskg,True,,2902,2907,0.99828001375989,12,0.8,26.995184038527693,1,1.001722949689869,2,0.0017199862401100496,0.0,0.17889166599996997,9.398870750000242,gspan,2907,26.995184038527693,78475,145,36,32,156,399.65625,189.0,1367,0.13748065015479877,0.06501547987616099,0.4702442380460956,0.25,726,5,0.15625
hinge_production_filtered,"(1, 1, 3, 2, 1, 1, 1, 2)",facility: ρ = type  │  femalepart: ρ = type  │  formedpart: ρ = type  │  hinge: ρ = p_masskg_band  │  hingepack: ρ = type  │  malepart: ρ = p_masskg  │  steelpin: ρ = type  │  steelsheet: ρ = p_masskg_band,True,,775,2907,0.26659786721706225,12,0.8,26.995184038527693,1,3.750967741935484,30,0.7334021327829378,0.0,0.19272616599999992,3.024681666000106,gspan,2907,26.995184038527693,78475,145,11,10,1187,1661.8,1495.0,2066,0.5716546267629858,0.5142758857929136,0.7106983144134847,0.25,726,10,1.0
hinge_production_filtered,"(1, 1, 3, 2, 1, 1, 1, 3)",facility: ρ = type  │  femalepart: ρ = type  │  formedpart: ρ = type  │  hinge: ρ = p_masskg_band  │  hingepack: ρ = type  │  malepart: ρ = p_masskg  │  steelpin: ρ = type  │  steelsheet: ρ = SteelCoil,True,,1305,2907,0.44891640866873067,11,0.7333333333333333,26.995184038527693,1,2.2275862068965515,12,0.5510835913312693,0.0,0.207774833999963,3.0313685830001305,gspan,2907,26.995184038527693,78475,145,11,10,702,773.9,793.0,810,0.26621947024423803,0.27278981768145855,0.2786377708978328,0.25,726,8,0.8
hinge_production_filtered,"(1, 1, 3, 2, 1, 2, 1, 1)",facility: ρ = type  │  femalepart: ρ = type  │  formedpart: ρ = type  │  hinge: ρ = p_masskg_band  │  hingepack: ρ = type  │  malepart: ρ = p_masskg_band  │  steelpin: ρ = type  │  steelsheet: ρ = p_masskg,True,,2207,2907,0.7592019263845889,12,0.8,26.995184038527693,1,1.31717263253285,7,0.24079807361541106,0.0,0.18052416599999788,20.312453707999794,gspan,2907,26.995184038527693,78475,145,70,67,155,358.14925373134326,202,1268,0.12320235766472076,0.0694874441004472,0.43618851049191604,0.25,726,10,0.14925373134328357
hinge_production_filtered,"(1, 1, 3, 3, 0, 1, 1, 2)",facility: ρ = type  │  femalepart: ρ = type  │  formedpart: ρ = type  │  hinge: ρ = type  │  hingepack: ρ = id  │  malepart: ρ = p_masskg  │  steelpin: ρ = type  │  steelsheet: ρ = p_masskg_band,True,,2791,2907,0.9600963192294462,12,0.8,26.995184038527693,1,1.0415621640988892,3,0.03990368077055384,0.0,0.18488937500001157,2.9999365420003414,gspan,2907,26.995184038527693,78475,145,11,10,1187,1661.8,1495.0,2066,0.5716546267629858,0.5142758857929136,0.7106983144134847,0.25,726,10,1.0
hinge_production_filtered,"(1, 1, 3, 3, 0, 1, 1, 3)",facility: ρ = type  │  femalepart: ρ = type  │  formedpart: ρ = type  │  hinge: ρ = type  │  hingepack: ρ = id  │  malepart: ρ = p_masskg  │  steelpin: ρ = type  │  steelsheet: ρ = SteelCoil,True,,2625,2907,0.9029927760577915,11,0.7333333333333333,26.995184038527693,1,1.1074285714285714,4,0.09700722394220851,0.0,0.20196829200000366,42.53112675000011,gspan,2907,26.995184038527693,78475,145,11,10,702,773.9,793.0,810,0.26621947024423803,0.27278981768145855,0.2786377708978328,0.25,726,8,0.8
hinge_production_filtered,"(1, 1, 3, 3, 0, 2, 1, 1)",facility: ρ = type  │  femalepart: ρ = type  │  formedpart: ρ = type  │  hinge: ρ = type  │  hingepack: ρ = id  │  malepart: ρ = p_masskg_band  │  steelpin: ρ = type  │  steelsheet: ρ = p_masskg,True,,2902,2907,0.99828001375989,12,0.8,26.995184038527693,1,1.001722949689869,2,0.0017199862401100496,0.0,0.17466379199998983,10.819397624999965,gspan,2907,26.995184038527693,78475,145,40,37,156,522.4054054054054,196,1268,0.17970602181128498,0.0674234606123151,0.43618851049191604,0.25,726,15,0.40540540540540543
hinge_production_filtered,"(1, 1, 3, 3, 1, 1, 1, 1)",facility: ρ = type  │  femalepart: ρ = type  │  formedpart: ρ = type  │  hinge: ρ = type  │  hingepack: ρ = type  │  malepart: ρ = p_masskg  │  steelpin: ρ = type  │  steelsheet: ρ = p_masskg,True,,1512,2907,0.5201238390092879,12,0.8,26.995184038527693,1,1.9226190476190477,8,0.47987616099071206,0.0,0.17175304199997754,7.160873249999895,gspan,2907,26.995184038527693,78475,145,29,26,156,183.8846153846154,186.0,207,0.06325580164589453,0.06398348813209494,0.07120743034055728,0.25,726,0,0.0
hinge_production_filtered,"(0, 1, 1, 1, 1, 3, 1, 4)",facility: ρ = id  │  femalepart: ρ = type  │  formedpart: ρ = p_masskg  │  hinge: ρ = p_masskg  │  hingepack: ρ = type  │  malepart: ρ = type  │  steelpin: ρ = type  │  steelsheet: ρ = type,True,,2902,2907,0.99828001375989,10,0.6666666666666666,26.995184038527693,1,1.001722949689869,2,0.0017199862401100496,0.0,0.19131112499997016,4.192619791000197,gspan,2907,26.995184038527693,78475,145,14,14,177,191.0,191.0,207,0.06570347437220503,0.06570347437220503,0.07120743034055728,0.25,726,0,0.0
hinge_production_filtered,"(0, 1, 1, 2, 0, 3, 1, 4)",facility: ρ = id  │  femalepart: ρ = type  │  formedpart: ρ = p_masskg  │  hinge: ρ = p_masskg_band  │  hingepack: ρ = id  │  malepart: ρ = type  │  steelpin: ρ = type  │  steelsheet: ρ = type,True,,2902,2907,0.99828001375989,10,0.6666666666666666,26.995184038527693,1,1.001722949689869,2,0.0017199862401100496,0.0,0.18658449999998084,5.214052792000075,gspan,2907,26.995184038527693,78475,145,18,18,163,319.27777777777777,193.0,1367,0.10983067691014027,0.06639146886824905,0.4702442380460956,0.25,726,2,0.1111111111111111
hinge_production_filtered,"(0, 1, 1, 2, 1, 2, 1, 4)",facility: ρ = id  │  femalepart: ρ = type  │  formedpart: ρ = p_masskg  │  hinge: ρ = p_masskg_band  │  hingepack: ρ = type  │  malepart: ρ = p_masskg_band  │  steelpin: ρ = type  │  steelsheet: ρ = type,True,,2207,2907,0.7592019263845889,10,0.6666666666666666,26.995184038527693,1,1.31717263253285,7,0.24079807361541106,0.0,0.1868915410000227,6.186364125000182,gspan,2907,26.995184038527693,78475,145,22,22,163,290.8181818181818,196.5,747,0.10004065422022078,0.06759545923632611,0.25696594427244585,0.25,726,2,0.09090909090909091
hinge_production_filtered,"(0, 1, 1, 2, 1, 3, 1, 2)",facility: ρ = id  │  femalepart: ρ = type  │  formedpart: ρ = p_masskg  │  hinge: ρ = p_masskg_band  │  hingepack: ρ = type  │  malepart: ρ = type  │  steelpin: ρ = type  │  steelsheet: ρ = p_masskg_band,True,,2207,2907,0.7592019263845889,11,0.7333333333333333,26.995184038527693,1,1.31717263253285,7,0.24079807361541106,0.0,0.17925991599997815,15.810020583000096,gspan,2907,26.995184038527693,78475,145,58,58,163,330.7068965517241,196.0,2066,0.11376226231569457,0.0674234606123151,0.7106983144134847,0.25,726,5,0.08620689655172414
hinge_production_filtered,"(0, 1, 1, 2, 1, 3, 1, 3)",facility: ρ = id  │  femalepart: ρ = type  │  formedpart: ρ = p_masskg  │  hinge: ρ = p_masskg_band  │  hingepack: ρ = type  │  malepart: ρ = type  │  steelpin: ρ = type  │  steelsheet: ρ = SteelCoil,True,,2729,2907,0.9387684898520812,10,0.6666666666666666,26.995184038527693,1,1.0652253572737267,3,0.06123151014791883,0.0,0.18735341600000766,44.434472625000126,gspan,2907,26.995184038527693,78475,145,15,15,198,565.5333333333333,524,1367,0.19454191033138402,0.1802545579635363,0.4702442380460956,0.25,726,4,0.26666666666666666
hinge_production_filtered,"(0, 1, 1, 3, 0, 2, 1, 4)",facility: ρ = id  │  femalepart: ρ = type  │  formedpart: ρ = p_masskg  │  hinge: ρ = type  │  hingepack: ρ = id  │  malepart: ρ = p_masskg_band  │  steelpin: ρ = type  │  steelsheet: ρ = type,True,,2902,2907,0.99828001375989,10,0.6666666666666666,26.995184038527693,1,1.001722949689869,2,0.0017199862401100496,0.0,0.1836306659999991,4.909105291999822,gspan,2907,26.995184038527693,78475,145,17,17,163,355.0,193,1268,0.12211902304781562,0.06639146886824905,0.43618851049191604,0.25,726,3,0.17647058823529413
hinge_production_filtered,"(0, 1, 1, 3, 0, 3, 1, 2)",facility: ρ = id  │  femalepart: ρ = type  │  formedpart: ρ = p_masskg  │  hinge: ρ = type  │  hingepack: ρ = id  │  malepart: ρ = type  │  steelpin: ρ = type  │  steelsheet: ρ = p_masskg_band,True,,2902,2907,0.99828001375989,11,0.7333333333333333,26.995184038527693,1,1.001722949689869,2,0.0017199862401100496,0.0,0.17483737499998142,12.510429166999984,gspan,2907,26.995184038527693,78475,145,46,45,163,258.5777777777778,189,2066,0.08895004395520392,0.06501547987616099,0.7106983144134847,0.25,726,2,0.044444444444444446
hinge_production_filtered,"(0, 1, 1, 3, 0, 3, 1, 3)",facility: ρ = id  │  femalepart: ρ = type  │  formedpart: ρ = p_masskg  │  hinge: ρ = type  │  hingepack: ρ = id  │  malepart: ρ = type  │  steelpin: ρ = type  │  steelsheet: ρ = SteelCoil,True,,2902,2907,0.99828001375989,10,0.6666666666666666,26.995184038527693,1,1.001722949689869,2,0.0017199862401100496,0.0,0.1832607079999775,1.5083049580002807,gspan,2907,26.995184038527693,78475,145,4,3,702,768.3333333333334,793,810,0.26430455223024885,0.27278981768145855,0.2786377708978328,0.25,726,2,0.6666666666666666
hinge_production_filtered,"(0, 1, 1, 3, 1, 1, 1, 4)",facility: ρ = id  │  femalepart: ρ = type  │  formedpart: ρ = p_masskg  │  hinge: ρ = type  │  hingepack: ρ = type  │  malepart: ρ = p_masskg  │  steelpin: ρ = type  │  steelsheet: ρ = type,True,,1512,2907,0.5201238390092879,10,0.6666666666666666,26.995184038527693,1,1.9226190476190477,8,0.47987616099071206,0.0,0.1830203749999555,4.383407625000018,gspan,2907,26.995184038527693,78475,145,15,15,163,189.13333333333333,189,207,0.06506134617589726,0.06501547987616099,0.07120743034055728,0.25,726,0,0.0
hinge_production_filtered,"(0, 1, 1, 3, 1, 2, 1, 2)",facility: ρ = id  │  femalepart: ρ = type  │  formedpart: ρ = p_masskg  │  hinge: ρ = type  │  hingepack: ρ = type  │  malepart: ρ = p_masskg_band  │  steelpin: ρ = type  │  steelsheet: ρ = p_masskg_band,True,,1512,2907,0.5201238390092879,11,0.7333333333333333,26.995184038527693,1,1.9226190476190477,8,0.47987616099071206,0.0,0.17673391599998922,14.056155708000006,gspan,2907,26.995184038527693,78475,145,52,52,163,351.75,193.0,2066,0.12100103199174407,0.06639146886824905,0.7106983144134847,0.25,726,9,0.17307692307692307
hinge_production_filtered,"(0, 1, 1, 3, 1, 2, 1, 3)",facility: ρ = id  │  femalepart: ρ = type  │  formedpart: ρ = p_masskg  │  hinge: ρ = type  │  hingepack: ρ = type  │  malepart: ρ = p_masskg_band  │  steelpin: ρ = type  │  steelsheet: ρ = SteelCoil,True,,2464,2907,0.847609219126247,10,0.6666666666666666,26.995184038527693,1,1.1797889610389611,4,0.15239078087375302,0.0,0.18798112500002162,2.6409219580000354,gspan,2907,26.995184038527693,78475,145,9,9,702,907.6666666666666,846,1268,0.3122348354546497,0.29102167182662536,0.43618851049191604,0.25,726,8,0.8888888888888888
hinge_production_filtered,"(0, 1, 1, 3, 1, 3, 1, 1)",facility: ρ = id  │  femalepart: ρ = type  │  formedpart: ρ = p_masskg  │  hinge: ρ = type  │  hingepack: ρ = type  │  malepart: ρ = type  │  steelpin: ρ = type  │  steelsheet: ρ = p_masskg,True,,1512,2907,0.5201238390092879,11,0.7333333333333333,26.995184038527693,1,1.9226190476190477,8,0.47987616099071206,0.0,0.16360424999999168,11.31322720900016,gspan,2907,26.995184038527693,78475,145,47,44,156,184.61363636363637,186.0,207,0.06350658285642806,0.06398348813209494,0.07120743034055728,0.25,726,0,0.0
hinge_production_filtered,"(0, 1, 2, 1, 0, 3, 1, 4)",facility: ρ = id  │  femalepart: ρ = type  │  formedpart: ρ = p_masskg_band  │  hinge: ρ = p_masskg  │  hingepack: ρ = id  │  malepart: ρ = type  │  steelpin: ρ = type  │  steelsheet: ρ = type,True,,2843,2907,0.9779841761265909,10,0.6666666666666666,26.995184038527693,1,1.0225114315863524,2,0.022015823873409057,0.0,0.200091499999985,2.7358019580001383,gspan,2907,26.995184038527693,78475,145,8,8,787,1130.375,1297.0,1372,0.38884588923288615,0.4461644306845545,0.4719642242862057,0.25,726,8,1.0
hinge_production_filtered,"(0, 1, 2, 1, 1, 2, 1, 4)",facility: ρ = id  │  femalepart: ρ = type  │  formedpart: ρ = p_masskg_band  │  hinge: ρ = p_masskg  │  hingepack: ρ = type  │  malepart: ρ = p_masskg_band  │  steelpin: ρ = type  │  steelsheet: ρ = type,True,,2848,2907,0.9797041623667011,10,0.6666666666666666,26.995184038527693,1,1.0207162921348314,2,0.020295837633298897,0.0,0.2088591250000036,3.259632333999889,gspan,2907,26.995184038527693,78475,145,10,10,787,1099.8,1268.0,1338,0.378328173374613,0.43618851049191604,0.4602683178534572,0.25,726,10,1.0
hinge_production_filtered,"(0, 1, 2, 1, 1, 3, 1, 2)",facility: ρ = id  │  femalepart: ρ = type  │  formedpart: ρ = p_masskg_band  │  hinge: ρ = p_masskg  │  hingepack: ρ = type  │  malepart: ρ = type  │  steelpin: ρ = type  │  steelsheet: ρ = p_masskg_band,True,,2856,2907,0.9824561403508771,11,0.7333333333333333,26.995184038527693,1,1.0178571428571428,2,0.01754385964912286,0.0,0.18473645899996427,6.505769749999672,gspan,2907,26.995184038527693,78475,145,24,24,156,965.5,1005.0,2066,0.33212934296525626,0.3457172342621259,0.7106983144134847,0.25,726,17,0.7083333333333334
hinge_production_filtered,"(0, 1, 2, 1, 1, 3, 1, 3)",facility: ρ = id  │  femalepart: ρ = type  │  formedpart: ρ = p_masskg_band  │  hinge: ρ = p_masskg  │  hingepack: ρ = type  │  malepart: ρ = type  │  steelpin: ρ = type  │  steelsheet: ρ = SteelCoil,True,,2849,2907,0.9800481596147231,10,0.6666666666666666,26.995184038527693,1,1.0203580203580203,2,0.019951840385276864,0.0,0.20003870799996548,7.090996125000402,gspan,2907,26.995184038527693,78475,145,28,28,310,567.8571428571429,368.0,1372,0.19534129441250186,0.12659098727210183,0.4719642242862057,0.25,726,8,0.2857142857142857
hinge_production_filtered,"(0, 1, 2, 2, 0, 2, 1, 4)",facility: ρ = id  │  femalepart: ρ = type  │  formedpart: ρ = p_masskg_band  │  hinge: ρ = p_masskg_band  │  hingepack: ρ = id  │  malepart: ρ = p_masskg_band  │  steelpin: ρ = type  │  steelsheet: ρ = type,True,,2081,2907,0.7158582731338149,10,0.6666666666666666,26.995184038527693,1,1.3969245555021623,6,0.2841417268661851,0.0,0.1943180830000415,6.055929625000317,gspan,2907,26.995184038527693,78475,145,21,21,286,791.1428571428571,747,1338,0.27215096564941765,0.25696594427244585,0.4602683178534572,0.25,726,13,0.6190476190476191
hinge_production_filtered,"(0, 1, 2, 2, 0, 3, 1, 2)",facility: ρ = id  │  femalepart: ρ = type  │  formedpart: ρ = p_masskg_band  │  hinge: ρ = p_masskg_band  │  hingepack: ρ = id  │  malepart: ρ = type  │  steelpin: ρ = type  │  steelsheet: ρ = p_masskg_band,True,,2187,2907,0.7523219814241486,11,0.7333333333333333,26.995184038527693,1,1.3292181069958848,6,0.24767801857585137,0.0,0.18324220799996738,47.58696187500027,gspan,2907,26.995184038527693,78475,145,28,28,156,956.25,833.5,2066,0.32894736842105265,0.2867217062263502,0.7106983144134847,0.25,726,19,0.6785714285714286
hinge_production_filtered,"(0, 1, 2, 2, 0, 3, 1, 3)",facility: ρ = id  │  femalepart: ρ = type  │  formedpart: ρ = p_masskg_band  │  hinge: ρ = p_masskg_band  │  hingepack: ρ = id  │  malepart: ρ = type  │  steelpin: ρ = type  │  steelsheet: ρ = SteelCoil,True,,2109,2907,0.7254901960784313,10,0.6666666666666666,26.995184038527693,1,1.3783783783783783,6,0.27450980392156865,0.0,0.1987064169999826,8.877290500000072,gspan,2907,26.995184038527693,78475,145,35,35,192,562.0285714285715,368,1372,0.19333628188117352,0.12659098727210183,0.4719642242862057,0.25,726,10,0.2857142857142857
hinge_production_filtered,"(0, 1, 2, 2, 1, 1, 1, 4)",facility: ρ = id  │  femalepart: ρ = type  │  formedpart: ρ = p_masskg_band  │  hinge: ρ = p_masskg_band  │  hingepack: ρ = type  │  malepart: ρ = p_masskg  │  steelpin: ρ = type  │  steelsheet: ρ = type,True,,773,2907,0.26590987272101824,10,0.6666666666666666,26.995184038527693,1,3.760672703751617,31,0.7340901272789817,0.0,0.1978151249999769,2.131330917000014,gspan,2907,26.995184038527693,78475,145,6,6,787,1146.6666666666667,1297.0,1338,0.3944501777319115,0.4461644306845545,0.4602683178534572,0.25,726,6,1.0
hinge_production_filtered,"(0, 1, 2, 2, 1, 2, 1, 2)",facility: ρ = id  │  femalepart: ρ = type  │  formedpart: ρ = p_masskg_band  │  hinge: ρ = p_masskg_band  │  hingepack: ρ = type  │  malepart: ρ = p_masskg_band  │  steelpin: ρ = type  │  steelsheet: ρ = p_masskg_band,True,,214,2907,0.07361541107671139,11,0.7333333333333333,26.995184038527693,1,13.58411214953271,222,0.9263845889232886,0.0,0.1888135000000375,13.030131500000152,gspan,2907,26.995184038527693,78475,145,49,49,155,688.530612244898,449,2066,0.23685263579115856,0.1544547643618851,0.7106983144134847,0.25,726,22,0.4489795918367347
hinge_production_filtered,"(0, 1, 2, 2, 1, 2, 1, 3)",facility: ρ = id  │  femalepart: ρ = type  │  formedpart: ρ = p_masskg_band  │  hinge: ρ = p_masskg_band  │  hingepack: ρ = type  │  malepart: ρ = p_masskg_band  │  steelpin: ρ = type  │  steelsheet: ρ = SteelCoil,True,,463,2907,0.15927072583419333,10,0.6666666666666666,26.995184038527693,1,6.278617710583154,67,0.8407292741658067,0.0,0.22615429200004655,13.232395083000029,gspan,2907,26.995184038527693,78475,145,53,53,155,499.35849056603774,368,1297,0.17177794653114473,0.12659098727210183,0.4461644306845545,0.25,726,13,0.24528301886792453
hinge_production_filtered,"(0, 1, 2, 2, 1, 3, 1, 1)",facility: ρ = id  │  femalepart: ρ = type  │  formedpart: ρ = p_masskg_band  │  hinge: ρ = p_masskg_band  │  hingepack: ρ = type  │  malepart: ρ = type  │  steelpin: ρ = type  │  steelsheet: ρ = p_masskg,True,,2207,2907,0.7592019263845889,11,0.7333333333333333,26.995184038527693,1,1.31717263253285,7,0.24079807361541106,0.0,0.17718745900003796,13.948018874999889,gspan,2907,26.995184038527693,78475,145,58,58,156,377.01724137931035,191.5,1372,0.12969289349133484,0.06587547299621603,0.4719642242862057,0.25,726,11,0.1896551724137931
hinge_production_filtered,"(0, 1, 2, 3, 0, 1, 1, 4)",facility: ρ = id  │  femalepart: ρ = type  │  formedpart: ρ = p_masskg_band  │  hinge: ρ = type  │  hingepack: ρ = id  │  malepart: ρ = p_masskg  │  steelpin: ρ = type  │  steelsheet: ρ = type,True,,2790,2907,0.9597523219814241,10,0.6666666666666666,26.995184038527693,1,1.0419354838709678,3,0.04024767801857587,0.0,0.19354629200000772,40.39221191700017,gspan,2907,26.995184038527693,78475,145,6,6,787,1146.6666666666667,1297.0,1338,0.3944501777319115,0.4461644306845545,0.4602683178534572,0.25,726,6,1.0
hinge_production_filtered,"(0, 1, 2, 3, 0, 2, 1, 2)",facility: ρ = id  │  femalepart: ρ = type  │  formedpart: ρ = p_masskg_band  │  hinge: ρ = type  │  hingepack: ρ = id  │  malepart: ρ = p_masskg_band  │  steelpin: ρ = type  │  steelsheet: ρ = p_masskg_band,True,,2008,2907,0.6907464740282078,11,0.7333333333333333,26.995184038527693,1,1.4477091633466135,6,0.30925352597179223,0.0,5.008265499999993,8.355227458000172,gspan,2907,26.995184038527693,78475,145,31,31,156,986.1290322580645,1187,2066,0.33922567329138786,0.40832473340213277,0.7106983144134847,0.25,726,24,0.7741935483870968
hinge_production_filtered,"(0, 1, 2, 3, 0, 2, 1, 3)",facility: ρ = id  │  femalepart: ρ = type  │  formedpart: ρ = p_masskg_band  │  hinge: ρ = type  │  hingepack: ρ = id  │  malepart: ρ = p_masskg_band  │  steelpin: ρ = type  │  steelsheet: ρ = SteelCoil,True,,1900,2907,0.6535947712418301,10,0.6666666666666666,26.995184038527693,1,1.53,6,0.3464052287581699,0.0,0.19467541699998492,11.927121416999853,gspan,2907,26.995184038527693,78475,145,48,48,204,540.1875,353.0,1297,0.18582301341589266,0.12143102855177158,0.4461644306845545,0.25,726,14,0.2916666666666667
hinge_production_filtered,"(0, 1, 2, 3, 0, 3, 1, 1)",facility: ρ = id  │  femalepart: ρ = type  │  formedpart: ρ = p_masskg_band  │  hinge: ρ = type  │  hingepack: ρ = id  │  malepart: ρ = type  │  steelpin: ρ = type  │  steelsheet: ρ = p_masskg,True,,2902,2907,0.99828001375989,11,0.7333333333333333,26.995184038527693,1,1.001722949689869,2,0.0017199862401100496,0.0,0.17421116700000994,10.120701959000144,gspan,2907,26.995184038527693,78475,145,43,42,156,323.7857142857143,189.0,1372,0.11138139466312841,0.06501547987616099,0.4719642242862057,0.25,726,8,0.19047619047619047
hinge_production_filtered,"(0, 1, 2, 3, 1, 1, 1, 2)",facility: ρ = id  │  femalepart: ρ = type  │  formedpart: ρ = p_masskg_band  │  hinge: ρ = type  │  hingepack: ρ = type  │  malepart: ρ = p_masskg  │  steelpin: ρ = type  │  steelsheet: ρ = p_masskg_band,True,,267,2907,0.09184726522187822,11,0.7333333333333333,26.995184038527693,1,10.887640449438202,58,0.9081527347781218,0.0,0.1873951250000232,4.613086916999691,gspan,2907,26.995184038527693,78475,145,17,17,156,1151.0588235294117,1297,2066,0.3959610676055768,0.4461644306845545,0.7106983144134847,0.25,726,14,0.8235294117647058
hinge_production_filtered,"(0, 1, 2, 3, 1, 1, 1, 3)",facility: ρ = id  │  femalepart: ρ = type  │  formedpart: ρ = p_masskg_band  │  hinge: ρ = type  │  hingepack: ρ = type  │  malepart: ρ = p_masskg  │  steelpin: ρ = type  │  steelsheet: ρ = SteelCoil,True,,740,2907,0.25455796353629173,10,0.6666666666666666,26.995184038527693,1,3.9283783783783783,20,0.7454420364637082,0.0,0.22733695900001294,6.5799569579999115,gspan,2907,26.995184038527693,78475,145,26,26,310,528.3461538461538,363.0,1297,0.1817496229260935,0.12487100103199174,0.4461644306845545,0.25,726,6,0.23076923076923078
hinge_production_filtered,"(0, 1, 2, 3, 1, 2, 1, 1)",facility: ρ = id  │  femalepart: ρ = type  │  formedpart: ρ = p_masskg_band  │  hinge: ρ = type  │  hingepack: ρ = type  │  malepart: ρ = p_masskg_band  │  steelpin: ρ = type  │  steelsheet: ρ = p_masskg,True,,1512,2907,0.5201238390092879,11,0.7333333333333333,26.995184038527693,1,1.9226190476190477,8,0.47987616099071206,0.0,0.17395075000001725,53.08758291700042,gspan,2907,26.995184038527693,78475,145,64,64,156,423.328125,194.5,1297,0.14562371001031993,0.06690746474028207,0.4461644306845545,0.25,726,19,0.296875
hinge_production_filtered,"(0, 1, 3, 1, 0, 2, 1, 4)",facility: ρ = id  │  femalepart: ρ = type  │  formedpart: ρ = type  │  hinge: ρ = p_masskg  │  hingepack: ρ = id  │  malepart: ρ = p_masskg_band  │  steelpin: ρ = type  │  steelsheet: ρ = type,True,,2812,2907,0.9673202614379085,10,0.6666666666666666,26.995184038527693,1,1.0337837837837838,2,0.0326797385620915,0.0,0.22041312499999322,1.761930833000406,gspan,2907,26.995184038527693,78475,145,3,0,0,0.0,0.0,0,0.0,0.0,0.0,0.25,726,0,0.0
hinge_production_filtered,"(0, 1, 3, 1, 0, 3, 1, 2)",facility: ρ = id  │  femalepart: ρ = type  │  formedpart: ρ = type  │  hinge: ρ = p_masskg  │  hingepack: ρ = id  │  malepart: ρ = type  │  steelpin: ρ = type  │  steelsheet: ρ = p_masskg_band,True,,2845,2907,0.978672170622635,11,0.7333333333333333,26.995184038527693,1,1.021792618629174,3,0.021327829377364993,0.0,0.1940500409999686,3.074882500000058,gspan,2907,26.995184038527693,78475,145,11,10,1187,1661.8,1495.0,2066,0.5716546267629858,0.5142758857929136,0.7106983144134847,0.25,726,10,1.0
hinge_production_filtered,"(0, 1, 3, 1, 0, 3, 1, 3)",facility: ρ = id  │  femalepart: ρ = type  │  formedpart: ρ = type  │  hinge: ρ = p_masskg  │  hingepack: ρ = id  │  malepart: ρ = type  │  steelpin: ρ = type  │  steelsheet: ρ = SteelCoil,True,,2725,2907,0.9373925008599931,10,0.6666666666666666,26.995184038527693,1,1.066788990825688,3,0.06260749914000685,0.0,0.20959020800000872,3.067302249999557,gspan,2907,26.995184038527693,78475,145,11,10,702,773.9,793.0,810,0.26621947024423803,0.27278981768145855,0.2786377708978328,0.25,726,8,0.8
hinge_production_filtered,"(0, 1, 3, 1, 1, 1, 1, 4)",facility: ρ = id  │  femalepart: ρ = type  │  formedpart: ρ = type  │  hinge: ρ = p_masskg  │  hingepack: ρ = type  │  malepart: ρ = p_masskg  │  steelpin: ρ = type  │  steelsheet: ρ = type,True,,2902,2907,0.99828001375989,10,0.6666666666666666,26.995184038527693,1,1.001722949689869,2,0.0017199862401100496,0.0,0.2160239999999476,1.4496204589995614,gspan,2907,26.995184038527693,78475,145,3,0,0,0.0,0.0,0,0.0,0.0,0.0,0.25,726,0,0.0
hinge_production_filtered,"(0, 1, 3, 1, 1, 2, 1, 2)",facility: ρ = id  │  femalepart: ρ = type  │  formedpart: ρ = type  │  hinge: ρ = p_masskg  │  hingepack: ρ = type  │  malepart: ρ = p_masskg_band  │  steelpin: ρ = type  │  steelsheet: ρ = p_masskg_band,True,,2855,2907,0.9821121431028552,11,0.7333333333333333,26.995184038527693,1,1.018213660245184,2,0.017887856897144783,0.0,0.19606633400002238,3.104673165999884,gspan,2907,26.995184038527693,78475,145,11,10,1187,1661.8,1495.0,2066,0.5716546267629858,0.5142758857929136,0.7106983144134847,0.25,726,10,1.0
hinge_production_filtered,"(0, 1, 3, 1, 1, 2, 1, 3)",facility: ρ = id  │  femalepart: ρ = type  │  formedpart: ρ = type  │  hinge: ρ = p_masskg  │  hingepack: ρ = type  │  malepart: ρ = p_masskg_band  │  steelpin: ρ = type  │  steelsheet: ρ = SteelCoil,True,,2821,2907,0.9704162366701067,10,0.6666666666666666,26.995184038527693,1,1.0304856433888692,2,0.02958376332989332,0.0,0.21463891700000204,41.15451737500007,gspan,2907,26.995184038527693,78475,145,11,10,702,773.9,793.0,810,0.26621947024423803,0.27278981768145855,0.2786377708978328,0.25,726,8,0.8
hinge_production_filtered,"(0, 1, 3, 1, 1, 3, 1, 1)",facility: ρ = id  │  femalepart: ρ = type  │  formedpart: ρ = type  │  hinge: ρ = p_masskg  │  hingepack: ρ = type  │  malepart: ρ = type  │  steelpin: ρ = type  │  steelsheet: ρ = p_masskg,True,,2902,2907,0.99828001375989,11,0.7333333333333333,26.995184038527693,1,1.001722949689869,2,0.0017199862401100496,0.0,0.1848288749999938,7.152031542000259,gspan,2907,26.995184038527693,78475,145,28,24,156,182.875,183.5,207,0.06290849673202614,0.0631234950120399,0.07120743034055728,0.25,726,0,0.0
hinge_production_filtered,"(0, 1, 3, 2, 0, 1, 1, 4)",facility: ρ = id  │  femalepart: ρ = type  │  formedpart: ρ = type  │  hinge: ρ = p_masskg_band  │  hingepack: ρ = id  │  malepart: ρ = p_masskg  │  steelpin: ρ = type  │  steelsheet: ρ = type,True,,2748,2907,0.9453044375644994,10,0.6666666666666666,26.995184038527693,1,1.0578602620087336,3,0.054695562435500555,0.0,0.21144608400004472,1.5246721250005066,gspan,2907,26.995184038527693,78475,145,3,0,0,0.0,0.0,0,0.0,0.0,0.0,0.25,726,0,0.0
hinge_production_filtered,"(0, 1, 3, 2, 0, 2, 1, 2)",facility: ρ = id  │  femalepart: ρ = type  │  formedpart: ρ = type  │  hinge: ρ = p_masskg_band  │  hingepack: ρ = id  │  malepart: ρ = p_masskg_band  │  steelpin: ρ = type  │  steelsheet: ρ = p_masskg_band,True,,2148,2907,0.7389060887512899,11,0.7333333333333333,26.995184038527693,1,1.3533519553072626,6,0.26109391124871006,0.0,0.19232383399997843,4.8757740420005575,gspan,2907,26.995184038527693,78475,145,18,17,308,1202.3529411764705,1187,2066,0.4136061029158825,0.40832473340213277,0.7106983144134847,0.25,726,12,0.7058823529411765
hinge_production_filtered,"(0, 1, 3, 2, 0, 2, 1, 3)",facility: ρ = id  │  femalepart: ρ = type  │  formedpart: ρ = type  │  hinge: ρ = p_masskg_band  │  hingepack: ρ = id  │  malepart: ρ = p_masskg_band  │  steelpin: ρ = type  │  steelsheet: ρ = SteelCoil,True,,1663,2907,0.5720674234606123,10,0.6666666666666666,26.995184038527693,1,1.7480457005411907,7,0.42793257653938765,0.0,0.21213025000002972,4.395508416000666,gspan,2907,26.995184038527693,78475,145,16,15,308,677.1333333333333,747,810,0.23293200321064098,0.25696594427244585,0.2786377708978328,0.25,726,9,0.6
hinge_production_filtered,"(0, 1, 3, 2, 0, 3, 1, 1)",facility: ρ = id  │  femalepart: ρ = type  │  formedpart: ρ = type  │  hinge: ρ = p_masskg_band  │  hingepack: ρ = id  │  malepart: ρ = type  │  steelpin: ρ = type  │  steelsheet: ρ = p_masskg,True,,2902,2907,0.99828001375989,11,0.7333333333333333,26.995184038527693,1,1.001722949689869,2,0.0017199862401100496,0.0,0.18028412499995738,9.12317429199993,gspan,2907,26.995184038527693,78475,145,36,32,156,399.65625,189.0,1367,0.13748065015479877,0.06501547987616099,0.4702442380460956,0.25,726,5,0.15625
hinge_production_filtered,"(0, 1, 3, 2, 1, 1, 1, 2)",facility: ρ = id  │  femalepart: ρ = type  │  formedpart: ρ = type  │  hinge: ρ = p_masskg_band  │  hingepack: ρ = type  │  malepart: ρ = p_masskg  │  steelpin: ρ = type  │  steelsheet: ρ = p_masskg_band,True,,775,2907,0.26659786721706225,11,0.7333333333333333,26.995184038527693,1,3.750967741935484,30,0.7334021327829378,0.0,0.19318816699995978,2.9840985830005593,gspan,2907,26.995184038527693,78475,145,11,10,1187,1661.8,1495.0,2066,0.5716546267629858,0.5142758857929136,0.7106983144134847,0.25,726,10,1.0
hinge_production_filtered,"(0, 1, 3, 2, 1, 1, 1, 3)",facility: ρ = id  │  femalepart: ρ = type  │  formedpart: ρ = type  │  hinge: ρ = p_masskg_band  │  hingepack: ρ = type  │  malepart: ρ = p_masskg  │  steelpin: ρ = type  │  steelsheet: ρ = SteelCoil,True,,1305,2907,0.44891640866873067,10,0.6666666666666666,26.995184038527693,1,2.2275862068965515,12,0.5510835913312693,0.0,0.2133919160000346,40.88224179199915,gspan,2907,26.995184038527693,78475,145,11,10,702,773.9,793.0,810,0.26621947024423803,0.27278981768145855,0.2786377708978328,0.25,726,8,0.8
hinge_production_filtered,"(0, 1, 3, 2, 1, 2, 1, 1)",facility: ρ = id  │  femalepart: ρ = type  │  formedpart: ρ = type  │  hinge: ρ = p_masskg_band  │  hingepack: ρ = type  │  malepart: ρ = p_masskg_band  │  steelpin: ρ = type  │  steelsheet: ρ = p_masskg,True,,2207,2907,0.7592019263845889,11,0.7333333333333333,26.995184038527693,1,1.31717263253285,7,0.24079807361541106,0.0,0.1805216669999936,20.340156082999783,gspan,2907,26.995184038527693,78475,145,70,67,155,358.14925373134326,202,1268,0.12320235766472076,0.0694874441004472,0.43618851049191604,0.25,726,10,0.14925373134328357
hinge_production_filtered,"(0, 1, 3, 3, 0, 1, 1, 2)",facility: ρ = id  │  femalepart: ρ = type  │  formedpart: ρ = type  │  hinge: ρ = type  │  hingepack: ρ = id  │  malepart: ρ = p_masskg  │  steelpin: ρ = type  │  steelsheet: ρ = p_masskg_band,True,,2791,2907,0.9600963192294462,11,0.7333333333333333,26.995184038527693,1,1.0415621640988892,3,0.03990368077055384,0.0,0.1898234999999886,3.0869000829998186,gspan,2907,26.995184038527693,78475,145,11,10,1187,1661.8,1495.0,2066,0.5716546267629858,0.5142758857929136,0.7106983144134847,0.25,726,10,1.0
hinge_production_filtered,"(0, 1, 3, 3, 0, 1, 1, 3)",facility: ρ = id  │  femalepart: ρ = type  │  formedpart: ρ = type  │  hinge: ρ = type  │  hingepack: ρ = id  │  malepart: ρ = p_masskg  │  steelpin: ρ = type  │  steelsheet: ρ = SteelCoil,True,,2625,2907,0.9029927760577915,10,0.6666666666666666,26.995184038527693,1,1.1074285714285714,4,0.09700722394220851,0.0,0.21390062500000795,3.0240781250004147,gspan,2907,26.995184038527693,78475,145,11,10,702,773.9,793.0,810,0.26621947024423803,0.27278981768145855,0.2786377708978328,0.25,726,8,0.8
hinge_production_filtered,"(0, 1, 3, 3, 0, 2, 1, 1)",facility: ρ = id  │  femalepart: ρ = type  │  formedpart: ρ = type  │  hinge: ρ = type  │  hingepack: ρ = id  │  malepart: ρ = p_masskg_band  │  steelpin: ρ = type  │  steelsheet: ρ = p_masskg,True,,2902,2907,0.99828001375989,11,0.7333333333333333,26.995184038527693,1,1.001722949689869,2,0.0017199862401100496,0.0,0.17646495799999684,10.778097417000026,gspan,2907,26.995184038527693,78475,145,40,37,156,522.4054054054054,196,1268,0.17970602181128498,0.0674234606123151,0.43618851049191604,0.25,726,15,0.40540540540540543
hinge_production_filtered,"(0, 1, 3, 3, 1, 1, 1, 1)",facility: ρ = id  │  femalepart: ρ = type  │  formedpart: ρ = type  │  hinge: ρ = type  │  hingepack: ρ = type  │  malepart: ρ = p_masskg  │  steelpin: ρ = type  │  steelsheet: ρ = p_masskg,True,,1512,2907,0.5201238390092879,11,0.7333333333333333,26.995184038527693,1,1.9226190476190477,8,0.47987616099071206,0.0,0.17540883300000587,7.044293582999671,gspan,2907,26.995184038527693,78475,145,29,26,156,183.8846153846154,186.0,207,0.06325580164589453,0.06398348813209494,0.07120743034055728,0.25,726,0,0.0
hinge_production_filtered,"(1, 1, 1, 1, 0, 3, 1, 4)",facility: ρ = type  │  femalepart: ρ = type  │  formedpart: ρ = p_masskg  │  hinge: ρ = p_masskg  │  hingepack: ρ = id  │  malepart: ρ = type  │  steelpin: ρ = type  │  steelsheet: ρ = type,True,,2902,2907,0.99828001375989,10,0.6666666666666666,26.995184038527693,1,1.001722949689869,2,0.0017199862401100496,0.0,0.19561954199997444,44.75436075000016,gspan,2907,26.995184038527693,78475,145,14,14,177,191.0,191.0,207,0.06570347437220503,0.06570347437220503,0.07120743034055728,0.25,726,0,0.0
hinge_production_filtered,"(1, 1, 1, 1, 1, 2, 1, 4)",facility: ρ = type  │  femalepart: ρ = type  │  formedpart: ρ = p_masskg  │  hinge: ρ = p_masskg  │  hingepack: ρ = type  │  malepart: ρ = p_masskg_band  │  steelpin: ρ = type  │  steelsheet: ρ = type,True,,2902,2907,0.99828001375989,10,0.6666666666666666,26.995184038527693,1,1.001722949689869,2,0.0017199862401100496,0.0,0.1952446669999972,4.704201417000149,gspan,2907,26.995184038527693,78475,145,14,14,177,191.0,191.0,207,0.06570347437220503,0.06570347437220503,0.07120743034055728,0.25,726,0,0.0
hinge_production_filtered,"(1, 1, 1, 1, 1, 3, 1, 2)",facility: ρ = type  │  femalepart: ρ = type  │  formedpart: ρ = p_masskg  │  hinge: ρ = p_masskg  │  hingepack: ρ = type  │  malepart: ρ = type  │  steelpin: ρ = type  │  steelsheet: ρ = p_masskg_band,True,,2902,2907,0.99828001375989,11,0.7333333333333333,26.995184038527693,1,1.001722949689869,2,0.0017199862401100496,0.0,0.18514175000001387,11.169337499999529,gspan,2907,26.995184038527693,78475,145,41,41,156,265.9512195121951,189,2066,0.09148648762029415,0.06501547987616099,0.7106983144134847,0.25,726,2,0.04878048780487805
hinge_production_filtered,"(1, 1, 1, 1, 1, 3, 1, 3)",facility: ρ = type  │  femalepart: ρ = type  │  formedpart: ρ = p_masskg  │  hinge: ρ = p_masskg  │  hingepack: ρ = type  │  malepart: ρ = type  │  steelpin: ρ = type  │  steelsheet: ρ = SteelCoil,True,,2902,2907,0.99828001375989,10,0.6666666666666666,26.995184038527693,1,1.001722949689869,2,0.0017199862401100496,0.0,0.19513029199998755,1.3375920409998798,gspan,2907,26.995184038527693,78475,145,3,3,702,768.3333333333334,793,810,0.26430455223024885,0.27278981768145855,0.2786377708978328,0.25,726,2,0.6666666666666666
hinge_production_filtered,"(1, 1, 1, 2, 0, 2, 1, 4)",facility: ρ = type  │  femalepart: ρ = type  │  formedpart: ρ = p_masskg  │  hinge: ρ = p_masskg_band  │  hingepack: ρ = id  │  malepart: ρ = p_masskg_band  │  steelpin: ρ = type  │  steelsheet: ρ = type,True,,2902,2907,0.99828001375989,10,0.6666666666666666,26.995184038527693,1,1.001722949689869,2,0.0017199862401100496,0.0,0.19071466700000883,5.3933342910004285,gspan,2907,26.995184038527693,78475,145,19,19,163,293.42105263157896,196,747,0.10093603461698622,0.0674234606123151,0.25696594427244585,0.25,726,2,0.10526315789473684
hinge_production_filtered,"(1, 1, 1, 2, 0, 3, 1, 2)",facility: ρ = type  │  femalepart: ρ = type  │  formedpart: ρ = p_masskg  │  hinge: ρ = p_masskg_band  │  hingepack: ρ = id  │  malepart: ρ = type  │  steelpin: ρ = type  │  steelsheet: ρ = p_masskg_band,True,,2902,2907,0.99828001375989,11,0.7333333333333333,26.995184038527693,1,1.001722949689869,2,0.0017199862401100496,0.0,0.18187654100000827,13.166915709000023,gspan,2907,26.995184038527693,78475,145,49,49,163,324.6938775510204,193,2066,0.1116938003271484,0.06639146886824905,0.7106983144134847,0.25,726,5,0.10204081632653061
hinge_production_filtered,"(1, 1, 1, 2, 0, 3, 1, 3)",facility: ρ = type  │  femalepart: ρ = type  │  formedpart: ρ = p_masskg  │  hinge: ρ = p_masskg_band  │  hingepack: ρ = id  │  malepart: ρ = type  │  steelpin: ρ = type  │  steelsheet: ρ = SteelCoil,True,,2902,2907,0.99828001375989,10,0.6666666666666666,26.995184038527693,1,1.001722949689869,2,0.0017199862401100496,0.0,0.19245941699995228,2.0663966250003796,gspan,2907,26.995184038527693,78475,145,6,6,696,868.6666666666666,801.5,1367,0.29881894278179105,0.2757137942896457,0.4702442380460956,0.25,726,4,0.6666666666666666
hinge_production_filtered,"(1, 1, 1, 2, 1, 1, 1, 4)",facility: ρ = type  │  femalepart: ρ = type  │  formedpart: ρ = p_masskg  │  hinge: ρ = p_masskg_band  │  hingepack: ρ = type  │  malepart: ρ = p_masskg  │  steelpin: ρ = type  │  steelsheet: ρ = type,True,,2207,2907,0.7592019263845889,10,0.6666666666666666,26.995184038527693,1,1.31717263253285,7,0.24079807361541106,0.0,0.1909697499999652,44.63275737499953,gspan,2907,26.995184038527693,78475,145,15,15,163,189.13333333333333,189,207,0.06506134617589726,0.06501547987616099,0.07120743034055728,0.25,726,0,0.0
hinge_production_filtered,"(1, 1, 1, 2, 1, 2, 1, 2)",facility: ρ = type  │  femalepart: ρ = type  │  formedpart: ρ = p_masskg  │  hinge: ρ = p_masskg_band  │  hingepack: ρ = type  │  malepart: ρ = p_masskg_band  │  steelpin: ρ = type  │  steelsheet: ρ = p_masskg_band,True,,2207,2907,0.7592019263845889,11,0.7333333333333333,26.995184038527693,1,1.31717263253285,7,0.24079807361541106,0.0,0.1815223749999859,14.094933958999718,gspan,2907,26.995184038527693,78475,145,53,53,163,290.24528301886795,193,2066,0.09984357860986169,0.06639146886824905,0.7106983144134847,0.25,726,4,0.07547169811320754
hinge_production_filtered,"(1, 1, 1, 2, 1, 2, 1, 3)",facility: ρ = type  │  femalepart: ρ = type  │  formedpart: ρ = p_masskg  │  hinge: ρ = p_masskg_band  │  hingepack: ρ = type  │  malepart: ρ = p_masskg_band  │  steelpin: ρ = type  │  steelsheet: ρ = SteelCoil,True,,2729,2907,0.9387684898520812,10,0.6666666666666666,26.995184038527693,1,1.0652253572737267,3,0.06123151014791883,0.0,0.19420066700001826,3.144745458000216,gspan,2907,26.995184038527693,78475,145,11,11,163,550.1818181818181,594,810,0.18926103136629452,0.2043343653250774,0.2786377708978328,0.25,726,4,0.36363636363636365
hinge_production_filtered,"(1, 1, 1, 2, 1, 3, 1, 1)",facility: ρ = type  │  femalepart: ρ = type  │  formedpart: ρ = p_masskg  │  hinge: ρ = p_masskg_band  │  hingepack: ρ = type  │  malepart: ρ = type  │  steelpin: ρ = type  │  steelsheet: ρ = p_masskg,True,,2207,2907,0.7592019263845889,11,0.7333333333333333,26.995184038527693,1,1.31717263253285,7,0.24079807361541106,0.0,0.1733937089999813,14.402234166000198,gspan,2907,26.995184038527693,78475,145,58,58,156,274.5689655172414,189.0,1367,0.0944509685301828,0.06501547987616099,0.4702442380460956,0.25,726,3,0.05172413793103448
hinge_production_filtered,"(1, 1, 1, 3, 0, 1, 1, 4)",facility: ρ = type  │  femalepart: ρ = type  │  formedpart: ρ = p_masskg  │  hinge: ρ = type  │  hingepack: ρ = id  │  malepart: ρ = p_masskg  │  steelpin: ρ = type  │  steelsheet: ρ = type,True,,2902,2907,0.99828001375989,10,0.6666666666666666,26.995184038527693,1,1.001722949689869,2,0.0017199862401100496,0.0,0.18569708400002582,4.487327208999886,gspan,2907,26.995184038527693,78475,145,15,15,163,189.13333333333333,189,207,0.06506134617589726,0.06501547987616099,0.07120743034055728,0.25,726,0,0.0
hinge_production_filtered,"(1, 1, 1, 3, 0, 2, 1, 2)",facility: ρ = type  │  femalepart: ρ = type  │  formedpart: ρ = p_masskg  │  hinge: ρ = type  │  hingepack: ρ = id  │  malepart: ρ = p_masskg_band  │  steelpin: ρ = type  │  steelsheet: ρ = p_masskg_band,True,,2902,2907,0.99828001375989,11,0.7333333333333333,26.995184038527693,1,1.001722949689869,2,0.0017199862401100496,0.0,0.17683991699999524,13.294161959000121,gspan,2907,26.995184038527693,78475,145,49,49,163,322.6734693877551,193,2066,0.11099878547910393,0.06639146886824905,0.7106983144134847,0.25,726,6,0.12244897959183673
hinge_production_filtered,"(1, 1, 1, 3, 0, 2, 1, 3)",facility: ρ = type  │  femalepart: ρ = type  │  formedpart: ρ = p_masskg  │  hinge: ρ = type  │  hingepack: ρ = id  │  malepart: ρ = p_masskg_band  │  steelpin: ρ = type  │  steelsheet: ρ = SteelCoil,True,,2902,2907,0.99828001375989,10,0.6666666666666666,26.995184038527693,1,1.001722949689869,2,0.0017199862401100496,0.0,0.18987620799998695,41.57788170799995,gspan,2907,26.995184038527693,78475,145,6,6,702,948.1666666666666,829.0,1268,0.32616672399954133,0.2851737186102511,0.43618851049191604,0.25,726,5,0.8333333333333334
hinge_production_filtered,"(1, 1, 1, 3, 0, 3, 1, 1)",facility: ρ = type  │  femalepart: ρ = type  │  formedpart: ρ = p_masskg  │  hinge: ρ = type  │  hingepack: ρ = id  │  malepart: ρ = type  │  steelpin: ρ = type  │  steelsheet: ρ = p_masskg,True,,2902,2907,0.99828001375989,11,0.7333333333333333,26.995184038527693,1,1.001722949689869,2,0.0017199862401100496,0.0,0.16531741699998292,10.814044875000036,gspan,2907,26.995184038527693,78475,145,45,44,156,184.61363636363637,186.0,207,0.06350658285642806,0.06398348813209494,0.07120743034055728,0.25,726,0,0.0
hinge_production_filtered,"(1, 1, 1, 3, 1, 1, 1, 2)",facility: ρ = type  │  femalepart: ρ = type  │  formedpart: ρ = p_masskg  │  hinge: ρ = type  │  hingepack: ρ = type  │  malepart: ρ = p_masskg  │  steelpin: ρ = type  │  steelsheet: ρ = p_masskg_band,True,,1512,2907,0.5201238390092879,11,0.7333333333333333,26.995184038527693,1,1.9226190476190477,8,0.47987616099071206,0.0,0.17347024999997984,12.155112124999505,gspan,2907,26.995184038527693,78475,145,44,44,156,260.27272727272725,191.0,2066,0.08953310191700284,0.06570347437220503,0.7106983144134847,0.25,726,2,0.045454545454545456
hinge_production_filtered,"(1, 1, 1, 3, 1, 1, 1, 3)",facility: ρ = type  │  femalepart: ρ = type  │  formedpart: ρ = p_masskg  │  hinge: ρ = type  │  hingepack: ρ = type  │  malepart: ρ = p_masskg  │  steelpin: ρ = type  │  steelsheet: ρ = SteelCoil,True,,2464,2907,0.847609219126247,10,0.6666666666666666,26.995184038527693,1,1.1797889610389611,4,0.15239078087375302,0.0,0.18430291699996815,1.408162416999403,gspan,2907,26.995184038527693,78475,145,3,3,702,768.3333333333334,793,810,0.26430455223024885,0.27278981768145855,0.2786377708978328,0.25,726,2,0.6666666666666666
hinge_production_filtered,"(1, 1, 1, 3, 1, 2, 1, 1)",facility: ρ = type  │  femalepart: ρ = type  │  formedpart: ρ = p_masskg  │  hinge: ρ = type  │  hingepack: ρ = type  │  malepart: ρ = p_masskg_band  │  steelpin: ρ = type  │  steelsheet: ρ = p_masskg,True,,1512,2907,0.5201238390092879,11,0.7333333333333333,26.995184038527693,1,1.9226190476190477,8,0.47987616099071206,0.0,0.16819574999999531,12.305093584000133,gspan,2907,26.995184038527693,78475,145,51,51,156,289.7647058823529,189,1268,0.09967826139743823,0.06501547987616099,0.43618851049191604,0.25,726,7,0.13725490196078433
hinge_production_filtered,"(1, 1, 2, 1, 0, 2, 1, 4)",facility: ρ = type  │  femalepart: ρ = type  │  formedpart: ρ = p_masskg_band  │  hinge: ρ = p_masskg  │  hingepack: ρ = id  │  malepart: ρ = p_masskg_band  │  steelpin: ρ = type  │  steelsheet: ρ = type,True,,2848,2907,0.9797041623667011,10,0.6666666666666666,26.995184038527693,1,1.0207162921348314,2,0.020295837633298897,0.0,0.19792754100001275,3.31100858300033,gspan,2907,26.995184038527693,78475,145,10,10,787,1099.8,1268.0,1338,0.378328173374613,0.43618851049191604,0.4602683178534572,0.25,726,10,1.0
hinge_production_filtered,"(1, 1, 2, 1, 0, 3, 1, 2)",facility: ρ = type  │  femalepart: ρ = type  │  formedpart: ρ = p_masskg_band  │  hinge: ρ = p_masskg  │  hingepack: ρ = id  │  malepart: ρ = type  │  steelpin: ρ = type  │  steelsheet: ρ = p_masskg_band,True,,2856,2907,0.9824561403508771,11,0.7333333333333333,26.995184038527693,1,1.0178571428571428,2,0.01754385964912286,0.0,0.18401708300001474,6.593992709000304,gspan,2907,26.995184038527693,78475,145,24,24,156,965.5,1005.0,2066,0.33212934296525626,0.3457172342621259,0.7106983144134847,0.25,726,17,0.7083333333333334
hinge_production_filtered,"(1, 1, 2, 1, 0, 3, 1, 3)",facility: ρ = type  │  femalepart: ρ = type  │  formedpart: ρ = p_masskg_band  │  hinge: ρ = p_masskg  │  hingepack: ρ = id  │  malepart: ρ = type  │  steelpin: ρ = type  │  steelsheet: ρ = SteelCoil,True,,2849,2907,0.9800481596147231,10,0.6666666666666666,26.995184038527693,1,1.0203580203580203,2,0.019951840385276864,0.0,0.19763679099997944,46.94013570900006,gspan,2907,26.995184038527693,78475,145,28,28,310,567.8571428571429,368.0,1372,0.19534129441250186,0.12659098727210183,0.4719642242862057,0.25,726,8,0.2857142857142857
hinge_production_filtered,"(1, 1, 2, 1, 1, 1, 1, 4)",facility: ρ = type  │  femalepart: ρ = type  │  formedpart: ρ = p_masskg_band  │  hinge: ρ = p_masskg  │  hingepack: ρ = type  │  malepart: ρ = p_masskg  │  steelpin: ρ = type  │  steelsheet: ρ = type,True,,2902,2907,0.99828001375989,10,0.6666666666666666,26.995184038527693,1,1.001722949689869,2,0.0017199862401100496,0.0,0.19941274999996494,2.2221182499997667,gspan,2907,26.995184038527693,78475,145,6,6,787,1146.6666666666667,1297.0,1338,0.3944501777319115,0.4461644306845545,0.4602683178534572,0.25,726,6,1.0
hinge_production_filtered,"(1, 1, 2, 1, 1, 2, 1, 2)",facility: ρ = type  │  femalepart: ρ = type  │  formedpart: ρ = p_masskg_band  │  hinge: ρ = p_masskg  │  hingepack: ρ = type  │  malepart: ρ = p_masskg_band  │  steelpin: ρ = type  │  steelsheet: ρ = p_masskg_band,True,,2861,2907,0.9841761265909873,11,0.7333333333333333,26.995184038527693,1,1.0160782943026914,2,0.0158238734090127,0.0,0.18765058299999282,7.362800583000535,gspan,2907,26.995184038527693,78475,145,26,26,156,966.4230769230769,1005.0,2066,0.33244687888650737,0.3457172342621259,0.7106983144134847,0.25,726,19,0.7307692307692307
hinge_production_filtered,"(1, 1, 2, 1, 1, 2, 1, 3)",facility: ρ = type  │  femalepart: ρ = type  │  formedpart: ρ = p_masskg_band  │  hinge: ρ = p_masskg  │  hingepack: ρ = type  │  malepart: ρ = p_masskg_band  │  steelpin: ρ = type  │  steelsheet: ρ = SteelCoil,True,,2854,2907,0.9817681458548332,10,0.6666666666666666,26.995184038527693,1,1.0185704274702172,2,0.018231854145166815,0.0,0.19605583399999205,7.805291374999797,gspan,2907,26.995184038527693,78475,145,30,30,310,595.1666666666666,436.5,1297,0.20473569544776973,0.15015479876160992,0.4461644306845545,0.25,726,10,0.3333333333333333
hinge_production_filtered,"(1, 1, 2, 1, 1, 3, 1, 1)",facility: ρ = type  │  femalepart: ρ = type  │  formedpart: ρ = p_masskg_band  │  hinge: ρ = p_masskg  │  hingepack: ρ = type  │  malepart: ρ = type  │  steelpin: ρ = type  │  steelsheet: ρ = p_masskg,True,,2902,2907,0.99828001375989,11,0.7333333333333333,26.995184038527693,1,1.001722949689869,2,0.0017199862401100496,0.0,0.17731433400001606,11.213896624999506,gspan,2907,26.995184038527693,78475,145,48,48,156,306.0,189.0,1372,0.10526315789473684,0.06501547987616099,0.4719642242862057,0.25,726,8,0.16666666666666666
hinge_production_filtered,"(1, 1, 2, 2, 0, 1, 1, 4)",facility: ρ = type  │  femalepart: ρ = type  │  formedpart: ρ = p_masskg_band  │  hinge: ρ = p_masskg_band  │  hingepack: ρ = id  │  malepart: ρ = p_masskg  │  steelpin: ρ = type  │  steelsheet: ρ = type,True,,2815,2907,0.9683522531819746,10,0.6666666666666666,26.995184038527693,1,1.0326820603907638,3,0.0316477468180254,0.0,0.1957406249999849,2.116178082999795,gspan,2907,26.995184038527693,78475,145,6,6,787,1146.6666666666667,1297.0,1338,0.3944501777319115,0.4461644306845545,0.4602683178534572,0.25,726,6,1.0
hinge_production_filtered,"(1, 1, 2, 2, 0, 2, 1, 2)",facility: ρ = type  │  femalepart: ρ = type  │  formedpart: ρ = p_masskg_band  │  hinge: ρ = p_masskg_band  │  hingepack: ρ = id  │  malepart: ρ = p_masskg_band  │  steelpin: ρ = type  │  steelsheet: ρ = p_masskg_band,True,,2227,2907,0.7660818713450293,11,0.7333333333333333,26.995184038527693,1,1.3053435114503817,6,0.23391812865497075,0.0,0.21379516700000067,48.42252508300044,gspan,2907,26.995184038527693,78475,145,37,37,156,830.8918918918919,787,2066,0.28582452421461707,0.27072583419332646,0.7106983144134847,0.25,726,22,0.5945945945945946
hinge_production_filtered,"(1, 1, 2, 2, 0, 2, 1, 3)",facility: ρ = type  │  femalepart: ρ = type  │  formedpart: ρ = p_masskg_band  │  hinge: ρ = p_masskg_band  │  hingepack: ρ = id  │  malepart: ρ = p_masskg_band  │  steelpin: ρ = type  │  steelsheet: ρ = SteelCoil,True,,2154,2907,0.7409700722394221,10,0.6666666666666666,26.995184038527693,1,1.34958217270195,6,0.25902992776057787,0.0,0.1991858339999908,15.882133292000617,gspan,2907,26.995184038527693,78475,145,63,63,182,472.3333333333333,358,1297,0.16248136681573214,0.12315101479188166,0.4461644306845545,0.25,726,13,0.20634920634920634
hinge_production_filtered,"(1, 1, 2, 2, 0, 3, 1, 1)",facility: ρ = type  │  femalepart: ρ = type  │  formedpart: ρ = p_masskg_band  │  hinge: ρ = p_masskg_band  │  hingepack: ρ = id  │  malepart: ρ = type  │  steelpin: ρ = type  │  steelsheet: ρ = p_masskg,True,,2902,2907,0.99828001375989,11,0.7333333333333333,26.995184038527693,1,1.001722949689869,2,0.0017199862401100496,0.0,0.17343204099995546,11.487850583999716,gspan,2907,26.995184038527693,78475,145,48,48,156,383.4791666666667,189.0,1372,0.1319157780071093,0.06501547987616099,0.4719642242862057,0.25,726,11,0.22916666666666666
hinge_production_filtered,"(1, 1, 2, 2, 1, 1, 1, 2)",facility: ρ = type  │  femalepart: ρ = type  │  formedpart: ρ = p_masskg_band  │  hinge: ρ = p_masskg_band  │  hingepack: ρ = type  │  malepart: ρ = p_masskg  │  steelpin: ρ = type  │  steelsheet: ρ = p_masskg_band,True,,871,2907,0.2996216030271758,11,0.7333333333333333,26.995184038527693,1,3.3375430539609643,29,0.7003783969728242,0.0,0.1842516250000017,4.684048457999779,gspan,2907,26.995184038527693,78475,145,17,17,156,1151.0588235294117,1297,2066,0.3959610676055768,0.4461644306845545,0.7106983144134847,0.25,726,14,0.8235294117647058
hinge_production_filtered,"(1, 1, 2, 2, 1, 1, 1, 3)",facility: ρ = type  │  femalepart: ρ = type  │  formedpart: ρ = p_masskg_band  │  hinge: ρ = p_masskg_band  │  hingepack: ρ = type  │  malepart: ρ = p_masskg  │  steelpin: ρ = type  │  steelsheet: ρ = SteelCoil,True,,1673,2907,0.5755073959408324,10,0.6666666666666666,26.995184038527693,1,1.7375971309025702,11,0.42449260405916756,0.0,0.19881945800000267,6.567796291000377,gspan,2907,26.995184038527693,78475,145,26,26,310,528.3461538461538,363.0,1297,0.1817496229260935,0.12487100103199174,0.4461644306845545,0.25,726,6,0.23076923076923078
hinge_production_filtered,"(1, 1, 2, 2, 1, 2, 1, 1)",facility: ρ = type  │  femalepart: ρ = type  │  formedpart: ρ = p_masskg_band  │  hinge: ρ = p_masskg_band  │  hingepack: ρ = type  │  malepart: ρ = p_masskg_band  │  steelpin: ρ = type  │  steelsheet: ρ = p_masskg,True,,2207,2907,0.7592019263845889,11,0.7333333333333333,26.995184038527693,1,1.31717263253285,7,0.24079807361541106,0.0,0.17705529099998785,15.52728662499976,gspan,2907,26.995184038527693,78475,145,65,65,148,352.15384615384613,189,1297,0.12113995395729141,0.06501547987616099,0.4461644306845545,0.25,726,13,0.2
hinge_production_filtered,"(1, 1, 2, 3, 0, 1, 1, 2)",facility: ρ = type  │  femalepart: ρ = type  │  formedpart: ρ = p_masskg_band  │  hinge: ρ = type  │  hingepack: ρ = id  │  malepart: ρ = p_masskg  │  steelpin: ρ = type  │  steelsheet: ρ = p_masskg_band,True,,2803,2907,0.9642242862057103,11,0.7333333333333333,26.995184038527693,1,1.0371031038173386,3,0.035775713794289676,0.0,0.18519929199999297,44.093219375000444,gspan,2907,26.995184038527693,78475,145,17,17,156,1151.0588235294117,1297,2066,0.3959610676055768,0.4461644306845545,0.7106983144134847,0.25,726,14,0.8235294117647058
hinge_production_filtered,"(1, 1, 2, 3, 0, 1, 1, 3)",facility: ρ = type  │  femalepart: ρ = type  │  formedpart: ρ = p_masskg_band  │  hinge: ρ = type  │  hingepack: ρ = id  │  malepart: ρ = p_masskg  │  steelpin: ρ = type  │  steelsheet: ρ = SteelCoil,True,,2806,2907,0.9652562779497764,10,0.6666666666666666,26.995184038527693,1,1.0359942979330008,3,0.03474372205022358,0.0,0.19711216700000023,6.681125625000277,gspan,2907,26.995184038527693,78475,145,26,26,310,528.3461538461538,363.0,1297,0.1817496229260935,0.12487100103199174,0.4461644306845545,0.25,726,6,0.23076923076923078
hinge_production_filtered,"(1, 1, 2, 3, 0, 2, 1, 1)",facility: ρ = type  │  femalepart: ρ = type  │  formedpart: ρ = p_masskg_band  │  hinge: ρ = type  │  hingepack: ρ = id  │  malepart: ρ = p_masskg_band  │  steelpin: ρ = type  │  steelsheet: ρ = p_masskg,True,,2902,2907,0.99828001375989,11,0.7333333333333333,26.995184038527693,1,1.001722949689869,2,0.0017199862401100496,0.0,0.1731330000000071,13.624876957999732,gspan,2907,26.995184038527693,78475,145,57,57,156,412.0175438596491,190,1297,0.1417329012245095,0.06535947712418301,0.4461644306845545,0.25,726,16,0.2807017543859649
hinge_production_filtered,"(1, 1, 2, 3, 1, 1, 1, 1)",facility: ρ = type  │  femalepart: ρ = type  │  formedpart: ρ = p_masskg_band  │  hinge: ρ = type  │  hingepack: ρ = type  │  malepart: ρ = p_masskg  │  steelpin: ρ = type  │  steelsheet: ρ = p_masskg,True,,1512,2907,0.5201238390092879,11,0.7333333333333333,26.995184038527693,1,1.9226190476190477,8,0.47987616099071206,0.0,0.17376174999998284,10.820848333999493,gspan,2907,26.995184038527693,78475,145,46,46,156,260.3695652173913,189.0,1297,0.08956641390347138,0.06501547987616099,0.4461644306845545,0.25,726,5,0.10869565217391304
hinge_production_filtered,"(1, 1, 3, 1, 0, 1, 1, 4)",facility: ρ = type  │  femalepart: ρ = type  │  formedpart: ρ = type  │  hinge: ρ = p_masskg  │  hingepack: ρ = id  │  malepart: ρ = p_masskg  │  steelpin: ρ = type  │  steelsheet: ρ = type,True,,2902,2907,0.99828001375989,10,0.6666666666666666,26.995184038527693,1,1.001722949689869,2,0.0017199862401100496,0.0,0.21402162499998667,1.4800760420002916,gspan,2907,26.995184038527693,78475,145,3,0,0,0.0,0.0,0,0.0,0.0,0.0,0.25,726,0,0.0
hinge_production_filtered,"(1, 1, 3, 1, 0, 2, 1, 2)",facility: ρ = type  │  femalepart: ρ = type  │  formedpart: ρ = type  │  hinge: ρ = p_masskg  │  hingepack: ρ = id  │  malepart: ρ = p_masskg_band  │  steelpin: ρ = type  │  steelsheet: ρ = p_masskg_band,True,,2855,2907,0.9821121431028552,11,0.7333333333333333,26.995184038527693,1,1.018213660245184,2,0.017887856897144783,0.0,0.19296279199994615,3.127770915999463,gspan,2907,26.995184038527693,78475,145,11,10,1187,1661.8,1495.0,2066,0.5716546267629858,0.5142758857929136,0.7106983144134847,0.25,726,10,1.0
hinge_production_filtered,"(1, 1, 3, 1, 0, 2, 1, 3)",facility: ρ = type  │  femalepart: ρ = type  │  formedpart: ρ = type  │  hinge: ρ = p_masskg  │  hingepack: ρ = id  │  malepart: ρ = p_masskg_band  │  steelpin: ρ = type  │  steelsheet: ρ = SteelCoil,True,,2821,2907,0.9704162366701067,10,0.6666666666666666,26.995184038527693,1,1.0304856433888692,2,0.02958376332989332,0.0,0.20952808399999867,3.1181388750001133,gspan,2907,26.995184038527693,78475,145,11,10,702,773.9,793.0,810,0.26621947024423803,0.27278981768145855,0.2786377708978328,0.25,726,8,0.8
hinge_production_filtered,"(1, 1, 3, 1, 0, 3, 1, 1)",facility: ρ = type  │  femalepart: ρ = type  │  formedpart: ρ = type  │  hinge: ρ = p_masskg  │  hingepack: ρ = id  │  malepart: ρ = type  │  steelpin: ρ = type  │  steelsheet: ρ = p_masskg,True,,2902,2907,0.99828001375989,11,0.7333333333333333,26.995184038527693,1,1.001722949689869,2,0.0017199862401100496,0.0,9.831518915999993,47.84295070799999,gspan,2907,26.995184038527693,78475,145,28,24,156,182.875,183.5,207,0.06290849673202614,0.0631234950120399,0.07120743034055728,0.25,726,0,0.0
hinge_production_filtered,"(1, 1, 3, 1, 1, 1, 1, 2)",facility: ρ = type  │  femalepart: ρ = type  │  formedpart: ρ = type  │  hinge: ρ = p_masskg  │  hingepack: ρ = type  │  malepart: ρ = p_masskg  │  steelpin: ρ = type  │  steelsheet: ρ = p_masskg_band,True,,2902,2907,0.99828001375989,11,0.7333333333333333,26.995184038527693,1,1.001722949689869,2,0.0017199862401100496,0.0,0.19821350000000848,3.064862209000239,gspan,2907,26.995184038527693,78475,145,11,10,1187,1661.8,1495.0,2066,0.5716546267629858,0.5142758857929136,0.7106983144134847,0.25,726,10,1.0
hinge_production_filtered,"(1, 1, 3, 1, 1, 1, 1, 3)",facility: ρ = type  │  femalepart: ρ = type  │  formedpart: ρ = type  │  hinge: ρ = p_masskg  │  hingepack: ρ = type  │  malepart: ρ = p_masskg  │  steelpin: ρ = type  │  steelsheet: ρ = SteelCoil,True,,2902,2907,0.99828001375989,10,0.6666666666666666,26.995184038527693,1,1.001722949689869,2,0.0017199862401100496,0.0,0.20917504200002668,2.908694167000249,gspan,2907,26.995184038527693,78475,145,10,9,702,769.8888888888889,793,810,0.26483965906050533,0.27278981768145855,0.2786377708978328,0.25,726,7,0.7777777777777778
hinge_production_filtered,"(1, 1, 3, 1, 1, 2, 1, 1)",facility: ρ = type  │  femalepart: ρ = type  │  formedpart: ρ = type  │  hinge: ρ = p_masskg  │  hingepack: ρ = type  │  malepart: ρ = p_masskg_band  │  steelpin: ρ = type  │  steelsheet: ρ = p_masskg,True,,2902,2907,0.99828001375989,11,0.7333333333333333,26.995184038527693,1,1.001722949689869,2,0.0017199862401100496,0.0,0.1843807910000237,8.192424124999889,gspan,2907,26.995184038527693,78475,145,32,29,156,322.58620689655174,189,1268,0.11096876742227442,0.06501547987616099,0.43618851049191604,0.25,726,5,0.1724137931034483
hinge_production_filtered,"(1, 1, 3, 2, 0, 1, 1, 2)",facility: ρ = type  │  femalepart: ρ = type  │  formedpart: ρ = type  │  hinge: ρ = p_masskg_band  │  hingepack: ρ = id  │  malepart: ρ = p_masskg  │  steelpin: ρ = type  │  steelsheet: ρ = p_masskg_band,True,,2816,2907,0.9686962504299965,11,0.7333333333333333,26.995184038527693,1,1.0323153409090908,3,0.03130374957000348,0.0,0.19058604200000673,3.0459372089999306,gspan,2907,26.995184038527693,78475,145,11,10,1187,1661.8,1495.0,2066,0.5716546267629858,0.5142758857929136,0.7106983144134847,0.25,726,10,1.0
hinge_production_filtered,"(1, 1, 3, 2, 0, 1, 1, 3)",facility: ρ = type  │  femalepart: ρ = type  │  formedpart: ρ = type  │  hinge: ρ = p_masskg_band  │  hingepack: ρ = id  │  malepart: ρ = p_masskg  │  steelpin: ρ = type  │  steelsheet: ρ = SteelCoil,True,,2768,2907,0.9521843825249398,10,0.6666666666666666,26.995184038527693,1,1.0502167630057804,3,0.047815617475060246,0.0,0.20572025000001304,3.0455491250004343,gspan,2907,26.995184038527693,78475,145,11,10,702,773.9,793.0,810,0.26621947024423803,0.27278981768145855,0.2786377708978328,0.25,726,8,0.8
hinge_production_filtered,"(1, 1, 3, 2, 0, 2, 1, 1)",facility: ρ = type  │  femalepart: ρ = type  │  formedpart: ρ = type  │  hinge: ρ = p_masskg_band  │  hingepack: ρ = id  │  malepart: ρ = p_masskg_band  │  steelpin: ρ = type  │  steelsheet: ρ = p_masskg,True,,2902,2907,0.99828001375989,11,0.7333333333333333,26.995184038527693,1,1.001722949689869,2,0.0017199862401100496,0.0,0.17808145899999772,53.17907891699997,gspan,2907,26.995184038527693,78475,145,49,46,156,416.32608695652175,260.5,1268,0.14321502819281795,0.08961128310973512,0.43618851049191604,0.25,726,10,0.21739130434782608
hinge_production_filtered,"(1, 1, 3, 2, 1, 1, 1, 1)",facility: ρ = type  │  femalepart: ρ = type  │  formedpart: ρ = type  │  hinge: ρ = p_masskg_band  │  hingepack: ρ = type  │  malepart: ρ = p_masskg  │  steelpin: ρ = type  │  steelsheet: ρ = p_masskg,True,,2207,2907,0.7592019263845889,11,0.7333333333333333,26.995184038527693,1,1.31717263253285,7,0.24079807361541106,0.0,0.17667616599999292,7.131912708000527,gspan,2907,26.995184038527693,78475,145,27,24,156,182.875,183.5,207,0.06290849673202614,0.0631234950120399,0.07120743034055728,0.25,726,0,0.0
hinge_production_filtered,"(1, 1, 3, 3, 0, 1, 1, 1)",facility: ρ = type  │  femalepart: ρ = type  │  formedpart: ρ = type  │  hinge: ρ = type  │  hingepack: ρ = id  │  malepart: ρ = p_masskg  │  steelpin: ρ = type  │  steelsheet: ρ = p_masskg,True,,2902,2907,0.99828001375989,11,0.7333333333333333,26.995184038527693,1,1.001722949689869,2,0.0017199862401100496,0.0,0.1766486250000412,6.808847667000009,gspan,2907,26.995184038527693,78475,145,27,24,156,182.875,183.5,207,0.06290849673202614,0.0631234950120399,0.07120743034055728,0.25,726,0,0.0
hinge_production_filtered,"(0, 1, 1, 1, 0, 3, 1, 4)",facility: ρ = id  │  femalepart: ρ = type  │  formedpart: ρ = p_masskg  │  hinge: ρ = p_masskg  │  hingepack: ρ = id  │  malepart: ρ = type  │  steelpin: ρ = type  │  steelsheet: ρ = type,True,,2902,2907,0.99828001375989,9,0.6,26.995184038527693,1,1.001722949689869,2,0.0017199862401100496,0.0,0.1953965000000153,4.48417283300023,gspan,2907,26.995184038527693,78475,145,14,14,177,191.0,191.0,207,0.06570347437220503,0.06570347437220503,0.07120743034055728,0.25,726,0,0.0
hinge_production_filtered,"(0, 1, 1, 1, 1, 2, 1, 4)",facility: ρ = id  │  femalepart: ρ = type  │  formedpart: ρ = p_masskg  │  hinge: ρ = p_masskg  │  hingepack: ρ = type  │  malepart: ρ = p_masskg_band  │  steelpin: ρ = type  │  steelsheet: ρ = type,True,,2902,2907,0.99828001375989,9,0.6,26.995184038527693,1,1.001722949689869,2,0.0017199862401100496,0.0,0.19071737499996289,4.36140875000001,gspan,2907,26.995184038527693,78475,145,14,14,177,191.0,191.0,207,0.06570347437220503,0.06570347437220503,0.07120743034055728,0.25,726,0,0.0
hinge_production_filtered,"(0, 1, 1, 1, 1, 3, 1, 2)",facility: ρ = id  │  femalepart: ρ = type  │  formedpart: ρ = p_masskg  │  hinge: ρ = p_masskg  │  hingepack: ρ = type  │  malepart: ρ = type  │  steelpin: ρ = type  │  steelsheet: ρ = p_masskg_band,True,,2902,2907,0.99828001375989,10,0.6666666666666666,26.995184038527693,1,1.001722949689869,2,0.0017199862401100496,0.0,0.1887280409999903,11.505504834000021,gspan,2907,26.995184038527693,78475,145,41,41,156,265.9512195121951,189,2066,0.09148648762029415,0.06501547987616099,0.7106983144134847,0.25,726,2,0.04878048780487805
hinge_production_filtered,"(0, 1, 1, 1, 1, 3, 1, 3)",facility: ρ = id  │  femalepart: ρ = type  │  formedpart: ρ = p_masskg  │  hinge: ρ = p_masskg  │  hingepack: ρ = type  │  malepart: ρ = type  │  steelpin: ρ = type  │  steelsheet: ρ = SteelCoil,True,,2902,2907,0.99828001375989,9,0.6,26.995184038527693,1,1.001722949689869,2,0.0017199862401100496,0.0,0.1982193339999867,1.311958666999999,gspan,2907,26.995184038527693,78475,145,3,3,702,768.3333333333334,793,810,0.26430455223024885,0.27278981768145855,0.2786377708978328,0.25,726,2,0.6666666666666666
hinge_production_filtered,"(0, 1, 1, 2, 0, 2, 1, 4)",facility: ρ = id  │  femalepart: ρ = type  │  formedpart: ρ = p_masskg  │  hinge: ρ = p_masskg_band  │  hingepack: ρ = id  │  malepart: ρ = p_masskg_band  │  steelpin: ρ = type  │  steelsheet: ρ = type,True,,2902,2907,0.99828001375989,9,0.6,26.995184038527693,1,1.001722949689869,2,0.0017199862401100496,0.0,0.1918141670000182,46.28036470799998,gspan,2907,26.995184038527693,78475,145,19,19,163,293.42105263157896,196,747,0.10093603461698622,0.0674234606123151,0.25696594427244585,0.25,726,2,0.10526315789473684
hinge_production_filtered,"(0, 1, 1, 2, 0, 3, 1, 2)",facility: ρ = id  │  femalepart: ρ = type  │  formedpart: ρ = p_masskg  │  hinge: ρ = p_masskg_band  │  hingepack: ρ = id  │  malepart: ρ = type  │  steelpin: ρ = type  │  steelsheet: ρ = p_masskg_band,True,,2902,2907,0.99828001375989,10,0.6666666666666666,26.995184038527693,1,1.001722949689869,2,0.0017199862401100496,0.0,0.17660354100001996,13.366262624999763,gspan,2907,26.995184038527693,78475,145,49,49,163,324.6938775510204,193,2066,0.1116938003271484,0.06639146886824905,0.7106983144134847,0.25,726,5,0.10204081632653061
hinge_production_filtered,"(0, 1, 1, 2, 0, 3, 1, 3)",facility: ρ = id  │  femalepart: ρ = type  │  formedpart: ρ = p_masskg  │  hinge: ρ = p_masskg_band  │  hingepack: ρ = id  │  malepart: ρ = type  │  steelpin: ρ = type  │  steelsheet: ρ = SteelCoil,True,,2902,2907,0.99828001375989,9,0.6,26.995184038527693,1,1.001722949689869,2,0.0017199862401100496,0.0,12.590719999999976,2.0834482500004015,gspan,2907,26.995184038527693,78475,145,6,6,696,868.6666666666666,801.5,1367,0.29881894278179105,0.2757137942896457,0.4702442380460956,0.25,726,4,0.6666666666666666
hinge_production_filtered,"(0, 1, 1, 2, 1, 1, 1, 4)",facility: ρ = id  │  femalepart: ρ = type  │  formedpart: ρ = p_masskg  │  hinge: ρ = p_masskg_band  │  hingepack: ρ = type  │  malepart: ρ = p_masskg  │  steelpin: ρ = type  │  steelsheet: ρ = type,True,,2207,2907,0.7592019263845889,9,0.6,26.995184038527693,1,1.31717263253285,7,0.24079807361541106,0.0,0.20069570800001202,4.504841457999646,gspan,2907,26.995184038527693,78475,145,15,15,163,189.13333333333333,189,207,0.06506134617589726,0.06501547987616099,0.07120743034055728,0.25,726,0,0.0
hinge_production_filtered,"(0, 1, 1, 2, 1, 2, 1, 2)",facility: ρ = id  │  femalepart: ρ = type  │  formedpart: ρ = p_masskg  │  hinge: ρ = p_masskg_band  │  hingepack: ρ = type  │  malepart: ρ = p_masskg_band  │  steelpin: ρ = type  │  steelsheet: ρ = p_masskg_band,True,,2207,2907,0.7592019263845889,10,0.6666666666666666,26.995184038527693,1,1.31717263253285,7,0.24079807361541106,0.0,0.18241766699998152,14.244861707999917,gspan,2907,26.995184038527693,78475,145,53,53,163,290.24528301886795,193,2066,0.09984357860986169,0.06639146886824905,0.7106983144134847,0.25,726,4,0.07547169811320754
hinge_production_filtered,"(0, 1, 1, 2, 1, 2, 1, 3)",facility: ρ = id  │  femalepart: ρ = type  │  formedpart: ρ = p_masskg  │  hinge: ρ = p_masskg_band  │  hingepack: ρ = type  │  malepart: ρ = p_masskg_band  │  steelpin: ρ = type  │  steelsheet: ρ = SteelCoil,True,,2729,2907,0.9387684898520812,9,0.6,26.995184038527693,1,1.0652253572737267,3,0.06123151014791883,0.0,0.19592574999995804,3.304141874999914,gspan,2907,26.995184038527693,78475,145,11,11,163,550.1818181818181,594,810,0.18926103136629452,0.2043343653250774,0.2786377708978328,0.25,726,4,0.36363636363636365
hinge_production_filtered,"(0, 1, 1, 2, 1, 3, 1, 1)",facility: ρ = id  │  femalepart: ρ = type  │  formedpart: ρ = p_masskg  │  hinge: ρ = p_masskg_band  │  hingepack: ρ = type  │  malepart: ρ = type  │  steelpin: ρ = type  │  steelsheet: ρ = p_masskg,True,,2207,2907,0.7592019263845889,10,0.6666666666666666,26.995184038527693,1,1.31717263253285,7,0.24079807361541106,0.0,0.16687112500000012,54.61484187499991,gspan,2907,26.995184038527693,78475,145,58,58,156,274.5689655172414,189.0,1367,0.0944509685301828,0.06501547987616099,0.4702442380460956,0.25,726,3,0.05172413793103448
hinge_production_filtered,"(0, 1, 1, 3, 0, 1, 1, 4)",facility: ρ = id  │  femalepart: ρ = type  │  formedpart: ρ = p_masskg  │  hinge: ρ = type  │  hingepack: ρ = id  │  malepart: ρ = p_masskg  │  steelpin: ρ = type  │  steelsheet: ρ = type,True,,2902,2907,0.99828001375989,9,0.6,26.995184038527693,1,1.001722949689869,2,0.0017199862401100496,0.0,0.1911290000000463,4.564453959000275,gspan,2907,26.995184038527693,78475,145,15,15,163,189.13333333333333,189,207,0.06506134617589726,0.06501547987616099,0.07120743034055728,0.25,726,0,0.0
hinge_production_filtered,"(0, 1, 1, 3, 0, 2, 1, 2)",facility: ρ = id  │  femalepart: ρ = type  │  formedpart: ρ = p_masskg  │  hinge: ρ = type  │  hingepack: ρ = id  │  malepart: ρ = p_masskg_band  │  steelpin: ρ = type  │  steelsheet: ρ = p_masskg_band,True,,2902,2907,0.99828001375989,10,0.6666666666666666,26.995184038527693,1,1.001722949689869,2,0.0017199862401100496,0.0,0.18095279099998152,13.31270562500049,gspan,2907,26.995184038527693,78475,145,49,49,163,322.6734693877551,193,2066,0.11099878547910393,0.06639146886824905,0.7106983144134847,0.25,726,6,0.12244897959183673
hinge_production_filtered,"(0, 1, 1, 3, 0, 2, 1, 3)",facility: ρ = id  │  femalepart: ρ = type  │  formedpart: ρ = p_masskg  │  hinge: ρ = type  │  hingepack: ρ = id  │  malepart: ρ = p_masskg_band  │  steelpin: ρ = type  │  steelsheet: ρ = SteelCoil,True,,2902,2907,0.99828001375989,9,0.6,26.995184038527693,1,1.001722949689869,2,0.0017199862401100496,0.0,0.19042737500001294,2.0334154160000253,gspan,2907,26.995184038527693,78475,145,6,6,702,948.1666666666666,829.0,1268,0.32616672399954133,0.2851737186102511,0.43618851049191604,0.25,726,5,0.8333333333333334
hinge_production_filtered,"(0, 1, 1, 3, 0, 3, 1, 1)",facility: ρ = id  │  femalepart: ρ = type  │  formedpart: ρ = p_masskg  │  hinge: ρ = type  │  hingepack: ρ = id  │  malepart: ρ = type  │  steelpin: ρ = type  │  steelsheet: ρ = p_masskg,True,,2902,2907,0.99828001375989,10,0.6666666666666666,26.995184038527693,1,1.001722949689869,2,0.0017199862401100496,0.0,0.16376708300003884,11.271744291999312,gspan,2907,26.995184038527693,78475,145,45,44,156,184.61363636363637,186.0,207,0.06350658285642806,0.06398348813209494,0.07120743034055728,0.25,726,0,0.0
hinge_production_filtered,"(0, 1, 1, 3, 1, 1, 1, 2)",facility: ρ = id  │  femalepart: ρ = type  │  formedpart: ρ = p_masskg  │  hinge: ρ = type  │  hingepack: ρ = type  │  malepart: ρ = p_masskg  │  steelpin: ρ = type  │  steelsheet: ρ = p_masskg_band,True,,1512,2907,0.5201238390092879,10,0.6666666666666666,26.995184038527693,1,1.9226190476190477,8,0.47987616099071206,0.0,0.18185529200002293,14.087317665999763,gspan,2907,26.995184038527693,78475,145,44,44,156,260.27272727272725,191.0,2066,0.08953310191700284,0.06570347437220503,0.7106983144134847,0.25,726,2,0.045454545454545456
hinge_production_filtered,"(0, 1, 1, 3, 1, 1, 1, 3)",facility: ρ = id  │  femalepart: ρ = type  │  formedpart: ρ = p_masskg  │  hinge: ρ = type  │  hingepack: ρ = type  │  malepart: ρ = p_masskg  │  steelpin: ρ = type  │  steelsheet: ρ = SteelCoil,True,,2464,2907,0.847609219126247,9,0.6,26.995184038527693,1,1.1797889610389611,4,0.15239078087375302,0.0,0.1873649579999892,1.5129238750005243,gspan,2907,26.995184038527693,78475,145,3,3,702,768.3333333333334,793,810,0.26430455223024885,0.27278981768145855,0.2786377708978328,0.25,726,2,0.6666666666666666
hinge_production_filtered,"(0, 1, 1, 3, 1, 2, 1, 1)",facility: ρ = id  │  femalepart: ρ = type  │  formedpart: ρ = p_masskg  │  hinge: ρ = type  │  hingepack: ρ = type  │  malepart: ρ = p_masskg_band  │  steelpin: ρ = type  │  steelsheet: ρ = p_masskg,True,,1512,2907,0.5201238390092879,10,0.6666666666666666,26.995184038527693,1,1.9226190476190477,8,0.47987616099071206,0.0,0.1657452499999863,55.33302054199976,gspan,2907,26.995184038527693,78475,145,51,51,156,289.7647058823529,189,1268,0.09967826139743823,0.06501547987616099,0.43618851049191604,0.25,726,7,0.13725490196078433
hinge_production_filtered,"(0, 1, 2, 1, 0, 2, 1, 4)",facility: ρ = id  │  femalepart: ρ = type  │  formedpart: ρ = p_masskg_band  │  hinge: ρ = p_masskg  │  hingepack: ρ = id  │  malepart: ρ = p_masskg_band  │  steelpin: ρ = type  │  steelsheet: ρ = type,True,,2848,2907,0.9797041623667011,9,0.6,26.995184038527693,1,1.0207162921348314,2,0.020295837633298897,0.0,0.20524695900002143,3.381390499999725,gspan,2907,26.995184038527693,78475,145,10,10,787,1099.8,1268.0,1338,0.378328173374613,0.43618851049191604,0.4602683178534572,0.25,726,10,1.0
hinge_production_filtered,"(0, 1, 2, 1, 0, 3, 1, 2)",facility: ρ = id  │  femalepart: ρ = type  │  formedpart: ρ = p_masskg_band  │  hinge: ρ = p_masskg  │  hingepack: ρ = id  │  malepart: ρ = type  │  steelpin: ρ = type  │  steelsheet: ρ = p_masskg_band,True,,2856,2907,0.9824561403508771,10,0.6666666666666666,26.995184038527693,1,1.0178571428571428,2,0.01754385964912286,0.0,0.19277825000000348,7.172283875000176,gspan,2907,26.995184038527693,78475,145,24,24,156,965.5,1005.0,2066,0.33212934296525626,0.3457172342621259,0.7106983144134847,0.25,726,17,0.7083333333333334
hinge_production_filtered,"(0, 1, 2, 1, 0, 3, 1, 3)",facility: ρ = id  │  femalepart: ρ = type  │  formedpart: ρ = p_masskg_band  │  hinge: ρ = p_masskg  │  hingepack: ρ = id  │  malepart: ρ = type  │  steelpin: ρ = type  │  steelsheet: ρ = SteelCoil,True,,2849,2907,0.9800481596147231,9,0.6,26.995184038527693,1,1.0203580203580203,2,0.019951840385276864,0.0,0.20726400000000922,7.690337790999365,gspan,2907,26.995184038527693,78475,145,28,28,310,567.8571428571429,368.0,1372,0.19534129441250186,0.12659098727210183,0.4719642242862057,0.25,726,8,0.2857142857142857
hinge_production_filtered,"(0, 1, 2, 1, 1, 1, 1, 4)",facility: ρ = id  │  femalepart: ρ = type  │  formedpart: ρ = p_masskg_band  │  hinge: ρ = p_masskg  │  hingepack: ρ = type  │  malepart: ρ = p_masskg  │  steelpin: ρ = type  │  steelsheet: ρ = type,True,,2902,2907,0.99828001375989,9,0.6,26.995184038527693,1,1.001722949689869,2,0.0017199862401100496,0.0,0.20037795899997946,2.229700292000416,gspan,2907,26.995184038527693,78475,145,6,6,787,1146.6666666666667,1297.0,1338,0.3944501777319115,0.4461644306845545,0.4602683178534572,0.25,726,6,1.0
hinge_production_filtered,"(0, 1, 2, 1, 1, 2, 1, 2)",facility: ρ = id  │  femalepart: ρ = type  │  formedpart: ρ = p_masskg_band  │  hinge: ρ = p_masskg  │  hingepack: ρ = type  │  malepart: ρ = p_masskg_band  │  steelpin: ρ = type  │  steelsheet: ρ = p_masskg_band,True,,2861,2907,0.9841761265909873,10,0.6666666666666666,26.995184038527693,1,1.0160782943026914,2,0.0158238734090127,0.0,0.23130720799997562,7.503302999999505,gspan,2907,26.995184038527693,78475,145,26,26,156,966.4230769230769,1005.0,2066,0.33244687888650737,0.3457172342621259,0.7106983144134847,0.25,726,19,0.7307692307692307
hinge_production_filtered,"(0, 1, 2, 1, 1, 2, 1, 3)",facility: ρ = id  │  femalepart: ρ = type  │  formedpart: ρ = p_masskg_band  │  hinge: ρ = p_masskg  │  hingepack: ρ = type  │  malepart: ρ = p_masskg_band  │  steelpin: ρ = type  │  steelsheet: ρ = SteelCoil,True,,2854,2907,0.9817681458548332,9,0.6,26.995184038527693,1,1.0185704274702172,2,0.018231854145166815,0.0,0.2216427079999903,48.73937150000074,gspan,2907,26.995184038527693,78475,145,30,30,310,595.1666666666666,436.5,1297,0.20473569544776973,0.15015479876160992,0.4461644306845545,0.25,726,10,0.3333333333333333
hinge_production_filtered,"(0, 1, 2, 1, 1, 3, 1, 1)",facility: ρ = id  │  femalepart: ρ = type  │  formedpart: ρ = p_masskg_band  │  hinge: ρ = p_masskg  │  hingepack: ρ = type  │  malepart: ρ = type  │  steelpin: ρ = type  │  steelsheet: ρ = p_masskg,True,,2902,2907,0.99828001375989,10,0.6666666666666666,26.995184038527693,1,1.001722949689869,2,0.0017199862401100496,0.0,0.18180966700003864,11.6771597500001,gspan,2907,26.995184038527693,78475,145,48,48,156,306.0,189.0,1372,0.10526315789473684,0.06501547987616099,0.4719642242862057,0.25,726,8,0.16666666666666666
hinge_production_filtered,"(0, 1, 2, 2, 0, 1, 1, 4)",facility: ρ = id  │  femalepart: ρ = type  │  formedpart: ρ = p_masskg_band  │  hinge: ρ = p_masskg_band  │  hingepack: ρ = id  │  malepart: ρ = p_masskg  │  steelpin: ρ = type  │  steelsheet: ρ = type,True,,2815,2907,0.9683522531819746,9,0.6,26.995184038527693,1,1.0326820603907638,3,0.0316477468180254,0.0,0.20251479199998812,2.1742611250001573,gspan,2907,26.995184038527693,78475,145,6,6,787,1146.6666666666667,1297.0,1338,0.3944501777319115,0.4461644306845545,0.4602683178534572,0.25,726,6,1.0
hinge_production_filtered,"(0, 1, 2, 2, 0, 2, 1, 2)",facility: ρ = id  │  femalepart: ρ = type  │  formedpart: ρ = p_masskg_band  │  hinge: ρ = p_masskg_band  │  hingepack: ρ = id  │  malepart: ρ = p_masskg_band  │  steelpin: ρ = type  │  steelsheet: ρ = p_masskg_band,True,,2227,2907,0.7660818713450293,10,0.6666666666666666,26.995184038527693,1,1.3053435114503817,6,0.23391812865497075,0.0,0.19305341599999792,10.346237167000254,gspan,2907,26.995184038527693,78475,145,37,37,156,830.8918918918919,787,2066,0.28582452421461707,0.27072583419332646,0.7106983144134847,0.25,726,22,0.5945945945945946
hinge_production_filtered,"(0, 1, 2, 2, 0, 2, 1, 3)",facility: ρ = id  │  femalepart: ρ = type  │  formedpart: ρ = p_masskg_band  │  hinge: ρ = p_masskg_band  │  hingepack: ρ = id  │  malepart: ρ = p_masskg_band  │  steelpin: ρ = type  │  steelsheet: ρ = SteelCoil,True,,2154,2907,0.7409700722394221,9,0.6,26.995184038527693,1,1.34958217270195,6,0.25902992776057787,0.0,0.20444837499996993,17.030096749999757,gspan,2907,26.995184038527693,78475,145,63,63,182,472.3333333333333,358,1297,0.16248136681573214,0.12315101479188166,0.4461644306845545,0.25,726,13,0.20634920634920634
hinge_production_filtered,"(0, 1, 2, 2, 0, 3, 1, 1)",facility: ρ = id  │  femalepart: ρ = type  │  formedpart: ρ = p_masskg_band  │  hinge: ρ = p_masskg_band  │  hingepack: ρ = id  │  malepart: ρ = type  │  steelpin: ρ = type  │  steelsheet: ρ = p_masskg,True,,2902,2907,0.99828001375989,10,0.6666666666666666,26.995184038527693,1,1.001722949689869,2,0.0017199862401100496,0.0,0.17986087499997438,13.892513834000056,gspan,2907,26.995184038527693,78475,145,48,48,156,383.4791666666667,189.0,1372,0.1319157780071093,0.06501547987616099,0.4719642242862057,0.25,726,11,0.22916666666666666
hinge_production_filtered,"(0, 1, 2, 2, 1, 1, 1, 2)",facility: ρ = id  │  femalepart: ρ = type  │  formedpart: ρ = p_masskg_band  │  hinge: ρ = p_masskg_band  │  hingepack: ρ = type  │  malepart: ρ = p_masskg  │  steelpin: ρ = type  │  steelsheet: ρ = p_masskg_band,True,,871,2907,0.2996216030271758,10,0.6666666666666666,26.995184038527693,1,3.3375430539609643,29,0.7003783969728242,0.0,0.20676100000002862,5.925129458999436,gspan,2907,26.995184038527693,78475,145,17,17,156,1151.0588235294117,1297,2066,0.3959610676055768,0.4461644306845545,0.7106983144134847,0.25,726,14,0.8235294117647058
hinge_production_filtered,"(0, 1, 2, 2, 1, 1, 1, 3)",facility: ρ = id  │  femalepart: ρ = type  │  formedpart: ρ = p_masskg_band  │  hinge: ρ = p_masskg_band  │  hingepack: ρ = type  │  malepart: ρ = p_masskg  │  steelpin: ρ = type  │  steelsheet: ρ = SteelCoil,True,,1673,2907,0.5755073959408324,9,0.6,26.995184038527693,1,1.7375971309025702,11,0.42449260405916756,0.0,0.204451583999969,48.1317017500005,gspan,2907,26.995184038527693,78475,145,26,26,310,528.3461538461538,363.0,1297,0.1817496229260935,0.12487100103199174,0.4461644306845545,0.25,726,6,0.23076923076923078
hinge_production_filtered,"(0, 1, 2, 2, 1, 2, 1, 1)",facility: ρ = id  │  femalepart: ρ = type  │  formedpart: ρ = p_masskg_band  │  hinge: ρ = p_masskg_band  │  hingepack: ρ = type  │  malepart: ρ = p_masskg_band  │  steelpin: ρ = type  │  steelsheet: ρ = p_masskg,True,,2207,2907,0.7592019263845889,10,0.6666666666666666,26.995184038527693,1,1.31717263253285,7,0.24079807361541106,0.0,0.17922570899997936,15.76765287499984,gspan,2907,26.995184038527693,78475,145,65,65,148,352.15384615384613,189,1297,0.12113995395729141,0.06501547987616099,0.4461644306845545,0.25,726,13,0.2
hinge_production_filtered,"(0, 1, 2, 3, 0, 1, 1, 2)",facility: ρ = id  │  femalepart: ρ = type  │  formedpart: ρ = p_masskg_band  │  hinge: ρ = type  │  hingepack: ρ = id  │  malepart: ρ = p_masskg  │  steelpin: ρ = type  │  steelsheet: ρ = p_masskg_band,True,,2803,2907,0.9642242862057103,10,0.6666666666666666,26.995184038527693,1,1.0371031038173386,3,0.035775713794289676,0.0,0.1929248330000064,4.755230332999417,gspan,2907,26.995184038527693,78475,145,17,17,156,1151.0588235294117,1297,2066,0.3959610676055768,0.4461644306845545,0.7106983144134847,0.25,726,14,0.8235294117647058
hinge_production_filtered,"(0, 1, 2, 3, 0, 1, 1, 3)",facility: ρ = id  │  femalepart: ρ = type  │  formedpart: ρ = p_masskg_band  │  hinge: ρ = type  │  hingepack: ρ = id  │  malepart: ρ = p_masskg  │  steelpin: ρ = type  │  steelsheet: ρ = SteelCoil,True,,2806,2907,0.9652562779497764,9,0.6,26.995184038527693,1,1.0359942979330008,3,0.03474372205022358,0.0,0.1996264169999904,6.627566832999946,gspan,2907,26.995184038527693,78475,145,26,26,310,528.3461538461538,363.0,1297,0.1817496229260935,0.12487100103199174,0.4461644306845545,0.25,726,6,0.23076923076923078
hinge_production_filtered,"(0, 1, 2, 3, 0, 2, 1, 1)",facility: ρ = id  │  femalepart: ρ = type  │  formedpart: ρ = p_masskg_band  │  hinge: ρ = type  │  hingepack: ρ = id  │  malepart: ρ = p_masskg_band  │  steelpin: ρ = type  │  steelsheet: ρ = p_masskg,True,,2902,2907,0.99828001375989,10,0.6666666666666666,26.995184038527693,1,1.001722949689869,2,0.0017199862401100496,0.0,0.17560820900001772,13.589624125000228,gspan,2907,26.995184038527693,78475,145,57,57,156,412.0175438596491,190,1297,0.1417329012245095,0.06535947712418301,0.4461644306845545,0.25,726,16,0.2807017543859649
hinge_production_filtered,"(0, 1, 2, 3, 1, 1, 1, 1)",facility: ρ = id  │  femalepart: ρ = type  │  formedpart: ρ = p_masskg_band  │  hinge: ρ = type  │  hingepack: ρ = type  │  malepart: ρ = p_masskg  │  steelpin: ρ = type  │  steelsheet: ρ = p_masskg,True,,1512,2907,0.5201238390092879,10,0.6666666666666666,26.995184038527693,1,1.9226190476190477,8,0.47987616099071206,0.0,0.17536787500000628,10.783256083000197,gspan,2907,26.995184038527693,78475,145,46,46,156,260.3695652173913,189.0,1297,0.08956641390347138,0.06501547987616099,0.4461644306845545,0.25,726,5,0.10869565217391304
hinge_production_filtered,"(0, 1, 3, 1, 0, 1, 1, 4)",facility: ρ = id  │  femalepart: ρ = type  │  formedpart: ρ = type  │  hinge: ρ = p_masskg  │  hingepack: ρ = id  │  malepart: ρ = p_masskg  │  steelpin: ρ = type  │  steelsheet: ρ = type,True,,2902,2907,0.99828001375989,9,0.6,26.995184038527693,1,1.001722949689869,2,0.0017199862401100496,0.0,0.22527608300003976,41.37187945799997,gspan,2907,26.995184038527693,78475,145,3,0,0,0.0,0.0,0,0.0,0.0,0.0,0.25,726,0,0.0
hinge_production_filtered,"(0, 1, 3, 1, 0, 2, 1, 2)",facility: ρ = id  │  femalepart: ρ = type  │  formedpart: ρ = type  │  hinge: ρ = p_masskg  │  hingepack: ρ = id  │  malepart: ρ = p_masskg_band  │  steelpin: ρ = type  │  steelsheet: ρ = p_masskg_band,True,,2855,2907,0.9821121431028552,10,0.6666666666666666,26.995184038527693,1,1.018213660245184,2,0.017887856897144783,0.0,0.19929054200002838,3.2689107919995877,gspan,2907,26.995184038527693,78475,145,11,10,1187,1661.8,1495.0,2066,0.5716546267629858,0.5142758857929136,0.7106983144134847,0.25,726,10,1.0
hinge_production_filtered,"(0, 1, 3, 1, 0, 2, 1, 3)",facility: ρ = id  │  femalepart: ρ = type  │  formedpart: ρ = type  │  hinge: ρ = p_masskg  │  hingepack: ρ = id  │  malepart: ρ = p_masskg_band  │  steelpin: ρ = type  │  steelsheet: ρ = SteelCoil,True,,2821,2907,0.9704162366701067,9,0.6,26.995184038527693,1,1.0304856433888692,2,0.02958376332989332,0.0,23.445570333000035,3.3973449579998487,gspan,2907,26.995184038527693,78475,145,11,10,702,773.9,793.0,810,0.26621947024423803,0.27278981768145855,0.2786377708978328,0.25,726,8,0.8
hinge_production_filtered,"(0, 1, 3, 1, 0, 3, 1, 1)",facility: ρ = id  │  femalepart: ρ = type  │  formedpart: ρ = type  │  hinge: ρ = p_masskg  │  hingepack: ρ = id  │  malepart: ρ = type  │  steelpin: ρ = type  │  steelsheet: ρ = p_masskg,True,,2902,2907,0.99828001375989,10,0.6666666666666666,26.995184038527693,1,1.001722949689869,2,0.0017199862401100496,0.0,0.21388191599999118,7.159004959000413,gspan,2907,26.995184038527693,78475,145,28,24,156,182.875,183.5,207,0.06290849673202614,0.0631234950120399,0.07120743034055728,0.25,726,0,0.0
hinge_production_filtered,"(0, 1, 3, 1, 1, 1, 1, 2)",facility: ρ = id  │  femalepart: ρ = type  │  formedpart: ρ = type  │  hinge: ρ = p_masskg  │  hingepack: ρ = type  │  malepart: ρ = p_masskg  │  steelpin: ρ = type  │  steelsheet: ρ = p_masskg_band,True,,2902,2907,0.99828001375989,10,0.6666666666666666,26.995184038527693,1,1.001722949689869,2,0.0017199862401100496,0.0,0.19890054199998985,3.1011927500003367,gspan,2907,26.995184038527693,78475,145,11,10,1187,1661.8,1495.0,2066,0.5716546267629858,0.5142758857929136,0.7106983144134847,0.25,726,10,1.0
hinge_production_filtered,"(0, 1, 3, 1, 1, 1, 1, 3)",facility: ρ = id  │  femalepart: ρ = type  │  formedpart: ρ = type  │  hinge: ρ = p_masskg  │  hingepack: ρ = type  │  malepart: ρ = p_masskg  │  steelpin: ρ = type  │  steelsheet: ρ = SteelCoil,True,,2902,2907,0.99828001375989,9,0.6,26.995184038527693,1,1.001722949689869,2,0.0017199862401100496,0.0,0.21645133299995223,2.8676308329995663,gspan,2907,26.995184038527693,78475,145,10,9,702,769.8888888888889,793,810,0.26483965906050533,0.27278981768145855,0.2786377708978328,0.25,726,7,0.7777777777777778
hinge_production_filtered,"(0, 1, 3, 1, 1, 2, 1, 1)",facility: ρ = id  │  femalepart: ρ = type  │  formedpart: ρ = type  │  hinge: ρ = p_masskg  │  hingepack: ρ = type  │  malepart: ρ = p_masskg_band  │  steelpin: ρ = type  │  steelsheet: ρ = p_masskg,True,,2902,2907,0.99828001375989,10,0.6666666666666666,26.995184038527693,1,1.001722949689869,2,0.0017199862401100496,0.0,0.18493833299999096,8.200203208999483,gspan,2907,26.995184038527693,78475,145,32,29,156,322.58620689655174,189,1268,0.11096876742227442,0.06501547987616099,0.43618851049191604,0.25,726,5,0.1724137931034483
hinge_production_filtered,"(0, 1, 3, 2, 0, 1, 1, 2)",facility: ρ = id  │  femalepart: ρ = type  │  formedpart: ρ = type  │  hinge: ρ = p_masskg_band  │  hingepack: ρ = id  │  malepart: ρ = p_masskg  │  steelpin: ρ = type  │  steelsheet: ρ = p_masskg_band,True,,2816,2907,0.9686962504299965,10,0.6666666666666666,26.995184038527693,1,1.0323153409090908,3,0.03130374957000348,0.0,0.1926282079999737,45.06153279099999,gspan,2907,26.995184038527693,78475,145,11,10,1187,1661.8,1495.0,2066,0.5716546267629858,0.5142758857929136,0.7106983144134847,0.25,726,10,1.0
hinge_production_filtered,"(0, 1, 3, 2, 0, 1, 1, 3)",facility: ρ = id  │  femalepart: ρ = type  │  formedpart: ρ = type  │  hinge: ρ = p_masskg_band  │  hingepack: ρ = id  │  malepart: ρ = p_masskg  │  steelpin: ρ = type  │  steelsheet: ρ = SteelCoil,True,,2768,2907,0.9521843825249398,9,0.6,26.995184038527693,1,1.0502167630057804,3,0.047815617475060246,0.0,0.22030970800000205,3.1757635829999344,gspan,2907,26.995184038527693,78475,145,11,10,702,773.9,793.0,810,0.26621947024423803,0.27278981768145855,0.2786377708978328,0.25,726,8,0.8
hinge_production_filtered,"(0, 1, 3, 2, 0, 2, 1, 1)",facility: ρ = id  │  femalepart: ρ = type  │  formedpart: ρ = type  │  hinge: ρ = p_masskg_band  │  hingepack: ρ = id  │  malepart: ρ = p_masskg_band  │  steelpin: ρ = type  │  steelsheet: ρ = p_masskg,True,,2902,2907,0.99828001375989,10,0.6666666666666666,26.995184038527693,1,1.001722949689869,2,0.0017199862401100496,0.0,0.18285745800000086,13.897018042000127,gspan,2907,26.995184038527693,78475,145,49,46,156,416.32608695652175,260.5,1268,0.14321502819281795,0.08961128310973512,0.43618851049191604,0.25,726,10,0.21739130434782608
hinge_production_filtered,"(0, 1, 3, 2, 1, 1, 1, 1)",facility: ρ = id  │  femalepart: ρ = type  │  formedpart: ρ = type  │  hinge: ρ = p_masskg_band  │  hingepack: ρ = type  │  malepart: ρ = p_masskg  │  steelpin: ρ = type  │  steelsheet: ρ = p_masskg,True,,2207,2907,0.7592019263845889,10,0.6666666666666666,26.995184038527693,1,1.31717263253285,7,0.24079807361541106,0.0,0.18489000000005262,7.072088249999979,gspan,2907,26.995184038527693,78475,145,27,24,156,182.875,183.5,207,0.06290849673202614,0.0631234950120399,0.07120743034055728,0.25,726,0,0.0
hinge_production_filtered,"(0, 1, 3, 3, 0, 1, 1, 1)",facility: ρ = id  │  femalepart: ρ = type  │  formedpart: ρ = type  │  hinge: ρ = type  │  hingepack: ρ = id  │  malepart: ρ = p_masskg  │  steelpin: ρ = type  │  steelsheet: ρ = p_masskg,True,,2902,2907,0.99828001375989,10,0.6666666666666666,26.995184038527693,1,1.001722949689869,2,0.0017199862401100496,0.0,0.18064483299997391,6.842377583000598,gspan,2907,26.995184038527693,78475,145,27,24,156,182.875,183.5,207,0.06290849673202614,0.0631234950120399,0.07120743034055728,0.25,726,0,0.0
hinge_production_filtered,"(1, 1, 1, 1, 0, 2, 1, 4)",facility: ρ = type  │  femalepart: ρ = type  │  formedpart: ρ = p_masskg  │  hinge: ρ = p_masskg  │  hingepack: ρ = id  │  malepart: ρ = p_masskg_band  │  steelpin: ρ = type  │  steelsheet: ρ = type,True,,2902,2907,0.99828001375989,9,0.6,26.995184038527693,1,1.001722949689869,2,0.0017199862401100496,0.0,0.19349587499999643,4.323349208000764,gspan,2907,26.995184038527693,78475,145,14,14,177,191.0,191.0,207,0.06570347437220503,0.06570347437220503,0.07120743034055728,0.25,726,0,0.0
hinge_production_filtered,"(1, 1, 1, 1, 0, 3, 1, 2)",facility: ρ = type  │  femalepart: ρ = type  │  formedpart: ρ = p_masskg  │  hinge: ρ = p_masskg  │  hingepack: ρ = id  │  malepart: ρ = type  │  steelpin: ρ = type  │  steelsheet: ρ = p_masskg_band,True,,2902,2907,0.99828001375989,10,0.6666666666666666,26.995184038527693,1,1.001722949689869,2,0.0017199862401100496,0.0,0.19127533299996458,56.72918995800046,gspan,2907,26.995184038527693,78475,145,41,41,156,265.9512195121951,189,2066,0.09148648762029415,0.06501547987616099,0.7106983144134847,0.25,726,2,0.04878048780487805
hinge_production_filtered,"(1, 1, 1, 1, 0, 3, 1, 3)",facility: ρ = type  │  femalepart: ρ = type  │  formedpart: ρ = p_masskg  │  hinge: ρ = p_masskg  │  hingepack: ρ = id  │  malepart: ρ = type  │  steelpin: ρ = type  │  steelsheet: ρ = SteelCoil,True,,2902,2907,0.99828001375989,9,0.6,26.995184038527693,1,1.001722949689869,2,0.0017199862401100496,0.0,0.1919912089999798,1.3319466249995457,gspan,2907,26.995184038527693,78475,145,3,3,702,768.3333333333334,793,810,0.26430455223024885,0.27278981768145855,0.2786377708978328,0.25,726,2,0.6666666666666666
hinge_production_filtered,"(1, 1, 1, 1, 1, 1, 1, 4)",facility: ρ = type  │  femalepart: ρ = type  │  formedpart: ρ = p_masskg  │  hinge: ρ = p_masskg  │  hingepack: ρ = type  │  malepart: ρ = p_masskg  │  steelpin: ρ = type  │  steelsheet: ρ = type,True,,2902,2907,0.99828001375989,9,0.6,26.995184038527693,1,1.001722949689869,2,0.0017199862401100496,0.0,0.1926269580000053,4.362795166999604,gspan,2907,26.995184038527693,78475,145,14,14,177,191.0,191.0,207,0.06570347437220503,0.06570347437220503,0.07120743034055728,0.25,726,0,0.0
hinge_production_filtered,"(1, 1, 1, 1, 1, 2, 1, 2)",facility: ρ = type  │  femalepart: ρ = type  │  formedpart: ρ = p_masskg  │  hinge: ρ = p_masskg  │  hingepack: ρ = type  │  malepart: ρ = p_masskg_band  │  steelpin: ρ = type  │  steelsheet: ρ = p_masskg_band,True,,2902,2907,0.99828001375989,10,0.6666666666666666,26.995184038527693,1,1.001722949689869,2,0.0017199862401100496,0.0,0.19111508299999969,12.102990082999895,gspan,2907,26.995184038527693,78475,145,41,41,156,264.0,186,2066,0.09081527347781218,0.06398348813209494,0.7106983144134847,0.25,726,2,0.04878048780487805
hinge_production_filtered,"(1, 1, 1, 1, 1, 2, 1, 3)",facility: ρ = type  │  femalepart: ρ = type  │  formedpart: ρ = p_masskg  │  hinge: ρ = p_masskg  │  hingepack: ρ = type  │  malepart: ρ = p_masskg_band  │  steelpin: ρ = type  │  steelsheet: ρ = SteelCoil,True,,2902,2907,0.99828001375989,9,0.6,26.995184038527693,1,1.001722949689869,2,0.0017199862401100496,0.0,0.20214512500001547,1.3031558750008116,gspan,2907,26.995184038527693,78475,145,3,3,702,768.3333333333334,793,810,0.26430455223024885,0.27278981768145855,0.2786377708978328,0.25,726,2,0.6666666666666666
hinge_production_filtered,"(1, 1, 1, 1, 1, 3, 1, 1)",facility: ρ = type  │  femalepart: ρ = type  │  formedpart: ρ = p_masskg  │  hinge: ρ = p_masskg  │  hingepack: ρ = type  │  malepart: ρ = type  │  steelpin: ρ = type  │  steelsheet: ρ = p_masskg,True,,2902,2907,0.99828001375989,10,0.6666666666666666,26.995184038527693,1,1.001722949689869,2,0.0017199862401100496,0.0,0.17732316699999728,11.373073499999919,gspan,2907,26.995184038527693,78475,145,44,44,156,184.61363636363637,186.0,207,0.06350658285642806,0.06398348813209494,0.07120743034055728,0.25,726,0,0.0
hinge_production_filtered,"(1, 1, 1, 2, 0, 1, 1, 4)",facility: ρ = type  │  femalepart: ρ = type  │  formedpart: ρ = p_masskg  │  hinge: ρ = p_masskg_band  │  hingepack: ρ = id  │  malepart: ρ = p_masskg  │  steelpin: ρ = type  │  steelsheet: ρ = type,True,,2902,2907,0.99828001375989,9,0.6,26.995184038527693,1,1.001722949689869,2,0.0017199862401100496,0.0,0.18658899999996947,4.719645958000001,gspan,2907,26.995184038527693,78475,145,15,15,163,189.13333333333333,189,207,0.06506134617589726,0.06501547987616099,0.07120743034055728,0.25,726,0,0.0
hinge_production_filtered,"(1, 1, 1, 2, 0, 2, 1, 2)",facility: ρ = type  │  femalepart: ρ = type  │  formedpart: ρ = p_masskg  │  hinge: ρ = p_masskg_band  │  hingepack: ρ = id  │  malepart: ρ = p_masskg_band  │  steelpin: ρ = type  │  steelsheet: ρ = p_masskg_band,True,,2902,2907,0.99828001375989,10,0.6666666666666666,26.995184038527693,1,1.001722949689869,2,0.0017199862401100496,0.0,0.22946391699997548,53.23541875000046,gspan,2907,26.995184038527693,78475,145,50,50,163,291.2,193.0,2066,0.10017199862401101,0.06639146886824905,0.7106983144134847,0.25,726,4,0.08
hinge_production_filtered,"(1, 1, 1, 2, 0, 2, 1, 3)",facility: ρ = type  │  femalepart: ρ = type  │  formedpart: ρ = p_masskg  │  hinge: ρ = p_masskg_band  │  hingepack: ρ = id  │  malepart: ρ = p_masskg_band  │  steelpin: ρ = type  │  steelsheet: ρ = SteelCoil,True,,2902,2907,0.99828001375989,9,0.6,26.995184038527693,1,1.001722949689869,2,0.0017199862401100496,0.0,0.19316774999992958,2.5593940419994397,gspan,2907,26.995184038527693,78475,145,8,8,308,653.625,724.5,810,0.22484520123839008,0.24922600619195046,0.2786377708978328,0.25,726,4,0.5
hinge_production_filtered,"(1, 1, 1, 2, 0, 3, 1, 1)",facility: ρ = type  │  femalepart: ρ = type  │  formedpart: ρ = p_masskg  │  hinge: ρ = p_masskg_band  │  hingepack: ρ = id  │  malepart: ρ = type  │  steelpin: ρ = type  │  steelsheet: ρ = p_masskg,True,,2902,2907,0.99828001375989,10,0.6666666666666666,26.995184038527693,1,1.001722949689869,2,0.0017199862401100496,0.0,0.1701943330000404,11.41024491600001,gspan,2907,26.995184038527693,78475,145,48,48,156,258.2708333333333,188.0,1367,0.08884445591101937,0.06467148262813897,0.4702442380460956,0.25,726,3,0.0625
hinge_production_filtered,"(1, 1, 1, 2, 1, 1, 1, 2)",facility: ρ = type  │  femalepart: ρ = type  │  formedpart: ρ = p_masskg  │  hinge: ρ = p_masskg_band  │  hingepack: ρ = type  │  malepart: ρ = p_masskg  │  steelpin: ρ = type  │  steelsheet: ρ = p_masskg_band,True,,2207,2907,0.7592019263845889,10,0.6666666666666666,26.995184038527693,1,1.31717263253285,7,0.24079807361541106,0.0,0.18151995799996712,12.243586915999913,gspan,2907,26.995184038527693,78475,145,45,45,156,257.9555555555556,189,2066,0.08873600122310134,0.06501547987616099,0.7106983144134847,0.25,726,2,0.044444444444444446
hinge_production_filtered,"(1, 1, 1, 2, 1, 1, 1, 3)",facility: ρ = type  │  femalepart: ρ = type  │  formedpart: ρ = p_masskg  │  hinge: ρ = p_masskg_band  │  hingepack: ρ = type  │  malepart: ρ = p_masskg  │  steelpin: ρ = type  │  steelsheet: ρ = SteelCoil,True,,2729,2907,0.9387684898520812,9,0.6,26.995184038527693,1,1.0652253572737267,3,0.06123151014791883,0.0,0.19327333299997917,1.2197007079994364,gspan,2907,26.995184038527693,78475,145,3,3,702,768.3333333333334,793,810,0.26430455223024885,0.27278981768145855,0.2786377708978328,0.25,726,2,0.6666666666666666
hinge_production_filtered,"(1, 1, 1, 2, 1, 2, 1, 1)",facility: ρ = type  │  femalepart: ρ = type  │  formedpart: ρ = p_masskg  │  hinge: ρ = p_masskg_band  │  hingepack: ρ = type  │  malepart: ρ = p_masskg_band  │  steelpin: ρ = type  │  steelsheet: ρ = p_masskg,True,,2207,2907,0.7592019263845889,10,0.6666666666666666,26.995184038527693,1,1.31717263253285,7,0.24079807361541106,0.0,0.17158816599999227,12.669432208000217,gspan,2907,26.995184038527693,78475,145,54,54,156,238.25925925925927,189.0,747,0.08196052950094918,0.06501547987616099,0.25696594427244585,0.25,726,2,0.037037037037037035
hinge_production_filtered,"(1, 1, 1, 3, 0, 1, 1, 2)",facility: ρ = type  │  femalepart: ρ = type  │  formedpart: ρ = p_masskg  │  hinge: ρ = type  │  hingepack: ρ = id  │  malepart: ρ = p_masskg  │  steelpin: ρ = type  │  steelsheet: ρ = p_masskg_band,True,,2902,2907,0.99828001375989,10,0.6666666666666666,26.995184038527693,1,1.001722949689869,2,0.0017199862401100496,0.0,0.20793370799992772,51.65202345800026,gspan,2907,26.995184038527693,78475,145,43,43,156,260.83720930232556,189,2066,0.08972728218174254,0.06501547987616099,0.7106983144134847,0.25,726,2,0.046511627906976744
hinge_production_filtered,"(1, 1, 1, 3, 0, 1, 1, 3)",facility: ρ = type  │  femalepart: ρ = type  │  formedpart: ρ = p_masskg  │  hinge: ρ = type  │  hingepack: ρ = id  │  malepart: ρ = p_masskg  │  steelpin: ρ = type  │  steelsheet: ρ = SteelCoil,True,,2902,2907,0.99828001375989,9,0.6,26.995184038527693,1,1.001722949689869,2,0.0017199862401100496,0.0,0.20751566700005242,1.3108541249994232,gspan,2907,26.995184038527693,78475,145,3,3,702,768.3333333333334,793,810,0.26430455223024885,0.27278981768145855,0.2786377708978328,0.25,726,2,0.6666666666666666
hinge_production_filtered,"(1, 1, 1, 3, 0, 2, 1, 1)",facility: ρ = type  │  femalepart: ρ = type  │  formedpart: ρ = p_masskg  │  hinge: ρ = type  │  hingepack: ρ = id  │  malepart: ρ = p_masskg_band  │  steelpin: ρ = type  │  steelsheet: ρ = p_masskg,True,,2902,2907,0.99828001375989,10,0.6666666666666666,26.995184038527693,1,1.001722949689869,2,0.0017199862401100496,0.0,0.1920266670000501,11.522171792000336,gspan,2907,26.995184038527693,78475,145,48,48,156,256.2083333333333,188.0,1268,0.08813496158697397,0.06467148262813897,0.43618851049191604,0.25,726,4,0.08333333333333333
hinge_production_filtered,"(1, 1, 1, 3, 1, 1, 1, 1)",facility: ρ = type  │  femalepart: ρ = type  │  formedpart: ρ = p_masskg  │  hinge: ρ = type  │  hingepack: ρ = type  │  malepart: ρ = p_masskg  │  steelpin: ρ = type  │  steelsheet: ρ = p_masskg,True,,1512,2907,0.5201238390092879,10,0.6666666666666666,26.995184038527693,1,1.9226190476190477,8,0.47987616099071206,0.0,0.1887244170000031,10.793048999999883,gspan,2907,26.995184038527693,78475,145,44,44,156,184.61363636363637,186.0,207,0.06350658285642806,0.06398348813209494,0.07120743034055728,0.25,726,0,0.0
hinge_production_filtered,"(1, 1, 2, 1, 0, 1, 1, 4)",facility: ρ = type  │  femalepart: ρ = type  │  formedpart: ρ = p_masskg_band  │  hinge: ρ = p_masskg  │  hingepack: ρ = id  │  malepart: ρ = p_masskg  │  steelpin: ρ = type  │  steelsheet: ρ = type,True,,2902,2907,0.99828001375989,9,0.6,26.995184038527693,1,1.001722949689869,2,0.0017199862401100496,0.0,0.20845599999995557,2.2953556249995017,gspan,2907,26.995184038527693,78475,145,6,6,787,1146.6666666666667,1297.0,1338,0.3944501777319115,0.4461644306845545,0.4602683178534572,0.25,726,6,1.0
hinge_production_filtered,"(1, 1, 2, 1, 0, 2, 1, 2)",facility: ρ = type  │  femalepart: ρ = type  │  formedpart: ρ = p_masskg_band  │  hinge: ρ = p_masskg  │  hingepack: ρ = id  │  malepart: ρ = p_masskg_band  │  steelpin: ρ = type  │  steelsheet: ρ = p_masskg_band,True,,2861,2907,0.9841761265909873,10,0.6666666666666666,26.995184038527693,1,1.0160782943026914,2,0.0158238734090127,0.0,0.19528845799993633,7.2324059160000616,gspan,2907,26.995184038527693,78475,145,26,26,156,966.4230769230769,1005.0,2066,0.33244687888650737,0.3457172342621259,0.7106983144134847,0.25,726,19,0.7307692307692307
hinge_production_filtered,"(1, 1, 2, 1, 0, 2, 1, 3)",facility: ρ = type  │  femalepart: ρ = type  │  formedpart: ρ = p_masskg_band  │  hinge: ρ = p_masskg  │  hingepack: ρ = id  │  malepart: ρ = p_masskg_band  │  steelpin: ρ = type  │  steelsheet: ρ = SteelCoil,True,,2854,2907,0.9817681458548332,9,0.6,26.995184038527693,1,1.0185704274702172,2,0.018231854145166815,0.0,0.19743095799992716,7.796173499999895,gspan,2907,26.995184038527693,78475,145,30,30,310,595.1666666666666,436.5,1297,0.20473569544776973,0.15015479876160992,0.4461644306845545,0.25,726,10,0.3333333333333333
hinge_production_filtered,"(1, 1, 2, 1, 0, 3, 1, 1)",facility: ρ = type  │  femalepart: ρ = type  │  formedpart: ρ = p_masskg_band  │  hinge: ρ = p_masskg  │  hingepack: ρ = id  │  malepart: ρ = type  │  steelpin: ρ = type  │  steelsheet: ρ = p_masskg,True,,2902,2907,0.99828001375989,10,0.6666666666666666,26.995184038527693,1,1.001722949689869,2,0.0017199862401100496,0.0,0.17996833299991977,53.33532454200031,gspan,2907,26.995184038527693,78475,145,48,48,156,306.0,189.0,1372,0.10526315789473684,0.06501547987616099,0.4719642242862057,0.25,726,8,0.16666666666666666
hinge_production_filtered,"(1, 1, 2, 1, 1, 1, 1, 2)",facility: ρ = type  │  femalepart: ρ = type  │  formedpart: ρ = p_masskg_band  │  hinge: ρ = p_masskg  │  hingepack: ρ = type  │  malepart: ρ = p_masskg  │  steelpin: ρ = type  │  steelsheet: ρ = p_masskg_band,True,,2902,2907,0.99828001375989,10,0.6666666666666666,26.995184038527693,1,1.001722949689869,2,0.0017199862401100496,0.0,0.19611066600009508,4.512898332999612,gspan,2907,26.995184038527693,78475,145,16,16,156,1211.625,1297.0,2066,0.4167956656346749,0.4461644306845545,0.7106983144134847,0.25,726,14,0.875
hinge_production_filtered,"(1, 1, 2, 1, 1, 1, 1, 3)",facility: ρ = type  │  femalepart: ρ = type  │  formedpart: ρ = p_masskg_band  │  hinge: ρ = p_masskg  │  hingepack: ρ = type  │  malepart: ρ = p_masskg  │  steelpin: ρ = type  │  steelsheet: ρ = SteelCoil,True,,2902,2907,0.99828001375989,9,0.6,26.995184038527693,1,1.001722949689869,2,0.0017199862401100496,0.0,0.20325816699994448,8.913708041000064,gspan,2907,26.995184038527693,78475,145,35,35,210,479.74285714285713,368,1297,0.16503022261536193,0.12659098727210183,0.4461644306845545,0.25,726,6,0.17142857142857143
hinge_production_filtered,"(1, 1, 2, 1, 1, 2, 1, 1)",facility: ρ = type  │  femalepart: ρ = type  │  formedpart: ρ = p_masskg_band  │  hinge: ρ = p_masskg  │  hingepack: ρ = type  │  malepart: ρ = p_masskg_band  │  steelpin: ρ = type  │  steelsheet: ρ = p_masskg,True,,2902,2907,0.99828001375989,10,0.6666666666666666,26.995184038527693,1,1.001722949689869,2,0.0017199862401100496,0.0,0.1821452499999623,12.881607667000026,gspan,2907,26.995184038527693,78475,145,51,51,156,330.1764705882353,189,1297,0.11357979724397499,0.06501547987616099,0.4461644306845545,0.25,726,10,0.19607843137254902
hinge_production_filtered,"(1, 1, 2, 2, 0, 1, 1, 2)",facility: ρ = type  │  femalepart: ρ = type  │  formedpart: ρ = p_masskg_band  │  hinge: ρ = p_masskg_band  │  hingepack: ρ = id  │  malepart: ρ = p_masskg  │  steelpin: ρ = type  │  steelsheet: ρ = p_masskg_band,True,,2823,2907,0.9711042311661506,10,0.6666666666666666,26.995184038527693,1,1.0297555791710946,3,0.028895768833849367,0.0,0.18935708300000442,4.814425666000716,gspan,2907,26.995184038527693,78475,145,17,17,156,1151.0588235294117,1297,2066,0.3959610676055768,0.4461644306845545,0.7106983144134847,0.25,726,14,0.8235294117647058
hinge_production_filtered,"(1, 1, 2, 2, 0, 1, 1, 3)",facility: ρ = type  │  femalepart: ρ = type  │  formedpart: ρ = p_masskg_band  │  hinge: ρ = p_masskg_band  │  hingepack: ρ = id  │  malepart: ρ = p_masskg  │  steelpin: ρ = type  │  steelsheet: ρ = SteelCoil,True,,2830,2907,0.9735122119023047,9,0.6,26.995184038527693,1,1.027208480565371,2,0.026487788097695253,0.0,0.19939787500004513,6.701591834000283,gspan,2907,26.995184038527693,78475,145,26,26,310,528.3461538461538,363.0,1297,0.1817496229260935,0.12487100103199174,0.4461644306845545,0.25,726,6,0.23076923076923078
hinge_production_filtered,"(1, 1, 2, 2, 0, 2, 1, 1)",facility: ρ = type  │  femalepart: ρ = type  │  formedpart: ρ = p_masskg_band  │  hinge: ρ = p_masskg_band  │  hingepack: ρ = id  │  malepart: ρ = p_masskg_band  │  steelpin: ρ = type  │  steelsheet: ρ = p_masskg,True,,2902,2907,0.99828001375989,10,0.6666666666666666,26.995184038527693,1,1.001722949689869,2,0.0017199862401100496,0.0,0.24425745799999277,54.61191870899984,gspan,2907,26.995184038527693,78475,145,60,60,156,362.85,189.5,1297,0.12481940144478845,0.065187478500172,0.4461644306845545,0.25,726,13,0.21666666666666667
hinge_production_filtered,"(1, 1, 2, 2, 1, 1, 1, 1)",facility: ρ = type  │  femalepart: ρ = type  │  formedpart: ρ = p_masskg_band  │  hinge: ρ = p_masskg_band  │  hingepack: ρ = type  │  malepart: ρ = p_masskg  │  steelpin: ρ = type  │  steelsheet: ρ = p_masskg,True,,2207,2907,0.7592019263845889,10,0.6666666666666666,26.995184038527693,1,1.31717263253285,7,0.24079807361541106,0.0,0.1823869580000519,10.988927583000077,gspan,2907,26.995184038527693,78475,145,46,46,156,260.3695652173913,189.0,1297,0.08956641390347138,0.06501547987616099,0.4461644306845545,0.25,726,5,0.10869565217391304
hinge_production_filtered,"(1, 1, 2, 3, 0, 1, 1, 1)",facility: ρ = type  │  femalepart: ρ = type  │  formedpart: ρ = p_masskg_band  │  hinge: ρ = type  │  hingepack: ρ = id  │  malepart: ρ = p_masskg  │  steelpin: ρ = type  │  steelsheet: ρ = p_masskg,True,,2902,2907,0.99828001375989,10,0.6666666666666666,26.995184038527693,1,1.001722949689869,2,0.0017199862401100496,0.0,0.17502129199999672,11.110194500000034,gspan,2907,26.995184038527693,78475,145,46,46,156,260.3695652173913,189.0,1297,0.08956641390347138,0.06501547987616099,0.4461644306845545,0.25,726,5,0.10869565217391304
hinge_production_filtered,"(1, 1, 3, 1, 0, 1, 1, 2)",facility: ρ = type  │  femalepart: ρ = type  │  formedpart: ρ = type  │  hinge: ρ = p_masskg  │  hingepack: ρ = id  │  malepart: ρ = p_masskg  │  steelpin: ρ = type  │  steelsheet: ρ = p_masskg_band,True,,2902,2907,0.99828001375989,10,0.6666666666666666,26.995184038527693,1,1.001722949689869,2,0.0017199862401100496,0.0,0.19839775000002646,3.063748792000297,gspan,2907,26.995184038527693,78475,145,11,10,1187,1661.8,1495.0,2066,0.5716546267629858,0.5142758857929136,0.7106983144134847,0.25,726,10,1.0
hinge_production_filtered,"(1, 1, 3, 1, 0, 1, 1, 3)",facility: ρ = type  │  femalepart: ρ = type  │  formedpart: ρ = type  │  hinge: ρ = p_masskg  │  hingepack: ρ = id  │  malepart: ρ = p_masskg  │  steelpin: ρ = type  │  steelsheet: ρ = SteelCoil,True,,2902,2907,0.99828001375989,9,0.6,26.995184038527693,1,1.001722949689869,2,0.0017199862401100496,0.0,0.21667891700008113,2.8339573749999545,gspan,2907,26.995184038527693,78475,145,10,9,702,769.8888888888889,793,810,0.26483965906050533,0.27278981768145855,0.2786377708978328,0.25,726,7,0.7777777777777778
hinge_production_filtered,"(1, 1, 3, 1, 0, 2, 1, 1)",facility: ρ = type  │  femalepart: ρ = type  │  formedpart: ρ = type  │  hinge: ρ = p_masskg  │  hingepack: ρ = id  │  malepart: ρ = p_masskg_band  │  steelpin: ρ = type  │  steelsheet: ρ = p_masskg,True,,2902,2907,0.99828001375989,10,0.6666666666666666,26.995184038527693,1,1.001722949689869,2,0.0017199862401100496,0.0,0.18589874999997846,8.168430833999992,gspan,2907,26.995184038527693,78475,145,32,29,156,322.58620689655174,189,1268,0.11096876742227442,0.06501547987616099,0.43618851049191604,0.25,726,5,0.1724137931034483
hinge_production_filtered,"(1, 1, 3, 1, 1, 1, 1, 1)",facility: ρ = type  │  femalepart: ρ = type  │  formedpart: ρ = type  │  hinge: ρ = p_masskg  │  hingepack: ρ = type  │  malepart: ρ = p_masskg  │  steelpin: ρ = type  │  steelsheet: ρ = p_masskg,True,,2902,2907,0.99828001375989,10,0.6666666666666666,26.995184038527693,1,1.001722949689869,2,0.0017199862401100496,0.0,0.19123774999991383,6.63467325000056,gspan,2907,26.995184038527693,78475,145,27,24,156,182.875,183.5,207,0.06290849673202614,0.0631234950120399,0.07120743034055728,0.25,726,0,0.0
hinge_production_filtered,"(1, 1, 3, 2, 0, 1, 1, 1)",facility: ρ = type  │  femalepart: ρ = type  │  formedpart: ρ = type  │  hinge: ρ = p_masskg_band  │  hingepack: ρ = id  │  malepart: ρ = p_masskg  │  steelpin: ρ = type  │  steelsheet: ρ = p_masskg,True,,2902,2907,0.99828001375989,10,0.6666666666666666,26.995184038527693,1,1.001722949689869,2,0.0017199862401100496,0.0,0.17908875000000535,49.23357754099925,gspan,2907,26.995184038527693,78475,145,27,24,156,182.875,183.5,207,0.06290849673202614,0.0631234950120399,0.07120743034055728,0.25,726,0,0.0
hinge_production_filtered,"(0, 1, 1, 1, 0, 2, 1, 4)",facility: ρ = id  │  femalepart: ρ = type  │  formedpart: ρ = p_masskg  │  hinge: ρ = p_masskg  │  hingepack: ρ = id  │  malepart: ρ = p_masskg_band  │  steelpin: ρ = type  │  steelsheet: ρ = type,True,,2902,2907,0.99828001375989,8,0.5333333333333333,26.995184038527693,1,1.001722949689869,2,0.0017199862401100496,0.0,0.19567833300004622,4.6188304999996035,gspan,2907,26.995184038527693,78475,145,14,14,177,191.0,191.0,207,0.06570347437220503,0.06570347437220503,0.07120743034055728,0.25,726,0,0.0
hinge_production_filtered,"(0, 1, 1, 1, 0, 3, 1, 2)",facility: ρ = id  │  femalepart: ρ = type  │  formedpart: ρ = p_masskg  │  hinge: ρ = p_masskg  │  hingepack: ρ = id  │  malepart: ρ = type  │  steelpin: ρ = type  │  steelsheet: ρ = p_masskg_band,True,,2902,2907,0.99828001375989,9,0.6,26.995184038527693,1,1.001722949689869,2,0.0017199862401100496,0.0,0.18560466700000688,12.406669374999183,gspan,2907,26.995184038527693,78475,145,41,41,156,265.9512195121951,189,2066,0.09148648762029415,0.06501547987616099,0.7106983144134847,0.25,726,2,0.04878048780487805
hinge_production_filtered,"(0, 1, 1, 1, 0, 3, 1, 3)",facility: ρ = id  │  femalepart: ρ = type  │  formedpart: ρ = p_masskg  │  hinge: ρ = p_masskg  │  hingepack: ρ = id  │  malepart: ρ = type  │  steelpin: ρ = type  │  steelsheet: ρ = SteelCoil,True,,2902,2907,0.99828001375989,8,0.5333333333333333,26.995184038527693,1,1.001722949689869,2,0.0017199862401100496,0.0,0.19633637499998713,1.5015846670003157,gspan,2907,26.995184038527693,78475,145,3,3,702,768.3333333333334,793,810,0.26430455223024885,0.27278981768145855,0.2786377708978328,0.25,726,2,0.6666666666666666
hinge_production_filtered,"(0, 1, 1, 1, 1, 1, 1, 4)",facility: ρ = id  │  femalepart: ρ = type  │  formedpart: ρ = p_masskg  │  hinge: ρ = p_masskg  │  hingepack: ρ = type  │  malepart: ρ = p_masskg  │  steelpin: ρ = type  │  steelsheet: ρ = type,True,,2902,2907,0.99828001375989,8,0.5333333333333333,26.995184038527693,1,1.001722949689869,2,0.0017199862401100496,0.0,0.19511291700007405,4.448798207999971,gspan,2907,26.995184038527693,78475,145,14,14,177,191.0,191.0,207,0.06570347437220503,0.06570347437220503,0.07120743034055728,0.25,726,0,0.0
hinge_production_filtered,"(0, 1, 1, 1, 1, 2, 1, 2)",facility: ρ = id  │  femalepart: ρ = type  │  formedpart: ρ = p_masskg  │  hinge: ρ = p_masskg  │  hingepack: ρ = type  │  malepart: ρ = p_masskg_band  │  steelpin: ρ = type  │  steelsheet: ρ = p_masskg_band,True,,2902,2907,0.99828001375989,9,0.6,26.995184038527693,1,1.001722949689869,2,0.0017199862401100496,0.0,0.18766054200000326,12.050141249999797,gspan,2907,26.995184038527693,78475,145,41,41,156,264.0,186,2066,0.09081527347781218,0.06398348813209494,0.7106983144134847,0.25,726,2,0.04878048780487805
hinge_production_filtered,"(0, 1, 1, 1, 1, 2, 1, 3)",facility: ρ = id  │  femalepart: ρ = type  │  formedpart: ρ = p_masskg  │  hinge: ρ = p_masskg  │  hingepack: ρ = type  │  malepart: ρ = p_masskg_band  │  steelpin: ρ = type  │  steelsheet: ρ = SteelCoil,True,,2902,2907,0.99828001375989,8,0.5333333333333333,26.995184038527693,1,1.001722949689869,2,0.0017199862401100496,0.0,0.20823345800010884,1.3306155419995775,gspan,2907,26.995184038527693,78475,145,3,3,702,768.3333333333334,793,810,0.26430455223024885,0.27278981768145855,0.2786377708978328,0.25,726,2,0.6666666666666666
hinge_production_filtered,"(0, 1, 1, 1, 1, 3, 1, 1)",facility: ρ = id  │  femalepart: ρ = type  │  formedpart: ρ = p_masskg  │  hinge: ρ = p_masskg  │  hingepack: ρ = type  │  malepart: ρ = type  │  steelpin: ρ = type  │  steelsheet: ρ = p_masskg,True,,2902,2907,0.99828001375989,9,0.6,26.995184038527693,1,1.001722949689869,2,0.0017199862401100496,0.0,0.1812550409999858,10.50513195900021,gspan,2907,26.995184038527693,78475,145,44,44,156,184.61363636363637,186.0,207,0.06350658285642806,0.06398348813209494,0.07120743034055728,0.25,726,0,0.0
hinge_production_filtered,"(0, 1, 1, 2, 0, 1, 1, 4)",facility: ρ = id  │  femalepart: ρ = type  │  formedpart: ρ = p_masskg  │  hinge: ρ = p_masskg_band  │  hingepack: ρ = id  │  malepart: ρ = p_masskg  │  steelpin: ρ = type  │  steelsheet: ρ = type,True,,2902,2907,0.99828001375989,8,0.5333333333333333,26.995184038527693,1,1.001722949689869,2,0.0017199862401100496,0.0,0.2014877079999451,4.42525808299979,gspan,2907,26.995184038527693,78475,145,15,15,163,189.13333333333333,189,207,0.06506134617589726,0.06501547987616099,0.07120743034055728,0.25,726,0,0.0
hinge_production_filtered,"(0, 1, 1, 2, 0, 2, 1, 2)",facility: ρ = id  │  femalepart: ρ = type  │  formedpart: ρ = p_masskg  │  hinge: ρ = p_masskg_band  │  hingepack: ρ = id  │  malepart: ρ = p_masskg_band  │  steelpin: ρ = type  │  steelsheet: ρ = p_masskg_band,True,,2902,2907,0.99828001375989,9,0.6,26.995184038527693,1,1.001722949689869,2,0.0017199862401100496,0.0,0.17781154099998275,13.662203249999948,gspan,2907,26.995184038527693,78475,145,50,50,163,291.2,193.0,2066,0.10017199862401101,0.06639146886824905,0.7106983144134847,0.25,726,4,0.08
hinge_production_filtered,"(0, 1, 1, 2, 0, 2, 1, 3)",facility: ρ = id  │  femalepart: ρ = type  │  formedpart: ρ = p_masskg  │  hinge: ρ = p_masskg_band  │  hingepack: ρ = id  │  malepart: ρ = p_masskg_band  │  steelpin: ρ = type  │  steelsheet: ρ = SteelCoil,True,,2902,2907,0.99828001375989,8,0.5333333333333333,26.995184038527693,1,1.001722949689869,2,0.0017199862401100496,0.0,0.1881746659998953,2.5111224590000347,gspan,2907,26.995184038527693,78475,145,8,8,308,653.625,724.5,810,0.22484520123839008,0.24922600619195046,0.2786377708978328,0.25,726,4,0.5
hinge_production_filtered,"(0, 1, 1, 2, 0, 3, 1, 1)",facility: ρ = id  │  femalepart: ρ = type  │  formedpart: ρ = p_masskg  │  hinge: ρ = p_masskg_band  │  hingepack: ρ = id  │  malepart: ρ = type  │  steelpin: ρ = type  │  steelsheet: ρ = p_masskg,True,,2902,2907,0.99828001375989,9,0.6,26.995184038527693,1,1.001722949689869,2,0.0017199862401100496,0.0,0.1668252089999669,11.428314624999985,gspan,2907,26.995184038527693,78475,145,48,48,156,258.2708333333333,188.0,1367,0.08884445591101937,0.06467148262813897,0.4702442380460956,0.25,726,3,0.0625
hinge_production_filtered,"(0, 1, 1, 2, 1, 1, 1, 2)",facility: ρ = id  │  femalepart: ρ = type  │  formedpart: ρ = p_masskg  │  hinge: ρ = p_masskg_band  │  hingepack: ρ = type  │  malepart: ρ = p_masskg  │  steelpin: ρ = type  │  steelsheet: ρ = p_masskg_band,True,,2207,2907,0.7592019263845889,9,0.6,26.995184038527693,1,1.31717263253285,7,0.24079807361541106,0.0,0.23225049999996372,12.316424083000129,gspan,2907,26.995184038527693,78475,145,45,45,156,257.9555555555556,189,2066,0.08873600122310134,0.06501547987616099,0.7106983144134847,0.25,726,2,0.044444444444444446
hinge_production_filtered,"(0, 1, 1, 2, 1, 1, 1, 3)",facility: ρ = id  │  femalepart: ρ = type  │  formedpart: ρ = p_masskg  │  hinge: ρ = p_masskg_band  │  hingepack: ρ = type  │  malepart: ρ = p_masskg  │  steelpin: ρ = type  │  steelsheet: ρ = SteelCoil,True,,2729,2907,0.9387684898520812,8,0.5333333333333333,26.995184038527693,1,1.0652253572737267,3,0.06123151014791883,0.0,0.1897857499999418,41.854483709000306,gspan,2907,26.995184038527693,78475,145,3,3,702,768.3333333333334,793,810,0.26430455223024885,0.27278981768145855,0.2786377708978328,0.25,726,2,0.6666666666666666
hinge_production_filtered,"(0, 1, 1, 2, 1, 2, 1, 1)",facility: ρ = id  │  femalepart: ρ = type  │  formedpart: ρ = p_masskg  │  hinge: ρ = p_masskg_band  │  hingepack: ρ = type  │  malepart: ρ = p_masskg_band  │  steelpin: ρ = type  │  steelsheet: ρ = p_masskg,True,,2207,2907,0.7592019263845889,9,0.6,26.995184038527693,1,1.31717263253285,7,0.24079807361541106,0.0,0.16967758300006608,12.987292834000073,gspan,2907,26.995184038527693,78475,145,54,54,156,238.25925925925927,189.0,747,0.08196052950094918,0.06501547987616099,0.25696594427244585,0.25,726,2,0.037037037037037035
hinge_production_filtered,"(0, 1, 1, 3, 0, 1, 1, 2)",facility: ρ = id  │  femalepart: ρ = type  │  formedpart: ρ = p_masskg  │  hinge: ρ = type  │  hingepack: ρ = id  │  malepart: ρ = p_masskg  │  steelpin: ρ = type  │  steelsheet: ρ = p_masskg_band,True,,2902,2907,0.99828001375989,9,0.6,26.995184038527693,1,1.001722949689869,2,0.0017199862401100496,0.0,0.1762204589999783,12.272100416000285,gspan,2907,26.995184038527693,78475,145,43,43,156,260.83720930232556,189,2066,0.08972728218174254,0.06501547987616099,0.7106983144134847,0.25,726,2,0.046511627906976744
hinge_production_filtered,"(0, 1, 1, 3, 0, 1, 1, 3)",facility: ρ = id  │  femalepart: ρ = type  │  formedpart: ρ = p_masskg  │  hinge: ρ = type  │  hingepack: ρ = id  │  malepart: ρ = p_masskg  │  steelpin: ρ = type  │  steelsheet: ρ = SteelCoil,True,,2902,2907,0.99828001375989,8,0.5333333333333333,26.995184038527693,1,1.001722949689869,2,0.0017199862401100496,0.0,0.18750266600000032,1.3945349579998947,gspan,2907,26.995184038527693,78475,145,3,3,702,768.3333333333334,793,810,0.26430455223024885,0.27278981768145855,0.2786377708978328,0.25,726,2,0.6666666666666666
hinge_production_filtered,"(0, 1, 1, 3, 0, 2, 1, 1)",facility: ρ = id  │  femalepart: ρ = type  │  formedpart: ρ = p_masskg  │  hinge: ρ = type  │  hingepack: ρ = id  │  malepart: ρ = p_masskg_band  │  steelpin: ρ = type  │  steelsheet: ρ = p_masskg,True,,2902,2907,0.99828001375989,9,0.6,26.995184038527693,1,1.001722949689869,2,0.0017199862401100496,0.0,0.1682791250000264,11.775567083000169,gspan,2907,26.995184038527693,78475,145,48,48,156,256.2083333333333,188.0,1268,0.08813496158697397,0.06467148262813897,0.43618851049191604,0.25,726,4,0.08333333333333333
hinge_production_filtered,"(0, 1, 1, 3, 1, 1, 1, 1)",facility: ρ = id  │  femalepart: ρ = type  │  formedpart: ρ = p_masskg  │  hinge: ρ = type  │  hingepack: ρ = type  │  malepart: ρ = p_masskg  │  steelpin: ρ = type  │  steelsheet: ρ = p_masskg,True,,1512,2907,0.5201238390092879,9,0.6,26.995184038527693,1,1.9226190476190477,8,0.47987616099071206,0.0,0.16277033299991217,11.594094125000083,gspan,2907,26.995184038527693,78475,145,44,44,156,184.61363636363637,186.0,207,0.06350658285642806,0.06398348813209494,0.07120743034055728,0.25,726,0,0.0
hinge_production_filtered,"(0, 1, 2, 1, 0, 1, 1, 4)",facility: ρ = id  │  femalepart: ρ = type  │  formedpart: ρ = p_masskg_band  │  hinge: ρ = p_masskg  │  hingepack: ρ = id  │  malepart: ρ = p_masskg  │  steelpin: ρ = type  │  steelsheet: ρ = type,True,,2902,2907,0.99828001375989,8,0.5333333333333333,26.995184038527693,1,1.001722949689869,2,0.0017199862401100496,0.0,0.20225933300002907,2.2882067499995173,gspan,2907,26.995184038527693,78475,145,6,6,787,1146.6666666666667,1297.0,1338,0.3944501777319115,0.4461644306845545,0.4602683178534572,0.25,726,6,1.0
hinge_production_filtered,"(0, 1, 2, 1, 0, 2, 1, 2)",facility: ρ = id  │  femalepart: ρ = type  │  formedpart: ρ = p_masskg_band  │  hinge: ρ = p_masskg  │  hingepack: ρ = id  │  malepart: ρ = p_masskg_band  │  steelpin: ρ = type  │  steelsheet: ρ = p_masskg_band,True,,2861,2907,0.9841761265909873,9,0.6,26.995184038527693,1,1.0160782943026914,2,0.0158238734090127,0.0,0.18593970899996748,49.73279441700015,gspan,2907,26.995184038527693,78475,145,26,26,156,966.4230769230769,1005.0,2066,0.33244687888650737,0.3457172342621259,0.7106983144134847,0.25,726,19,0.7307692307692307
hinge_production_filtered,"(0, 1, 2, 1, 0, 2, 1, 3)",facility: ρ = id  │  femalepart: ρ = type  │  formedpart: ρ = p_masskg_band  │  hinge: ρ = p_masskg  │  hingepack: ρ = id  │  malepart: ρ = p_masskg_band  │  steelpin: ρ = type  │  steelsheet: ρ = SteelCoil,True,,2854,2907,0.9817681458548332,8,0.5333333333333333,26.995184038527693,1,1.0185704274702172,2,0.018231854145166815,0.0,0.19831329200007985,7.712448499999482,gspan,2907,26.995184038527693,78475,145,30,30,310,595.1666666666666,436.5,1297,0.20473569544776973,0.15015479876160992,0.4461644306845545,0.25,726,10,0.3333333333333333
hinge_production_filtered,"(0, 1, 2, 1, 0, 3, 1, 1)",facility: ρ = id  │  femalepart: ρ = type  │  formedpart: ρ = p_masskg_band  │  hinge: ρ = p_masskg  │  hingepack: ρ = id  │  malepart: ρ = type  │  steelpin: ρ = type  │  steelsheet: ρ = p_masskg,True,,2902,2907,0.99828001375989,9,0.6,26.995184038527693,1,1.001722949689869,2,0.0017199862401100496,0.0,0.19698191699990275,11.361703124999622,gspan,2907,26.995184038527693,78475,145,48,48,156,306.0,189.0,1372,0.10526315789473684,0.06501547987616099,0.4719642242862057,0.25,726,8,0.16666666666666666
hinge_production_filtered,"(0, 1, 2, 1, 1, 1, 1, 2)",facility: ρ = id  │  femalepart: ρ = type  │  formedpart: ρ = p_masskg_band  │  hinge: ρ = p_masskg  │  hingepack: ρ = type  │  malepart: ρ = p_masskg  │  steelpin: ρ = type  │  steelsheet: ρ = p_masskg_band,True,,2902,2907,0.99828001375989,9,0.6,26.995184038527693,1,1.001722949689869,2,0.0017199862401100496,0.0,0.18794624999998177,4.454166084000462,gspan,2907,26.995184038527693,78475,145,16,16,156,1211.625,1297.0,2066,0.4167956656346749,0.4461644306845545,0.7106983144134847,0.25,726,14,0.875
hinge_production_filtered,"(0, 1, 2, 1, 1, 1, 1, 3)",facility: ρ = id  │  femalepart: ρ = type  │  formedpart: ρ = p_masskg_band  │  hinge: ρ = p_masskg  │  hingepack: ρ = type  │  malepart: ρ = p_masskg  │  steelpin: ρ = type  │  steelsheet: ρ = SteelCoil,True,,2902,2907,0.99828001375989,8,0.5333333333333333,26.995184038527693,1,1.001722949689869,2,0.0017199862401100496,0.0,0.20170437500007665,9.02466325000023,gspan,2907,26.995184038527693,78475,145,35,35,210,479.74285714285713,368,1297,0.16503022261536193,0.12659098727210183,0.4461644306845545,0.25,726,6,0.17142857142857143
hinge_production_filtered,"(0, 1, 2, 1, 1, 2, 1, 1)",facility: ρ = id  │  femalepart: ρ = type  │  formedpart: ρ = p_masskg_band  │  hinge: ρ = p_masskg  │  hingepack: ρ = type  │  malepart: ρ = p_masskg_band  │  steelpin: ρ = type  │  steelsheet: ρ = p_masskg,True,,2902,2907,0.99828001375989,9,0.6,26.995184038527693,1,1.001722949689869,2,0.0017199862401100496,0.0,0.17978408400006174,12.180123500000263,gspan,2907,26.995184038527693,78475,145,51,51,156,330.1764705882353,189,1297,0.11357979724397499,0.06501547987616099,0.4461644306845545,0.25,726,10,0.19607843137254902
hinge_production_filtered,"(0, 1, 2, 2, 0, 1, 1, 2)",facility: ρ = id  │  femalepart: ρ = type  │  formedpart: ρ = p_masskg_band  │  hinge: ρ = p_masskg_band  │  hingepack: ρ = id  │  malepart: ρ = p_masskg  │  steelpin: ρ = type  │  steelsheet: ρ = p_masskg_band,True,,2823,2907,0.9711042311661506,9,0.6,26.995184038527693,1,1.0297555791710946,3,0.028895768833849367,0.0,0.18329208299996935,45.87431141700017,gspan,2907,26.995184038527693,78475,145,17,17,156,1151.0588235294117,1297,2066,0.3959610676055768,0.4461644306845545,0.7106983144134847,0.25,726,14,0.8235294117647058
hinge_production_filtered,"(0, 1, 2, 2, 0, 1, 1, 3)",facility: ρ = id  │  femalepart: ρ = type  │  formedpart: ρ = p_masskg_band  │  hinge: ρ = p_masskg_band  │  hingepack: ρ = id  │  malepart: ρ = p_masskg  │  steelpin: ρ = type  │  steelsheet: ρ = SteelCoil,True,,2830,2907,0.9735122119023047,8,0.5333333333333333,26.995184038527693,1,1.027208480565371,2,0.026487788097695253,0.0,0.20662779200006298,6.752564333000009,gspan,2907,26.995184038527693,78475,145,26,26,310,528.3461538461538,363.0,1297,0.1817496229260935,0.12487100103199174,0.4461644306845545,0.25,726,6,0.23076923076923078
hinge_production_filtered,"(0, 1, 2, 2, 0, 2, 1, 1)",facility: ρ = id  │  femalepart: ρ = type  │  formedpart: ρ = p_masskg_band  │  hinge: ρ = p_masskg_band  │  hingepack: ρ = id  │  malepart: ρ = p_masskg_band  │  steelpin: ρ = type  │  steelsheet: ρ = p_masskg,True,,2902,2907,0.99828001375989,9,0.6,26.995184038527693,1,1.001722949689869,2,0.0017199862401100496,0.0,0.1771034170000121,14.653125249999903,gspan,2907,26.995184038527693,78475,145,60,60,156,362.85,189.5,1297,0.12481940144478845,0.065187478500172,0.4461644306845545,0.25,726,13,0.21666666666666667
hinge_production_filtered,"(0, 1, 2, 2, 1, 1, 1, 1)",facility: ρ = id  │  femalepart: ρ = type  │  formedpart: ρ = p_masskg_band  │  hinge: ρ = p_masskg_band  │  hingepack: ρ = type  │  malepart: ρ = p_masskg  │  steelpin: ρ = type  │  steelsheet: ρ = p_masskg,True,,2207,2907,0.7592019263845889,9,0.6,26.995184038527693,1,1.31717263253285,7,0.24079807361541106,0.0,0.17289116599999943,10.999420125000142,gspan,2907,26.995184038527693,78475,145,46,46,156,260.3695652173913,189.0,1297,0.08956641390347138,0.06501547987616099,0.4461644306845545,0.25,726,5,0.10869565217391304
hinge_production_filtered,"(0, 1, 2, 3, 0, 1, 1, 1)",facility: ρ = id  │  femalepart: ρ = type  │  formedpart: ρ = p_masskg_band  │  hinge: ρ = type  │  hingepack: ρ = id  │  malepart: ρ = p_masskg  │  steelpin: ρ = type  │  steelsheet: ρ = p_masskg,True,,2902,2907,0.99828001375989,9,0.6,26.995184038527693,1,1.001722949689869,2,0.0017199862401100496,0.0,0.16946841699996185,10.949994875000812,gspan,2907,26.995184038527693,78475,145,46,46,156,260.3695652173913,189.0,1297,0.08956641390347138,0.06501547987616099,0.4461644306845545,0.25,726,5,0.10869565217391304
hinge_production_filtered,"(0, 1, 3, 1, 0, 1, 1, 2)",facility: ρ = id  │  femalepart: ρ = type  │  formedpart: ρ = type  │  hinge: ρ = p_masskg  │  hingepack: ρ = id  │  malepart: ρ = p_masskg  │  steelpin: ρ = type  │  steelsheet: ρ = p_masskg_band,True,,2902,2907,0.99828001375989,9,0.6,26.995184038527693,1,1.001722949689869,2,0.0017199862401100496,0.0,0.19457233299999643,3.3703238329999294,gspan,2907,26.995184038527693,78475,145,11,10,1187,1661.8,1495.0,2066,0.5716546267629858,0.5142758857929136,0.7106983144134847,0.25,726,10,1.0
hinge_production_filtered,"(0, 1, 3, 1, 0, 1, 1, 3)",facility: ρ = id  │  femalepart: ρ = type  │  formedpart: ρ = type  │  hinge: ρ = p_masskg  │  hingepack: ρ = id  │  malepart: ρ = p_masskg  │  steelpin: ρ = type  │  steelsheet: ρ = SteelCoil,True,,2902,2907,0.99828001375989,8,0.5333333333333333,26.995184038527693,1,1.001722949689869,2,0.0017199862401100496,0.0,0.2123738330000151,3.4372650420000355,gspan,2907,26.995184038527693,78475,145,10,9,702,769.8888888888889,793,810,0.26483965906050533,0.27278981768145855,0.2786377708978328,0.25,726,7,0.7777777777777778
hinge_production_filtered,"(0, 1, 3, 1, 0, 2, 1, 1)",facility: ρ = id  │  femalepart: ρ = type  │  formedpart: ρ = type  │  hinge: ρ = p_masskg  │  hingepack: ρ = id  │  malepart: ρ = p_masskg_band  │  steelpin: ρ = type  │  steelsheet: ρ = p_masskg,True,,2902,2907,0.99828001375989,9,0.6,26.995184038527693,1,1.001722949689869,2,0.0017199862401100496,0.0,0.2372386250000318,49.37241804199948,gspan,2907,26.995184038527693,78475,145,32,29,156,322.58620689655174,189,1268,0.11096876742227442,0.06501547987616099,0.43618851049191604,0.25,726,5,0.1724137931034483
hinge_production_filtered,"(0, 1, 3, 1, 1, 1, 1, 1)",facility: ρ = id  │  femalepart: ρ = type  │  formedpart: ρ = type  │  hinge: ρ = p_masskg  │  hingepack: ρ = type  │  malepart: ρ = p_masskg  │  steelpin: ρ = type  │  steelsheet: ρ = p_masskg,True,,2902,2907,0.99828001375989,9,0.6,26.995184038527693,1,1.001722949689869,2,0.0017199862401100496,0.0,0.183402208000075,6.733326249999664,gspan,2907,26.995184038527693,78475,145,27,24,156,182.875,183.5,207,0.06290849673202614,0.0631234950120399,0.07120743034055728,0.25,726,0,0.0
hinge_production_filtered,"(0, 1, 3, 2, 0, 1, 1, 1)",facility: ρ = id  │  femalepart: ρ = type  │  formedpart: ρ = type  │  hinge: ρ = p_masskg_band  │  hingepack: ρ = id  │  malepart: ρ = p_masskg  │  steelpin: ρ = type  │  steelsheet: ρ = p_masskg,True,,2902,2907,0.99828001375989,9,0.6,26.995184038527693,1,1.001722949689869,2,0.0017199862401100496,0.0,0.17640849999997954,6.867376834000424,gspan,2907,26.995184038527693,78475,145,27,24,156,182.875,183.5,207,0.06290849673202614,0.0631234950120399,0.07120743034055728,0.25,726,0,0.0
hinge_production_filtered,"(1, 1, 1, 1, 0, 1, 1, 4)",facility: ρ = type  │  femalepart: ρ = type  │  formedpart: ρ = p_masskg  │  hinge: ρ = p_masskg  │  hingepack: ρ = id  │  malepart: ρ = p_masskg  │  steelpin: ρ = type  │  steelsheet: ρ = type,True,,2902,2907,0.99828001375989,8,0.5333333333333333,26.995184038527693,1,1.001722949689869,2,0.0017199862401100496,0.0,0.19320783299997402,4.129178834000413,gspan,2907,26.995184038527693,78475,145,14,14,177,191.0,191.0,207,0.06570347437220503,0.06570347437220503,0.07120743034055728,0.25,726,0,0.0
hinge_production_filtered,"(1, 1, 1, 1, 0, 2, 1, 2)",facility: ρ = type  │  femalepart: ρ = type  │  formedpart: ρ = p_masskg  │  hinge: ρ = p_masskg  │  hingepack: ρ = id  │  malepart: ρ = p_masskg_band  │  steelpin: ρ = type  │  steelsheet: ρ = p_masskg_band,True,,2902,2907,0.99828001375989,9,0.6,26.995184038527693,1,1.001722949689869,2,0.0017199862401100496,0.0,0.18242866599996432,11.15255929199975,gspan,2907,26.995184038527693,78475,145,41,41,156,264.0,186,2066,0.09081527347781218,0.06398348813209494,0.7106983144134847,0.25,726,2,0.04878048780487805
hinge_production_filtered,"(1, 1, 1, 1, 0, 2, 1, 3)",facility: ρ = type  │  femalepart: ρ = type  │  formedpart: ρ = p_masskg  │  hinge: ρ = p_masskg  │  hingepack: ρ = id  │  malepart: ρ = p_masskg_band  │  steelpin: ρ = type  │  steelsheet: ρ = SteelCoil,True,,2902,2907,0.99828001375989,8,0.5333333333333333,26.995184038527693,1,1.001722949689869,2,0.0017199862401100496,0.0,0.19347920899997462,1.2744760420000603,gspan,2907,26.995184038527693,78475,145,3,3,702,768.3333333333334,793,810,0.26430455223024885,0.27278981768145855,0.2786377708978328,0.25,726,2,0.6666666666666666
hinge_production_filtered,"(1, 1, 1, 1, 0, 3, 1, 1)",facility: ρ = type  │  femalepart: ρ = type  │  formedpart: ρ = p_masskg  │  hinge: ρ = p_masskg  │  hingepack: ρ = id  │  malepart: ρ = type  │  steelpin: ρ = type  │  steelsheet: ρ = p_masskg,True,,2902,2907,0.99828001375989,9,0.6,26.995184038527693,1,1.001722949689869,2,0.0017199862401100496,0.0,0.1698242920000439,50.541865084000165,gspan,2907,26.995184038527693,78475,145,44,44,156,184.61363636363637,186.0,207,0.06350658285642806,0.06398348813209494,0.07120743034055728,0.25,726,0,0.0
hinge_production_filtered,"(1, 1, 1, 1, 1, 1, 1, 2)",facility: ρ = type  │  femalepart: ρ = type  │  formedpart: ρ = p_masskg  │  hinge: ρ = p_masskg  │  hingepack: ρ = type  │  malepart: ρ = p_masskg  │  steelpin: ρ = type  │  steelsheet: ρ = p_masskg_band,True,,2902,2907,0.99828001375989,9,0.6,26.995184038527693,1,1.001722949689869,2,0.0017199862401100496,0.0,0.18226054199999453,10.738119292000192,gspan,2907,26.995184038527693,78475,145,39,39,156,267.64102564102564,186,2066,0.0920677762783026,0.06398348813209494,0.7106983144134847,0.25,726,2,0.05128205128205128
hinge_production_filtered,"(1, 1, 1, 1, 1, 1, 1, 3)",facility: ρ = type  │  femalepart: ρ = type  │  formedpart: ρ = p_masskg  │  hinge: ρ = p_masskg  │  hingepack: ρ = type  │  malepart: ρ = p_masskg  │  steelpin: ρ = type  │  steelsheet: ρ = SteelCoil,True,,2902,2907,0.99828001375989,8,0.5333333333333333,26.995184038527693,1,1.001722949689869,2,0.0017199862401100496,0.0,0.19089287500003138,1.2756307500003459,gspan,2907,26.995184038527693,78475,145,3,3,702,768.3333333333334,793,810,0.26430455223024885,0.27278981768145855,0.2786377708978328,0.25,726,2,0.6666666666666666
hinge_production_filtered,"(1, 1, 1, 1, 1, 2, 1, 1)",facility: ρ = type  │  femalepart: ρ = type  │  formedpart: ρ = p_masskg  │  hinge: ρ = p_masskg  │  hingepack: ρ = type  │  malepart: ρ = p_masskg_band  │  steelpin: ρ = type  │  steelsheet: ρ = p_masskg,True,,2902,2907,0.99828001375989,9,0.6,26.995184038527693,1,1.001722949689869,2,0.0017199862401100496,0.0,0.17390937499999382,11.136707583000316,gspan,2907,26.995184038527693,78475,145,43,43,156,184.7906976744186,187,207,0.06356749146006832,0.06432748538011696,0.07120743034055728,0.25,726,0,0.0
hinge_production_filtered,"(1, 1, 1, 2, 0, 1, 1, 2)",facility: ρ = type  │  femalepart: ρ = type  │  formedpart: ρ = p_masskg  │  hinge: ρ = p_masskg_band  │  hingepack: ρ = id  │  malepart: ρ = p_masskg  │  steelpin: ρ = type  │  steelsheet: ρ = p_masskg_band,True,,2902,2907,0.99828001375989,9,0.6,26.995184038527693,1,1.001722949689869,2,0.0017199862401100496,0.0,0.17974987499997042,12.878944332999708,gspan,2907,26.995184038527693,78475,145,43,43,156,260.83720930232556,189,2066,0.08972728218174254,0.06501547987616099,0.7106983144134847,0.25,726,2,0.046511627906976744
hinge_production_filtered,"(1, 1, 1, 2, 0, 1, 1, 3)",facility: ρ = type  │  femalepart: ρ = type  │  formedpart: ρ = p_masskg  │  hinge: ρ = p_masskg_band  │  hingepack: ρ = id  │  malepart: ρ = p_masskg  │  steelpin: ρ = type  │  steelsheet: ρ = SteelCoil,True,,2902,2907,0.99828001375989,8,0.5333333333333333,26.995184038527693,1,1.001722949689869,2,0.0017199862401100496,0.0,0.18934329100000014,1.3099355839995042,gspan,2907,26.995184038527693,78475,145,3,3,702,768.3333333333334,793,810,0.26430455223024885,0.27278981768145855,0.2786377708978328,0.25,726,2,0.6666666666666666
hinge_production_filtered,"(1, 1, 1, 2, 0, 2, 1, 1)",facility: ρ = type  │  femalepart: ρ = type  │  formedpart: ρ = p_masskg  │  hinge: ρ = p_masskg_band  │  hingepack: ρ = id  │  malepart: ρ = p_masskg_band  │  steelpin: ρ = type  │  steelsheet: ρ = p_masskg,True,,2902,2907,0.99828001375989,9,0.6,26.995184038527693,1,1.001722949689869,2,0.0017199862401100496,0.0,0.16698904099996525,13.060856500000227,gspan,2907,26.995184038527693,78475,145,51,51,156,236.13725490196077,189,747,0.08123056584174777,0.06501547987616099,0.25696594427244585,0.25,726,2,0.0392156862745098
hinge_production_filtered,"(1, 1, 1, 2, 1, 1, 1, 1)",facility: ρ = type  │  femalepart: ρ = type  │  formedpart: ρ = p_masskg  │  hinge: ρ = p_masskg_band  │  hingepack: ρ = type  │  malepart: ρ = p_masskg  │  steelpin: ρ = type  │  steelsheet: ρ = p_masskg,True,,2207,2907,0.7592019263845889,9,0.6,26.995184038527693,1,1.31717263253285,7,0.24079807361541106,0.0,0.16734779199998684,52.897750208000616,gspan,2907,26.995184038527693,78475,145,44,44,156,184.61363636363637,186.0,207,0.06350658285642806,0.06398348813209494,0.07120743034055728,0.25,726,0,0.0
hinge_production_filtered,"(1, 1, 1, 3, 0, 1, 1, 1)",facility: ρ = type  │  femalepart: ρ = type  │  formedpart: ρ = p_masskg  │  hinge: ρ = type  │  hingepack: ρ = id  │  malepart: ρ = p_masskg  │  steelpin: ρ = type  │  steelsheet: ρ = p_masskg,True,,2902,2907,0.99828001375989,9,0.6,26.995184038527693,1,1.001722949689869,2,0.0017199862401100496,0.0,0.1637636250000014,10.409808999999768,gspan,2907,26.995184038527693,78475,145,44,44,156,184.61363636363637,186.0,207,0.06350658285642806,0.06398348813209494,0.07120743034055728,0.25,726,0,0.0
hinge_production_filtered,"(1, 1, 2, 1, 0, 1, 1, 2)",facility: ρ = type  │  femalepart: ρ = type  │  formedpart: ρ = p_masskg_band  │  hinge: ρ = p_masskg  │  hingepack: ρ = id  │  malepart: ρ = p_masskg  │  steelpin: ρ = type  │  steelsheet: ρ = p_masskg_band,True,,2902,2907,0.99828001375989,9,0.6,26.995184038527693,1,1.001722949689869,2,0.0017199862401100496,0.0,0.18687458399995194,4.480028166999546,gspan,2907,26.995184038527693,78475,145,16,16,156,1211.625,1297.0,2066,0.4167956656346749,0.4461644306845545,0.7106983144134847,0.25,726,14,0.875
hinge_production_filtered,"(1, 1, 2, 1, 0, 1, 1, 3)",facility: ρ = type  │  femalepart: ρ = type  │  formedpart: ρ = p_masskg_band  │  hinge: ρ = p_masskg  │  hingepack: ρ = id  │  malepart: ρ = p_masskg  │  steelpin: ρ = type  │  steelsheet: ρ = SteelCoil,True,,2902,2907,0.99828001375989,8,0.5333333333333333,26.995184038527693,1,1.001722949689869,2,0.0017199862401100496,0.0,0.20166729200002464,9.142073665999305,gspan,2907,26.995184038527693,78475,145,35,35,210,479.74285714285713,368,1297,0.16503022261536193,0.12659098727210183,0.4461644306845545,0.25,726,6,0.17142857142857143
hinge_production_filtered,"(1, 1, 2, 1, 0, 2, 1, 1)",facility: ρ = type  │  femalepart: ρ = type  │  formedpart: ρ = p_masskg_band  │  hinge: ρ = p_masskg  │  hingepack: ρ = id  │  malepart: ρ = p_masskg_band  │  steelpin: ρ = type  │  steelsheet: ρ = p_masskg,True,,2902,2907,0.99828001375989,9,0.6,26.995184038527693,1,1.001722949689869,2,0.0017199862401100496,0.0,0.17695833400000538,12.322752332999698,gspan,2907,26.995184038527693,78475,145,51,51,156,330.1764705882353,189,1297,0.11357979724397499,0.06501547987616099,0.4461644306845545,0.25,726,10,0.19607843137254902
hinge_production_filtered,"(1, 1, 2, 1, 1, 1, 1, 1)",facility: ρ = type  │  femalepart: ρ = type  │  formedpart: ρ = p_masskg_band  │  hinge: ρ = p_masskg  │  hingepack: ρ = type  │  malepart: ρ = p_masskg  │  steelpin: ρ = type  │  steelsheet: ρ = p_masskg,True,,2902,2907,0.99828001375989,9,0.6,26.995184038527693,1,1.001722949689869,2,0.0017199862401100496,0.0,0.17842029200005527,12.509461415999795,gspan,2907,26.995184038527693,78475,145,45,45,156,263.5111111111111,189,1297,0.09064709704544587,0.06501547987616099,0.4461644306845545,0.25,726,5,0.1111111111111111
hinge_production_filtered,"(1, 1, 2, 2, 0, 1, 1, 1)",facility: ρ = type  │  femalepart: ρ = type  │  formedpart: ρ = p_masskg_band  │  hinge: ρ = p_masskg_band  │  hingepack: ρ = id  │  malepart: ρ = p_masskg  │  steelpin: ρ = type  │  steelsheet: ρ = p_masskg,True,,2902,2907,0.99828001375989,9,0.6,26.995184038527693,1,1.001722949689869,2,0.0017199862401100496,0.0,0.17265533299996605,56.956335625000065,gspan,2907,26.995184038527693,78475,145,46,46,156,260.3695652173913,189.0,1297,0.08956641390347138,0.06501547987616099,0.4461644306845545,0.25,726,5,0.10869565217391304
hinge_production_filtered,"(1, 1, 3, 1, 0, 1, 1, 1)",facility: ρ = type  │  femalepart: ρ = type  │  formedpart: ρ = type  │  hinge: ρ = p_masskg  │  hingepack: ρ = id  │  malepart: ρ = p_masskg  │  steelpin: ρ = type  │  steelsheet: ρ = p_masskg,True,,2902,2907,0.99828001375989,9,0.6,26.995184038527693,1,1.001722949689869,2,0.0017199862401100496,0.0,0.18010862500000258,8.19545454099989,gspan,2907,26.995184038527693,78475,145,27,24,156,182.875,183.5,207,0.06290849673202614,0.0631234950120399,0.07120743034055728,0.25,726,0,0.0
hinge_production_filtered,"(0, 1, 1, 1, 0, 1, 1, 4)",facility: ρ = id  │  femalepart: ρ = type  │  formedpart: ρ = p_masskg  │  hinge: ρ = p_masskg  │  hingepack: ρ = id  │  malepart: ρ = p_masskg  │  steelpin: ρ = type  │  steelsheet: ρ = type,True,,2902,2907,0.99828001375989,7,0.4666666666666667,26.995184038527693,1,1.001722949689869,2,0.0017199862401100496,0.0,0.18883487499999774,4.349809041999833,gspan,2907,26.995184038527693,78475,145,14,14,177,191.0,191.0,207,0.06570347437220503,0.06570347437220503,0.07120743034055728,0.25,726,0,0.0
hinge_production_filtered,"(0, 1, 1, 1, 0, 2, 1, 2)",facility: ρ = id  │  femalepart: ρ = type  │  formedpart: ρ = p_masskg  │  hinge: ρ = p_masskg  │  hingepack: ρ = id  │  malepart: ρ = p_masskg_band  │  steelpin: ρ = type  │  steelsheet: ρ = p_masskg_band,True,,2902,2907,0.99828001375989,8,0.5333333333333333,26.995184038527693,1,1.001722949689869,2,0.0017199862401100496,0.0,0.2422898749999831,11.294160208000903,gspan,2907,26.995184038527693,78475,145,41,41,156,264.0,186,2066,0.09081527347781218,0.06398348813209494,0.7106983144134847,0.25,726,2,0.04878048780487805
hinge_production_filtered,"(0, 1, 1, 1, 0, 2, 1, 3)",facility: ρ = id  │  femalepart: ρ = type  │  formedpart: ρ = p_masskg  │  hinge: ρ = p_masskg  │  hingepack: ρ = id  │  malepart: ρ = p_masskg_band  │  steelpin: ρ = type  │  steelsheet: ρ = SteelCoil,True,,2902,2907,0.99828001375989,7,0.4666666666666667,26.995184038527693,1,1.001722949689869,2,0.0017199862401100496,0.0,0.19518058300002394,1.316390040999977,gspan,2907,26.995184038527693,78475,145,3,3,702,768.3333333333334,793,810,0.26430455223024885,0.27278981768145855,0.2786377708978328,0.25,726,2,0.6666666666666666
hinge_production_filtered,"(0, 1, 1, 1, 0, 3, 1, 1)",facility: ρ = id  │  femalepart: ρ = type  │  formedpart: ρ = p_masskg  │  hinge: ρ = p_masskg  │  hingepack: ρ = id  │  malepart: ρ = type  │  steelpin: ρ = type  │  steelsheet: ρ = p_masskg,True,,2902,2907,0.99828001375989,8,0.5333333333333333,26.995184038527693,1,1.001722949689869,2,0.0017199862401100496,0.0,0.17365095799993924,11.428512750000664,gspan,2907,26.995184038527693,78475,145,44,44,156,184.61363636363637,186.0,207,0.06350658285642806,0.06398348813209494,0.07120743034055728,0.25,726,0,0.0
hinge_production_filtered,"(0, 1, 1, 1, 1, 1, 1, 2)",facility: ρ = id  │  femalepart: ρ = type  │  formedpart: ρ = p_masskg  │  hinge: ρ = p_masskg  │  hingepack: ρ = type  │  malepart: ρ = p_masskg  │  steelpin: ρ = type  │  steelsheet: ρ = p_masskg_band,True,,2902,2907,0.99828001375989,8,0.5333333333333333,26.995184038527693,1,1.001722949689869,2,0.0017199862401100496,0.0,0.18170345800001542,14.643199709000328,gspan,2907,26.995184038527693,78475,145,39,39,156,267.64102564102564,186,2066,0.0920677762783026,0.06398348813209494,0.7106983144134847,0.25,726,2,0.05128205128205128
hinge_production_filtered,"(0, 1, 1, 1, 1, 1, 1, 3)",facility: ρ = id  │  femalepart: ρ = type  │  formedpart: ρ = p_masskg  │  hinge: ρ = p_masskg  │  hingepack: ρ = type  │  malepart: ρ = p_masskg  │  steelpin: ρ = type  │  steelsheet: ρ = SteelCoil,True,,2902,2907,0.99828001375989,7,0.4666666666666667,26.995184038527693,1,1.001722949689869,2,0.0017199862401100496,0.0,0.1937067080000361,42.54461512499984,gspan,2907,26.995184038527693,78475,145,3,3,702,768.3333333333334,793,810,0.26430455223024885,0.27278981768145855,0.2786377708978328,0.25,726,2,0.6666666666666666
hinge_production_filtered,"(0, 1, 1, 1, 1, 2, 1, 1)",facility: ρ = id  │  femalepart: ρ = type  │  formedpart: ρ = p_masskg  │  hinge: ρ = p_masskg  │  hingepack: ρ = type  │  malepart: ρ = p_masskg_band  │  steelpin: ρ = type  │  steelsheet: ρ = p_masskg,True,,2902,2907,0.99828001375989,8,0.5333333333333333,26.995184038527693,1,1.001722949689869,2,0.0017199862401100496,0.0,0.17253183299999364,10.280856457999107,gspan,2907,26.995184038527693,78475,145,43,43,156,184.7906976744186,187,207,0.06356749146006832,0.06432748538011696,0.07120743034055728,0.25,726,0,0.0
hinge_production_filtered,"(0, 1, 1, 2, 0, 1, 1, 2)",facility: ρ = id  │  femalepart: ρ = type  │  formedpart: ρ = p_masskg  │  hinge: ρ = p_masskg_band  │  hingepack: ρ = id  │  malepart: ρ = p_masskg  │  steelpin: ρ = type  │  steelsheet: ρ = p_masskg_band,True,,2902,2907,0.99828001375989,8,0.5333333333333333,26.995184038527693,1,1.001722949689869,2,0.0017199862401100496,0.0,0.1774804579999909,11.791717750000316,gspan,2907,26.995184038527693,78475,145,43,43,156,260.83720930232556,189,2066,0.08972728218174254,0.06501547987616099,0.7106983144134847,0.25,726,2,0.046511627906976744
hinge_production_filtered,"(0, 1, 1, 2, 0, 1, 1, 3)",facility: ρ = id  │  femalepart: ρ = type  │  formedpart: ρ = p_masskg  │  hinge: ρ = p_masskg_band  │  hingepack: ρ = id  │  malepart: ρ = p_masskg  │  steelpin: ρ = type  │  steelsheet: ρ = SteelCoil,True,,2902,2907,0.99828001375989,7,0.4666666666666667,26.995184038527693,1,1.001722949689869,2,0.0017199862401100496,0.0,0.18925045800006046,1.3271592080000119,gspan,2907,26.995184038527693,78475,145,3,3,702,768.3333333333334,793,810,0.26430455223024885,0.27278981768145855,0.2786377708978328,0.25,726,2,0.6666666666666666
hinge_production_filtered,"(0, 1, 1, 2, 0, 2, 1, 1)",facility: ρ = id  │  femalepart: ρ = type  │  formedpart: ρ = p_masskg  │  hinge: ρ = p_masskg_band  │  hingepack: ρ = id  │  malepart: ρ = p_masskg_band  │  steelpin: ρ = type  │  steelsheet: ρ = p_masskg,True,,2902,2907,0.99828001375989,8,0.5333333333333333,26.995184038527693,1,1.001722949689869,2,0.0017199862401100496,0.0,0.1689330000000382,12.594443208001394,gspan,2907,26.995184038527693,78475,145,51,51,156,236.13725490196077,189,747,0.08123056584174777,0.06501547987616099,0.25696594427244585,0.25,726,2,0.0392156862745098
hinge_production_filtered,"(0, 1, 1, 2, 1, 1, 1, 1)",facility: ρ = id  │  femalepart: ρ = type  │  formedpart: ρ = p_masskg  │  hinge: ρ = p_masskg_band  │  hingepack: ρ = type  │  malepart: ρ = p_masskg  │  steelpin: ρ = type  │  steelsheet: ρ = p_masskg,True,,2207,2907,0.7592019263845889,8,0.5333333333333333,26.995184038527693,1,1.31717263253285,7,0.24079807361541106,0.0,0.1688507500000469,10.504026124999655,gspan,2907,26.995184038527693,78475,145,44,44,156,184.61363636363637,186.0,207,0.06350658285642806,0.06398348813209494,0.07120743034055728,0.25,726,0,0.0
hinge_production_filtered,"(0, 1, 1, 3, 0, 1, 1, 1)",facility: ρ = id  │  femalepart: ρ = type  │  formedpart: ρ = p_masskg  │  hinge: ρ = type  │  hingepack: ρ = id  │  malepart: ρ = p_masskg  │  steelpin: ρ = type  │  steelsheet: ρ = p_masskg,True,,2902,2907,0.99828001375989,8,0.5333333333333333,26.995184038527693,1,1.001722949689869,2,0.0017199862401100496,0.0,0.16457245800006604,11.966624791999493,gspan,2907,26.995184038527693,78475,145,44,44,156,184.61363636363637,186.0,207,0.06350658285642806,0.06398348813209494,0.07120743034055728,0.25,726,0,0.0
hinge_production_filtered,"(0, 1, 2, 1, 0, 1, 1, 2)",facility: ρ = id  │  femalepart: ρ = type  │  formedpart: ρ = p_masskg_band  │  hinge: ρ = p_masskg  │  hingepack: ρ = id  │  malepart: ρ = p_masskg  │  steelpin: ρ = type  │  steelsheet: ρ = p_masskg_band,True,,2902,2907,0.99828001375989,8,0.5333333333333333,26.995184038527693,1,1.001722949689869,2,0.0017199862401100496,0.0,0.18609937500002616,47.16242537499966,gspan,2907,26.995184038527693,78475,145,16,16,156,1211.625,1297.0,2066,0.4167956656346749,0.4461644306845545,0.7106983144134847,0.25,726,14,0.875
hinge_production_filtered,"(0, 1, 2, 1, 0, 1, 1, 3)",facility: ρ = id  │  femalepart: ρ = type  │  formedpart: ρ = p_masskg_band  │  hinge: ρ = p_masskg  │  hingepack: ρ = id  │  malepart: ρ = p_masskg  │  steelpin: ρ = type  │  steelsheet: ρ = SteelCoil,True,,2902,2907,0.99828001375989,7,0.4666666666666667,26.995184038527693,1,1.001722949689869,2,0.0017199862401100496,0.0,0.1996929580000142,9.95079058400006,gspan,2907,26.995184038527693,78475,145,35,35,210,479.74285714285713,368,1297,0.16503022261536193,0.12659098727210183,0.4461644306845545,0.25,726,6,0.17142857142857143
hinge_production_filtered,"(0, 1, 2, 1, 0, 2, 1, 1)",facility: ρ = id  │  femalepart: ρ = type  │  formedpart: ρ = p_masskg_band  │  hinge: ρ = p_masskg  │  hingepack: ρ = id  │  malepart: ρ = p_masskg_band  │  steelpin: ρ = type  │  steelsheet: ρ = p_masskg,True,,2902,2907,0.99828001375989,8,0.5333333333333333,26.995184038527693,1,1.001722949689869,2,0.0017199862401100496,0.0,0.17867437500001415,12.993628916001398,gspan,2907,26.995184038527693,78475,145,51,51,156,330.1764705882353,189,1297,0.11357979724397499,0.06501547987616099,0.4461644306845545,0.25,726,10,0.19607843137254902
hinge_production_filtered,"(0, 1, 2, 1, 1, 1, 1, 1)",facility: ρ = id  │  femalepart: ρ = type  │  formedpart: ρ = p_masskg_band  │  hinge: ρ = p_masskg  │  hingepack: ρ = type  │  malepart: ρ = p_masskg  │  steelpin: ρ = type  │  steelsheet: ρ = p_masskg,True,,2902,2907,0.99828001375989,8,0.5333333333333333,26.995184038527693,1,1.001722949689869,2,0.0017199862401100496,0.0,0.17647616600004312,10.931319541999983,gspan,2907,26.995184038527693,78475,145,45,45,156,263.5111111111111,189,1297,0.09064709704544587,0.06501547987616099,0.4461644306845545,0.25,726,5,0.1111111111111111
hinge_production_filtered,"(0, 1, 2, 2, 0, 1, 1, 1)",facility: ρ = id  │  femalepart: ρ = type  │  formedpart: ρ = p_masskg_band  │  hinge: ρ = p_masskg_band  │  hingepack: ρ = id  │  malepart: ρ = p_masskg  │  steelpin: ρ = type  │  steelsheet: ρ = p_masskg,True,,2902,2907,0.99828001375989,8,0.5333333333333333,26.995184038527693,1,1.001722949689869,2,0.0017199862401100496,0.0,0.1739869580000004,11.416220625000278,gspan,2907,26.995184038527693,78475,145,46,46,156,260.3695652173913,189.0,1297,0.08956641390347138,0.06501547987616099,0.4461644306845545,0.25,726,5,0.10869565217391304
hinge_production_filtered,"(0, 1, 3, 1, 0, 1, 1, 1)",facility: ρ = id  │  femalepart: ρ = type  │  formedpart: ρ = type  │  hinge: ρ = p_masskg  │  hingepack: ρ = id  │  malepart: ρ = p_masskg  │  steelpin: ρ = type  │  steelsheet: ρ = p_masskg,True,,2902,2907,0.99828001375989,8,0.5333333333333333,26.995184038527693,1,1.001722949689869,2,0.0017199862401100496,0.0,0.17992929100000765,7.332120291999672,gspan,2907,26.995184038527693,78475,145,27,24,156,182.875,183.5,207,0.06290849673202614,0.0631234950120399,0.07120743034055728,0.25,726,0,0.0
hinge_production_filtered,"(1, 1, 1, 1, 0, 1, 1, 2)",facility: ρ = type  │  femalepart: ρ = type  │  formedpart: ρ = p_masskg  │  hinge: ρ = p_masskg  │  hingepack: ρ = id  │  malepart: ρ = p_masskg  │  steelpin: ρ = type  │  steelsheet: ρ = p_masskg_band,True,,2902,2907,0.99828001375989,8,0.5333333333333333,26.995184038527693,1,1.001722949689869,2,0.0017199862401100496,0.0,0.1804646660000344,53.12346400000024,gspan,2907,26.995184038527693,78475,145,39,39,156,267.64102564102564,186,2066,0.0920677762783026,0.06398348813209494,0.7106983144134847,0.25,726,2,0.05128205128205128
hinge_production_filtered,"(1, 1, 1, 1, 0, 1, 1, 3)",facility: ρ = type  │  femalepart: ρ = type  │  formedpart: ρ = p_masskg  │  hinge: ρ = p_masskg  │  hingepack: ρ = id  │  malepart: ρ = p_masskg  │  steelpin: ρ = type  │  steelsheet: ρ = SteelCoil,True,,2902,2907,0.99828001375989,7,0.4666666666666667,26.995184038527693,1,1.001722949689869,2,0.0017199862401100496,0.0,0.1900367499999902,1.3064237910002703,gspan,2907,26.995184038527693,78475,145,3,3,702,768.3333333333334,793,810,0.26430455223024885,0.27278981768145855,0.2786377708978328,0.25,726,2,0.6666666666666666
hinge_production_filtered,"(1, 1, 1, 1, 0, 2, 1, 1)",facility: ρ = type  │  femalepart: ρ = type  │  formedpart: ρ = p_masskg  │  hinge: ρ = p_masskg  │  hingepack: ρ = id  │  malepart: ρ = p_masskg_band  │  steelpin: ρ = type  │  steelsheet: ρ = p_masskg,True,,2902,2907,0.99828001375989,8,0.5333333333333333,26.995184038527693,1,1.001722949689869,2,0.0017199862401100496,0.0,0.17287016599993876,10.312619082998935,gspan,2907,26.995184038527693,78475,145,43,43,156,184.7906976744186,187,207,0.06356749146006832,0.06432748538011696,0.07120743034055728,0.25,726,0,0.0
hinge_production_filtered,"(1, 1, 1, 1, 1, 1, 1, 1)",facility: ρ = type  │  femalepart: ρ = type  │  formedpart: ρ = p_masskg  │  hinge: ρ = p_masskg  │  hingepack: ρ = type  │  malepart: ρ = p_masskg  │  steelpin: ρ = type  │  steelsheet: ρ = p_masskg,True,,2902,2907,0.99828001375989,8,0.5333333333333333,26.995184038527693,1,1.001722949689869,2,0.0017199862401100496,0.0,0.17190754199998537,10.694659374999901,gspan,2907,26.995184038527693,78475,145,43,43,156,184.7906976744186,187,207,0.06356749146006832,0.06432748538011696,0.07120743034055728,0.25,726,0,0.0
hinge_production_filtered,"(1, 1, 1, 2, 0, 1, 1, 1)",facility: ρ = type  │  femalepart: ρ = type  │  formedpart: ρ = p_masskg  │  hinge: ρ = p_masskg_band  │  hingepack: ρ = id  │  malepart: ρ = p_masskg  │  steelpin: ρ = type  │  steelsheet: ρ = p_masskg,True,,2902,2907,0.99828001375989,8,0.5333333333333333,26.995184038527693,1,1.001722949689869,2,0.0017199862401100496,0.0,0.16870237500006624,11.207431374999942,gspan,2907,26.995184038527693,78475,145,44,44,156,184.61363636363637,186.0,207,0.06350658285642806,0.06398348813209494,0.07120743034055728,0.25,726,0,0.0
hinge_production_filtered,"(1, 1, 2, 1, 0, 1, 1, 1)",facility: ρ = type  │  femalepart: ρ = type  │  formedpart: ρ = p_masskg_band  │  hinge: ρ = p_masskg  │  hingepack: ρ = id  │  malepart: ρ = p_masskg  │  steelpin: ρ = type  │  steelsheet: ρ = p_masskg,True,,2902,2907,0.99828001375989,8,0.5333333333333333,26.995184038527693,1,1.001722949689869,2,0.0017199862401100496,0.0,0.17607683400001406,13.424186167001608,gspan,2907,26.995184038527693,78475,145,45,45,156,263.5111111111111,189,1297,0.09064709704544587,0.06501547987616099,0.4461644306845545,0.25,726,5,0.1111111111111111
hinge_production_filtered,"(0, 1, 1, 1, 0, 1, 1, 2)",facility: ρ = id  │  femalepart: ρ = type  │  formedpart: ρ = p_masskg  │  hinge: ρ = p_masskg  │  hingepack: ρ = id  │  malepart: ρ = p_masskg  │  steelpin: ρ = type  │  steelsheet: ρ = p_masskg_band,True,,2902,2907,0.99828001375989,7,0.4666666666666667,26.995184038527693,1,1.001722949689869,2,0.0017199862401100496,0.0,0.23235729099997116,12.262419332999343,gspan,2907,26.995184038527693,78475,145,39,39,156,267.64102564102564,186,2066,0.0920677762783026,0.06398348813209494,0.7106983144134847,0.25,726,2,0.05128205128205128
hinge_production_filtered,"(0, 1, 1, 1, 0, 1, 1, 3)",facility: ρ = id  │  femalepart: ρ = type  │  formedpart: ρ = p_masskg  │  hinge: ρ = p_masskg  │  hingepack: ρ = id  │  malepart: ρ = p_masskg  │  steelpin: ρ = type  │  steelsheet: ρ = SteelCoil,True,,2902,2907,0.99828001375989,6,0.4,26.995184038527693,1,1.001722949689869,2,0.0017199862401100496,0.0,0.19422108300000218,41.67417037500127,gspan,2907,26.995184038527693,78475,145,3,3,702,768.3333333333334,793,810,0.26430455223024885,0.27278981768145855,0.2786377708978328,0.25,726,2,0.6666666666666666
hinge_production_filtered,"(0, 1, 1, 1, 0, 2, 1, 1)",facility: ρ = id  │  femalepart: ρ = type  │  formedpart: ρ = p_masskg  │  hinge: ρ = p_masskg  │  hingepack: ρ = id  │  malepart: ρ = p_masskg_band  │  steelpin: ρ = type  │  steelsheet: ρ = p_masskg,True,,2902,2907,0.99828001375989,7,0.4666666666666667,26.995184038527693,1,1.001722949689869,2,0.0017199862401100496,0.0,0.17637904100001833,10.256856957999844,gspan,2907,26.995184038527693,78475,145,43,43,156,184.7906976744186,187,207,0.06356749146006832,0.06432748538011696,0.07120743034055728,0.25,726,0,0.0
hinge_production_filtered,"(0, 1, 1, 1, 1, 1, 1, 1)",facility: ρ = id  │  femalepart: ρ = type  │  formedpart: ρ = p_masskg  │  hinge: ρ = p_masskg  │  hingepack: ρ = type  │  malepart: ρ = p_masskg  │  steelpin: ρ = type  │  steelsheet: ρ = p_masskg,True,,2902,2907,0.99828001375989,7,0.4666666666666667,26.995184038527693,1,1.001722949689869,2,0.0017199862401100496,0.0,0.17283970899995893,11.586630417001288,gspan,2907,26.995184038527693,78475,145,43,43,156,184.7906976744186,187,207,0.06356749146006832,0.06432748538011696,0.07120743034055728,0.25,726,0,0.0
hinge_production_filtered,"(0, 1, 1, 2, 0, 1, 1, 1)",facility: ρ = id  │  femalepart: ρ = type  │  formedpart: ρ = p_masskg  │  hinge: ρ = p_masskg_band  │  hingepack: ρ = id  │  malepart: ρ = p_masskg  │  steelpin: ρ = type  │  steelsheet: ρ = p_masskg,True,,2902,2907,0.99828001375989,7,0.4666666666666667,26.995184038527693,1,1.001722949689869,2,0.0017199862401100496,0.0,0.16860012500001176,13.0749287919989,gspan,2907,26.995184038527693,78475,145,44,44,156,184.61363636363637,186.0,207,0.06350658285642806,0.06398348813209494,0.07120743034055728,0.25,726,0,0.0
hinge_production_filtered,"(0, 1, 2, 1, 0, 1, 1, 1)",facility: ρ = id  │  femalepart: ρ = type  │  formedpart: ρ = p_masskg_band  │  hinge: ρ = p_masskg  │  hingepack: ρ = id  │  malepart: ρ = p_masskg  │  steelpin: ρ = type  │  steelsheet: ρ = p_masskg,True,,2902,2907,0.99828001375989,7,0.4666666666666667,26.995184038527693,1,1.001722949689869,2,0.0017199862401100496,0.0,0.18196958300006827,12.340985916998761,gspan,2907,26.995184038527693,78475,145,45,45,156,263.5111111111111,189,1297,0.09064709704544587,0.06501547987616099,0.4461644306845545,0.25,726,5,0.1111111111111111
hinge_production_filtered,"(1, 1, 1, 1, 0, 1, 1, 1)",facility: ρ = type  │  femalepart: ρ = type  │  formedpart: ρ = p_masskg  │  hinge: ρ = p_masskg  │  hingepack: ρ = id  │  malepart: ρ = p_masskg  │  steelpin: ρ = type  │  steelsheet: ρ = p_masskg,True,,2902,2907,0.99828001375989,7,0.4666666666666667,26.995184038527693,1,1.001722949689869,2,0.0017199862401100496,0.0,0.16915879099997255,11.554519332999917,gspan,2907,26.995184038527693,78475,145,43,43,156,184.7906976744186,187,207,0.06356749146006832,0.06432748538011696,0.07120743034055728,0.25,726,0,0.0
hinge_production_filtered,"(0, 1, 1, 1, 0, 1, 1, 1)",facility: ρ = id  │  femalepart: ρ = type  │  formedpart: ρ = p_masskg  │  hinge: ρ = p_masskg  │  hingepack: ρ = id  │  malepart: ρ = p_masskg  │  steelpin: ρ = type  │  steelsheet: ρ = p_masskg,True,,2902,2907,0.99828001375989,6,0.4,26.995184038527693,1,1.001722949689869,2,0.0017199862401100496,0.0,0.17044254199993247,11.26379579100103,gspan,2907,26.995184038527693,78475,145,43,43,156,184.7906976744186,187,207,0.06356749146006832,0.06432748538011696,0.07120743034055728,0.25,726,0,0.0
hinge_production_filtered,"(0, 0, 0, 0, 0, 0, 0, 0)",facility: ρ = id  │  femalepart: ρ = id  │  formedpart: ρ = id  │  hinge: ρ = id  │  hingepack: ρ = id  │  malepart: ρ = id  │  steelpin: ρ = id  │  steelsheet: ρ = id,False,no merging (K = n_executions),2907,2907,1.0,0,0.0,26.995184038527693,1,1.0,1,0.0,0.0,0.15473041699999612,46.527642084000036,gspan,2907,26.995184038527693,78475,145,0,0,0,0.0,0.0,0,0.0,0.0,0.0,0.25,726,0,0.0
