cfg,phi,interesting,reason_skipped,K,n_executions,avg_behavior_size,support_min,support_mean,support_max,reduction_from_bottom,compression_from_bottom
"(1, 1, 3, 3, 1, 3, 1, 4)",facility: ρ = type  │  femalepart: ρ = type  │  formedpart: ρ = type  │  hinge: ρ = type  │  hingepack: ρ = type  │  malepart: ρ = type  │  steelpin: ρ = type  │  steelsheet: ρ = type,True,,2,2907,26.995184038527693,7,1453.5,2900,0.9993120055039559,0.0
"(0, 1, 3, 3, 1, 3, 1, 4)",facility: ρ = id  │  femalepart: ρ = type  │  formedpart: ρ = type  │  hinge: ρ = type  │  hingepack: ρ = type  │  malepart: ρ = type  │  steelpin: ρ = type  │  steelsheet: ρ = type,True,,2,2907,26.995184038527693,7,1453.5,2900,0.9993120055039559,0.0
"(1, 0, 3, 3, 1, 3, 1, 4)",facility: ρ = type  │  femalepart: ρ = id  │  formedpart: ρ = type  │  hinge: ρ = type  │  hingepack: ρ = type  │  malepart: ρ = type  │  steelpin: ρ = type  │  steelsheet: ρ = type,False,no merging (K = n_executions),2907,2907,26.995184038527693,1,1.0,1,0.0,0.0
"(1, 1, 2, 3, 1, 3, 1, 4)",facility: ρ = type  │  femalepart: ρ = type  │  formedpart: ρ = p_masskg_band  │  hinge: ρ = type  │  hingepack: ρ = type  │  malepart: ρ = type  │  steelpin: ρ = type  │  steelsheet: ρ = type,True,,15,2907,26.995184038527693,1,193.8,608,0.9948400412796697,0.0
"(1, 1, 3, 2, 1, 3, 1, 4)",facility: ρ = type  │  femalepart: ρ = type  │  formedpart: ρ = type  │  hinge: ρ = p_masskg_band  │  hingepack: ρ = type  │  malepart: ρ = type  │  steelpin: ρ = type  │  steelsheet: ρ = type,True,,28,2907,26.995184038527693,1,103.82142857142857,696,0.9903680770553835,0.0
"(1, 1, 3, 3, 0, 3, 1, 4)",facility: ρ = type  │  femalepart: ρ = type  │  formedpart: ρ = type  │  hinge: ρ = type  │  hingepack: ρ = id  │  malepart: ρ = type  │  steelpin: ρ = type  │  steelsheet: ρ = type,True,,291,2907,26.995184038527693,7,9.989690721649485,10,0.8998968008255934,0.0
"(1, 1, 3, 3, 1, 2, 1, 4)",facility: ρ = type  │  femalepart: ρ = type  │  formedpart: ρ = type  │  hinge: ρ = type  │  hingepack: ρ = type  │  malepart: ρ = p_masskg_band  │  steelpin: ρ = type  │  steelsheet: ρ = type,True,,6,2907,26.995184038527693,2,484.5,1266,0.9979360165118679,0.0
"(1, 1, 3, 3, 1, 3, 0, 4)",facility: ρ = type  │  femalepart: ρ = type  │  formedpart: ρ = type  │  hinge: ρ = type  │  hingepack: ρ = type  │  malepart: ρ = type  │  steelpin: ρ = id  │  steelsheet: ρ = type,False,no merging (K = n_executions),2907,2907,26.995184038527693,1,1.0,1,0.0,0.0
"(1, 1, 3, 3, 1, 3, 1, 2)",facility: ρ = type  │  femalepart: ρ = type  │  formedpart: ρ = type  │  hinge: ρ = type  │  hingepack: ρ = type  │  malepart: ρ = type  │  steelpin: ρ = type  │  steelsheet: ρ = p_masskg_band,True,,15,2907,26.995184038527693,1,193.8,631,0.9948400412796697,0.0
"(1, 1, 3, 3, 1, 3, 1, 3)",facility: ρ = type  │  femalepart: ρ = type  │  formedpart: ρ = type  │  hinge: ρ = type  │  hingepack: ρ = type  │  malepart: ρ = type  │  steelpin: ρ = type  │  steelsheet: ρ = SteelCoil,True,,11,2907,26.995184038527693,6,264.27272727272725,712,0.9962160302717579,0.0
"(0, 1, 2, 3, 1, 3, 1, 4)",facility: ρ = id  │  femalepart: ρ = type  │  formedpart: ρ = p_masskg_band  │  hinge: ρ = type  │  hingepack: ρ = type  │  malepart: ρ = type  │  steelpin: ρ = type  │  steelsheet: ρ = type,True,,15,2907,26.995184038527693,1,193.8,608,0.9948400412796697,0.0
"(0, 1, 3, 2, 1, 3, 1, 4)",facility: ρ = id  │  femalepart: ρ = type  │  formedpart: ρ = type  │  hinge: ρ = p_masskg_band  │  hingepack: ρ = type  │  malepart: ρ = type  │  steelpin: ρ = type  │  steelsheet: ρ = type,True,,28,2907,26.995184038527693,1,103.82142857142857,696,0.9903680770553835,0.0
"(0, 1, 3, 3, 0, 3, 1, 4)",facility: ρ = id  │  femalepart: ρ = type  │  formedpart: ρ = type  │  hinge: ρ = type  │  hingepack: ρ = id  │  malepart: ρ = type  │  steelpin: ρ = type  │  steelsheet: ρ = type,True,,291,2907,26.995184038527693,7,9.989690721649485,10,0.8998968008255934,0.0
"(0, 1, 3, 3, 1, 2, 1, 4)",facility: ρ = id  │  femalepart: ρ = type  │  formedpart: ρ = type  │  hinge: ρ = type  │  hingepack: ρ = type  │  malepart: ρ = p_masskg_band  │  steelpin: ρ = type  │  steelsheet: ρ = type,True,,6,2907,26.995184038527693,2,484.5,1266,0.9979360165118679,0.0
"(0, 1, 3, 3, 1, 3, 1, 2)",facility: ρ = id  │  femalepart: ρ = type  │  formedpart: ρ = type  │  hinge: ρ = type  │  hingepack: ρ = type  │  malepart: ρ = type  │  steelpin: ρ = type  │  steelsheet: ρ = p_masskg_band,True,,15,2907,26.995184038527693,1,193.8,631,0.9948400412796697,0.0
"(0, 1, 3, 3, 1, 3, 1, 3)",facility: ρ = id  │  femalepart: ρ = type  │  formedpart: ρ = type  │  hinge: ρ = type  │  hingepack: ρ = type  │  malepart: ρ = type  │  steelpin: ρ = type  │  steelsheet: ρ = SteelCoil,True,,11,2907,26.995184038527693,6,264.27272727272725,712,0.9962160302717579,0.0
"(1, 1, 1, 3, 1, 3, 1, 4)",facility: ρ = type  │  femalepart: ρ = type  │  formedpart: ρ = p_masskg  │  hinge: ρ = type  │  hingepack: ρ = type  │  malepart: ρ = type  │  steelpin: ρ = type  │  steelsheet: ρ = type,True,,1512,2907,26.995184038527693,1,1.9226190476190477,8,0.47987616099071206,0.0
"(1, 1, 2, 2, 1, 3, 1, 4)",facility: ρ = type  │  femalepart: ρ = type  │  formedpart: ρ = p_masskg_band  │  hinge: ρ = p_masskg_band  │  hingepack: ρ = type  │  malepart: ρ = type  │  steelpin: ρ = type  │  steelsheet: ρ = type,True,,120,2907,26.995184038527693,1,24.225,271,0.9587203302373581,0.0
"(1, 1, 2, 3, 0, 3, 1, 4)",facility: ρ = type  │  femalepart: ρ = type  │  formedpart: ρ = p_masskg_band  │  hinge: ρ = type  │  hingepack: ρ = id  │  malepart: ρ = type  │  steelpin: ρ = type  │  steelsheet: ρ = type,True,,1735,2907,26.995184038527693,1,1.6755043227665707,6,0.40316477468180256,0.0
"(1, 1, 2, 3, 1, 2, 1, 4)",facility: ρ = type  │  femalepart: ρ = type  │  formedpart: ρ = p_masskg_band  │  hinge: ρ = type  │  hingepack: ρ = type  │  malepart: ρ = p_masskg_band  │  steelpin: ρ = type  │  steelsheet: ρ = type,True,,18,2907,26.995184038527693,1,161.5,560,0.9938080495356038,0.0
"(1, 1, 2, 3, 1, 3, 1, 2)",facility: ρ = type  │  femalepart: ρ = type  │  formedpart: ρ = p_masskg_band  │  hinge: ρ = type  │  hingepack: ρ = type  │  malepart: ρ = type  │  steelpin: ρ = type  │  steelsheet: ρ = p_masskg_band,True,,31,2907,26.995184038527693,1,93.7741935483871,539,0.9893360853113176,0.0
"(1, 1, 2, 3, 1, 3, 1, 3)",facility: ρ = type  │  femalepart: ρ = type  │  formedpart: ρ = p_masskg_band  │  hinge: ρ = type  │  hingepack: ρ = type  │  malepart: ρ = type  │  steelpin: ρ = type  │  steelsheet: ρ = SteelCoil,True,,89,2907,26.995184038527693,1,32.662921348314605,158,0.9693842449260406,0.0
"(1, 1, 3, 1, 1, 3, 1, 4)",facility: ρ = type  │  femalepart: ρ = type  │  formedpart: ρ = type  │  hinge: ρ = p_masskg  │  hingepack: ρ = type  │  malepart: ρ = type  │  steelpin: ρ = type  │  steelsheet: ρ = type,True,,2711,2907,26.995184038527693,1,1.0722980450018444,4,0.06742346061231508,0.0
"(1, 1, 3, 2, 0, 3, 1, 4)",facility: ρ = type  │  femalepart: ρ = type  │  formedpart: ρ = type  │  hinge: ρ = p_masskg_band  │  hingepack: ρ = id  │  malepart: ρ = type  │  steelpin: ρ = type  │  steelsheet: ρ = type,True,,846,2907,26.995184038527693,1,3.4361702127659575,9,0.7089783281733746,0.0
"(1, 1, 3, 2, 1, 2, 1, 4)",facility: ρ = type  │  femalepart: ρ = type  │  formedpart: ρ = type  │  hinge: ρ = p_masskg_band  │  hingepack: ρ = type  │  malepart: ρ = p_masskg_band  │  steelpin: ρ = type  │  steelsheet: ρ = type,True,,67,2907,26.995184038527693,1,43.38805970149254,372,0.976952184382525,0.0
"(1, 1, 3, 2, 1, 3, 1, 2)",facility: ρ = type  │  femalepart: ρ = type  │  formedpart: ρ = type  │  hinge: ρ = p_masskg_band  │  hingepack: ρ = type  │  malepart: ρ = type  │  steelpin: ρ = type  │  steelsheet: ρ = p_masskg_band,True,,115,2907,26.995184038527693,1,25.278260869565216,257,0.9604403164774682,0.0
"(1, 1, 3, 2, 1, 3, 1, 3)",facility: ρ = type  │  femalepart: ρ = type  │  formedpart: ρ = type  │  hinge: ρ = p_masskg_band  │  hingepack: ρ = type  │  malepart: ρ = type  │  steelpin: ρ = type  │  steelsheet: ρ = SteelCoil,True,,125,2907,26.995184038527693,1,23.256,179,0.957000343997248,0.0
"(1, 1, 3, 3, 0, 2, 1, 4)",facility: ρ = type  │  femalepart: ρ = type  │  formedpart: ρ = type  │  hinge: ρ = type  │  hingepack: ρ = id  │  malepart: ρ = p_masskg_band  │  steelpin: ρ = type  │  steelsheet: ρ = type,True,,851,2907,26.995184038527693,1,3.4159811985898942,9,0.7072583419332645,0.0
"(1, 1, 3, 3, 0, 3, 1, 2)",facility: ρ = type  │  femalepart: ρ = type  │  formedpart: ρ = type  │  hinge: ρ = type  │  hingepack: ρ = id  │  malepart: ρ = type  │  steelpin: ρ = type  │  steelsheet: ρ = p_masskg_band,True,,1727,2907,26.995184038527693,1,1.68326577880718,7,0.4059167526659787,0.0
"(1, 1, 3, 3, 0, 3, 1, 3)",facility: ρ = type  │  femalepart: ρ = type  │  formedpart: ρ = type  │  hinge: ρ = type  │  hingepack: ρ = id  │  malepart: ρ = type  │  steelpin: ρ = type  │  steelsheet: ρ = SteelCoil,True,,400,2907,26.995184038527693,1,7.2675,10,0.8624011007911937,0.0
"(1, 1, 3, 3, 1, 1, 1, 4)",facility: ρ = type  │  femalepart: ρ = type  │  formedpart: ρ = type  │  hinge: ρ = type  │  hingepack: ρ = type  │  malepart: ρ = p_masskg  │  steelpin: ρ = type  │  steelsheet: ρ = type,True,,75,2907,26.995184038527693,1,38.76,114,0.9742002063983488,0.0
"(1, 1, 3, 3, 1, 2, 1, 2)",facility: ρ = type  │  femalepart: ρ = type  │  formedpart: ρ = type  │  hinge: ρ = type  │  hingepack: ρ = type  │  malepart: ρ = p_masskg_band  │  steelpin: ρ = type  │  steelsheet: ρ = p_masskg_band,True,,22,2907,26.995184038527693,1,132.13636363636363,529,0.9924320605435156,0.0
"(1, 1, 3, 3, 1, 2, 1, 3)",facility: ρ = type  │  femalepart: ρ = type  │  formedpart: ρ = type  │  hinge: ρ = type  │  hingepack: ρ = type  │  malepart: ρ = p_masskg_band  │  steelpin: ρ = type  │  steelsheet: ρ = SteelCoil,True,,33,2907,26.995184038527693,1,88.0909090909091,328,0.9886480908152735,0.0
"(1, 1, 3, 3, 1, 3, 1, 1)",facility: ρ = type  │  femalepart: ρ = type  │  formedpart: ρ = type  │  hinge: ρ = type  │  hingepack: ρ = type  │  malepart: ρ = type  │  steelpin: ρ = type  │  steelsheet: ρ = p_masskg,True,,1512,2907,26.995184038527693,1,1.9226190476190477,8,0.47987616099071206,0.0
"(1, 1, 3, 3, 1, 3, 1, 0)",facility: ρ = type  │  femalepart: ρ = type  │  formedpart: ρ = type  │  hinge: ρ = type  │  hingepack: ρ = type  │  malepart: ρ = type  │  steelpin: ρ = type  │  steelsheet: ρ = id,False,no merging (K = n_executions),2907,2907,26.995184038527693,1,1.0,1,0.0,0.0
"(0, 1, 1, 3, 1, 3, 1, 4)",facility: ρ = id  │  femalepart: ρ = type  │  formedpart: ρ = p_masskg  │  hinge: ρ = type  │  hingepack: ρ = type  │  malepart: ρ = type  │  steelpin: ρ = type  │  steelsheet: ρ = type,True,,1512,2907,26.995184038527693,1,1.9226190476190477,8,0.47987616099071206,0.0
"(0, 1, 2, 2, 1, 3, 1, 4)",facility: ρ = id  │  femalepart: ρ = type  │  formedpart: ρ = p_masskg_band  │  hinge: ρ = p_masskg_band  │  hingepack: ρ = type  │  malepart: ρ = type  │  steelpin: ρ = type  │  steelsheet: ρ = type,True,,120,2907,26.995184038527693,1,24.225,271,0.9587203302373581,0.0
"(0, 1, 2, 3, 0, 3, 1, 4)",facility: ρ = id  │  femalepart: ρ = type  │  formedpart: ρ = p_masskg_band  │  hinge: ρ = type  │  hingepack: ρ = id  │  malepart: ρ = type  │  steelpin: ρ = type  │  steelsheet: ρ = type,True,,1735,2907,26.995184038527693,1,1.6755043227665707,6,0.40316477468180256,0.0
"(0, 1, 2, 3, 1, 2, 1, 4)",facility: ρ = id  │  femalepart: ρ = type  │  formedpart: ρ = p_masskg_band  │  hinge: ρ = type  │  hingepack: ρ = type  │  malepart: ρ = p_masskg_band  │  steelpin: ρ = type  │  steelsheet: ρ = type,True,,18,2907,26.995184038527693,1,161.5,560,0.9938080495356038,0.0
"(0, 1, 2, 3, 1, 3, 1, 2)",facility: ρ = id  │  femalepart: ρ = type  │  formedpart: ρ = p_masskg_band  │  hinge: ρ = type  │  hingepack: ρ = type  │  malepart: ρ = type  │  steelpin: ρ = type  │  steelsheet: ρ = p_masskg_band,True,,31,2907,26.995184038527693,1,93.7741935483871,539,0.9893360853113176,0.0
"(0, 1, 2, 3, 1, 3, 1, 3)",facility: ρ = id  │  femalepart: ρ = type  │  formedpart: ρ = p_masskg_band  │  hinge: ρ = type  │  hingepack: ρ = type  │  malepart: ρ = type  │  steelpin: ρ = type  │  steelsheet: ρ = SteelCoil,True,,89,2907,26.995184038527693,1,32.662921348314605,158,0.9693842449260406,0.0
"(0, 1, 3, 1, 1, 3, 1, 4)",facility: ρ = id  │  femalepart: ρ = type  │  formedpart: ρ = type  │  hinge: ρ = p_masskg  │  hingepack: ρ = type  │  malepart: ρ = type  │  steelpin: ρ = type  │  steelsheet: ρ = type,True,,2711,2907,26.995184038527693,1,1.0722980450018444,4,0.06742346061231508,0.0
"(0, 1, 3, 2, 0, 3, 1, 4)",facility: ρ = id  │  femalepart: ρ = type  │  formedpart: ρ = type  │  hinge: ρ = p_masskg_band  │  hingepack: ρ = id  │  malepart: ρ = type  │  steelpin: ρ = type  │  steelsheet: ρ = type,True,,846,2907,26.995184038527693,1,3.4361702127659575,9,0.7089783281733746,0.0
"(0, 1, 3, 2, 1, 2, 1, 4)",facility: ρ = id  │  femalepart: ρ = type  │  formedpart: ρ = type  │  hinge: ρ = p_masskg_band  │  hingepack: ρ = type  │  malepart: ρ = p_masskg_band  │  steelpin: ρ = type  │  steelsheet: ρ = type,True,,67,2907,26.995184038527693,1,43.38805970149254,372,0.976952184382525,0.0
"(0, 1, 3, 2, 1, 3, 1, 2)",facility: ρ = id  │  femalepart: ρ = type  │  formedpart: ρ = type  │  hinge: ρ = p_masskg_band  │  hingepack: ρ = type  │  malepart: ρ = type  │  steelpin: ρ = type  │  steelsheet: ρ = p_masskg_band,True,,115,2907,26.995184038527693,1,25.278260869565216,257,0.9604403164774682,0.0
"(0, 1, 3, 2, 1, 3, 1, 3)",facility: ρ = id  │  femalepart: ρ = type  │  formedpart: ρ = type  │  hinge: ρ = p_masskg_band  │  hingepack: ρ = type  │  malepart: ρ = type  │  steelpin: ρ = type  │  steelsheet: ρ = SteelCoil,True,,125,2907,26.995184038527693,1,23.256,179,0.957000343997248,0.0
"(0, 1, 3, 3, 0, 2, 1, 4)",facility: ρ = id  │  femalepart: ρ = type  │  formedpart: ρ = type  │  hinge: ρ = type  │  hingepack: ρ = id  │  malepart: ρ = p_masskg_band  │  steelpin: ρ = type  │  steelsheet: ρ = type,True,,851,2907,26.995184038527693,1,3.4159811985898942,9,0.7072583419332645,0.0
"(0, 1, 3, 3, 0, 3, 1, 2)",facility: ρ = id  │  femalepart: ρ = type  │  formedpart: ρ = type  │  hinge: ρ = type  │  hingepack: ρ = id  │  malepart: ρ = type  │  steelpin: ρ = type  │  steelsheet: ρ = p_masskg_band,True,,1727,2907,26.995184038527693,1,1.68326577880718,7,0.4059167526659787,0.0
"(0, 1, 3, 3, 0, 3, 1, 3)",facility: ρ = id  │  femalepart: ρ = type  │  formedpart: ρ = type  │  hinge: ρ = type  │  hingepack: ρ = id  │  malepart: ρ = type  │  steelpin: ρ = type  │  steelsheet: ρ = SteelCoil,True,,400,2907,26.995184038527693,1,7.2675,10,0.8624011007911937,0.0
"(0, 1, 3, 3, 1, 1, 1, 4)",facility: ρ = id  │  femalepart: ρ = type  │  formedpart: ρ = type  │  hinge: ρ = type  │  hingepack: ρ = type  │  malepart: ρ = p_masskg  │  steelpin: ρ = type  │  steelsheet: ρ = type,True,,75,2907,26.995184038527693,1,38.76,114,0.9742002063983488,0.0
"(0, 1, 3, 3, 1, 2, 1, 2)",facility: ρ = id  │  femalepart: ρ = type  │  formedpart: ρ = type  │  hinge: ρ = type  │  hingepack: ρ = type  │  malepart: ρ = p_masskg_band  │  steelpin: ρ = type  │  steelsheet: ρ = p_masskg_band,True,,22,2907,26.995184038527693,1,132.13636363636363,529,0.9924320605435156,0.0
"(0, 1, 3, 3, 1, 2, 1, 3)",facility: ρ = id  │  femalepart: ρ = type  │  formedpart: ρ = type  │  hinge: ρ = type  │  hingepack: ρ = type  │  malepart: ρ = p_masskg_band  │  steelpin: ρ = type  │  steelsheet: ρ = SteelCoil,True,,33,2907,26.995184038527693,1,88.0909090909091,328,0.9886480908152735,0.0
"(0, 1, 3, 3, 1, 3, 1, 1)",facility: ρ = id  │  femalepart: ρ = type  │  formedpart: ρ = type  │  hinge: ρ = type  │  hingepack: ρ = type  │  malepart: ρ = type  │  steelpin: ρ = type  │  steelsheet: ρ = p_masskg,True,,1512,2907,26.995184038527693,1,1.9226190476190477,8,0.47987616099071206,0.0
"(1, 1, 0, 3, 1, 3, 1, 4)",facility: ρ = type  │  femalepart: ρ = type  │  formedpart: ρ = id  │  hinge: ρ = type  │  hingepack: ρ = type  │  malepart: ρ = type  │  steelpin: ρ = type  │  steelsheet: ρ = type,False,no merging (K = n_executions),2907,2907,26.995184038527693,1,1.0,1,0.0,0.0
"(1, 1, 1, 2, 1, 3, 1, 4)",facility: ρ = type  │  femalepart: ρ = type  │  formedpart: ρ = p_masskg  │  hinge: ρ = p_masskg_band  │  hingepack: ρ = type  │  malepart: ρ = type  │  steelpin: ρ = type  │  steelsheet: ρ = type,True,,2207,2907,26.995184038527693,1,1.31717263253285,7,0.24079807361541106,0.0
"(1, 1, 1, 3, 0, 3, 1, 4)",facility: ρ = type  │  femalepart: ρ = type  │  formedpart: ρ = p_masskg  │  hinge: ρ = type  │  hingepack: ρ = id  │  malepart: ρ = type  │  steelpin: ρ = type  │  steelsheet: ρ = type,True,,2902,2907,26.995184038527693,1,1.001722949689869,2,0.0017199862401100496,0.0
"(1, 1, 1, 3, 1, 2, 1, 4)",facility: ρ = type  │  femalepart: ρ = type  │  formedpart: ρ = p_masskg  │  hinge: ρ = type  │  hingepack: ρ = type  │  malepart: ρ = p_masskg_band  │  steelpin: ρ = type  │  steelsheet: ρ = type,True,,1512,2907,26.995184038527693,1,1.9226190476190477,8,0.47987616099071206,0.0
"(1, 1, 1, 3, 1, 3, 1, 2)",facility: ρ = type  │  femalepart: ρ = type  │  formedpart: ρ = p_masskg  │  hinge: ρ = type  │  hingepack: ρ = type  │  malepart: ρ = type  │  steelpin: ρ = type  │  steelsheet: ρ = p_masskg_band,True,,1512,2907,26.995184038527693,1,1.9226190476190477,8,0.47987616099071206,0.0
"(1, 1, 1, 3, 1, 3, 1, 3)",facility: ρ = type  │  femalepart: ρ = type  │  formedpart: ρ = p_masskg  │  hinge: ρ = type  │  hingepack: ρ = type  │  malepart: ρ = type  │  steelpin: ρ = type  │  steelsheet: ρ = SteelCoil,True,,2464,2907,26.995184038527693,1,1.1797889610389611,4,0.15239078087375302,0.0
"(1, 1, 2, 1, 1, 3, 1, 4)",facility: ρ = type  │  femalepart: ρ = type  │  formedpart: ρ = p_masskg_band  │  hinge: ρ = p_masskg  │  hingepack: ρ = type  │  malepart: ρ = type  │  steelpin: ρ = type  │  steelsheet: ρ = type,True,,2843,2907,26.995184038527693,1,1.0225114315863524,2,0.022015823873409057,0.0
"(1, 1, 2, 2, 0, 3, 1, 4)",facility: ρ = type  │  femalepart: ρ = type  │  formedpart: ρ = p_masskg_band  │  hinge: ρ = p_masskg_band  │  hingepack: ρ = id  │  malepart: ρ = type  │  steelpin: ρ = type  │  steelsheet: ρ = type,True,,2033,2907,26.995184038527693,1,1.4299065420560748,6,0.30065359477124187,0.0
"(1, 1, 2, 2, 1, 2, 1, 4)",facility: ρ = type  │  femalepart: ρ = type  │  formedpart: ρ = p_masskg_band  │  hinge: ρ = p_masskg_band  │  hingepack: ρ = type  │  malepart: ρ = p_masskg_band  │  steelpin: ρ = type  │  steelsheet: ρ = type,True,,139,2907,26.995184038527693,1,20.913669064748202,254,0.9521843825249398,0.0
"(1, 1, 2, 2, 1, 3, 1, 2)",facility: ρ = type  │  femalepart: ρ = type  │  formedpart: ρ = p_masskg_band  │  hinge: ρ = p_masskg_band  │  hingepack: ρ = type  │  malepart: ρ = type  │  steelpin: ρ = type  │  steelsheet: ρ = p_masskg_band,True,,191,2907,26.995184038527693,1,15.219895287958115,237,0.934296525627795,0.0
"(1, 1, 2, 2, 1, 3, 1, 3)",facility: ρ = type  │  femalepart: ρ = type  │  formedpart: ρ = p_masskg_band  │  hinge: ρ = p_masskg_band  │  hingepack: ρ = type  │  malepart: ρ = type  │  steelpin: ρ = type  │  steelsheet: ρ = SteelCoil,True,,418,2907,26.995184038527693,1,6.954545454545454,71,0.8562091503267975,0.0
"(1, 1, 2, 3, 0, 2, 1, 4)",facility: ρ = type  │  femalepart: ρ = type  │  formedpart: ρ = p_masskg_band  │  hinge: ρ = type  │  hingepack: ρ = id  │  malepart: ρ = p_masskg_band  │  steelpin: ρ = type  │  steelsheet: ρ = type,True,,1805,2907,26.995184038527693,1,1.6105263157894736,6,0.3790849673202614,0.0
"(1, 1, 2, 3, 0, 3, 1, 2)",facility: ρ = type  │  femalepart: ρ = type  │  formedpart: ρ = p_masskg_band  │  hinge: ρ = type  │  hingepack: ρ = id  │  malepart: ρ = type  │  steelpin: ρ = type  │  steelsheet: ρ = p_masskg_band,True,,1944,2907,26.995184038527693,1,1.4953703703703705,6,0.3312693498452013,0.0
"(1, 1, 2, 3, 0, 3, 1, 3)",facility: ρ = type  │  femalepart: ρ = type  │  formedpart: ρ = p_masskg_band  │  hinge: ρ = type  │  hingepack: ρ = id  │  malepart: ρ = type  │  steelpin: ρ = type  │  steelsheet: ρ = SteelCoil,True,,1837,2907,26.995184038527693,1,1.582471420794774,6,0.36807705538355695,0.0
"(1, 1, 2, 3, 1, 1, 1, 4)",facility: ρ = type  │  femalepart: ρ = type  │  formedpart: ρ = p_masskg_band  │  hinge: ρ = type  │  hingepack: ρ = type  │  malepart: ρ = p_masskg  │  steelpin: ρ = type  │  steelsheet: ρ = type,True,,196,2907,26.995184038527693,1,14.831632653061224,62,0.9325765393876849,0.0
"(1, 1, 2, 3, 1, 2, 1, 2)",facility: ρ = type  │  femalepart: ρ = type  │  formedpart: ρ = p_masskg_band  │  hinge: ρ = type  │  hingepack: ρ = type  │  malepart: ρ = p_masskg_band  │  steelpin: ρ = type  │  steelsheet: ρ = p_masskg_band,True,,36,2907,26.995184038527693,1,80.75,493,0.9876160990712074,0.0
"(1, 1, 2, 3, 1, 2, 1, 3)",facility: ρ = type  │  femalepart: ρ = type  │  formedpart: ρ = p_masskg_band  │  hinge: ρ = type  │  hingepack: ρ = type  │  malepart: ρ = p_masskg_band  │  steelpin: ρ = type  │  steelsheet: ρ = SteelCoil,True,,108,2907,26.995184038527693,1,26.916666666666668,144,0.9628482972136223,0.0
"(1, 1, 2, 3, 1, 3, 1, 1)",facility: ρ = type  │  femalepart: ρ = type  │  formedpart: ρ = p_masskg_band  │  hinge: ρ = type  │  hingepack: ρ = type  │  malepart: ρ = type  │  steelpin: ρ = type  │  steelsheet: ρ = p_masskg,True,,1512,2907,26.995184038527693,1,1.9226190476190477,8,0.47987616099071206,0.0
"(1, 1, 3, 0, 1, 3, 1, 4)",facility: ρ = type  │  femalepart: ρ = type  │  formedpart: ρ = type  │  hinge: ρ = id  │  hingepack: ρ = type  │  malepart: ρ = type  │  steelpin: ρ = type  │  steelsheet: ρ = type,False,no merging (K = n_executions),2907,2907,26.995184038527693,1,1.0,1,0.0,0.0
"(1, 1, 3, 1, 0, 3, 1, 4)",facility: ρ = type  │  femalepart: ρ = type  │  formedpart: ρ = type  │  hinge: ρ = p_masskg  │  hingepack: ρ = id  │  malepart: ρ = type  │  steelpin: ρ = type  │  steelsheet: ρ = type,True,,2711,2907,26.995184038527693,1,1.0722980450018444,4,0.06742346061231508,0.0
"(1, 1, 3, 1, 1, 2, 1, 4)",facility: ρ = type  │  femalepart: ρ = type  │  formedpart: ρ = type  │  hinge: ρ = p_masskg  │  hingepack: ρ = type  │  malepart: ρ = p_masskg_band  │  steelpin: ρ = type  │  steelsheet: ρ = type,True,,2812,2907,26.995184038527693,1,1.0337837837837838,2,0.0326797385620915,0.0
"(1, 1, 3, 1, 1, 3, 1, 2)",facility: ρ = type  │  femalepart: ρ = type  │  formedpart: ρ = type  │  hinge: ρ = p_masskg  │  hingepack: ρ = type  │  malepart: ρ = type  │  steelpin: ρ = type  │  steelsheet: ρ = p_masskg_band,True,,2845,2907,26.995184038527693,1,1.021792618629174,3,0.021327829377364993,0.0
"(1, 1, 3, 1, 1, 3, 1, 3)",facility: ρ = type  │  femalepart: ρ = type  │  formedpart: ρ = type  │  hinge: ρ = p_masskg  │  hingepack: ρ = type  │  malepart: ρ = type  │  steelpin: ρ = type  │  steelsheet: ρ = SteelCoil,True,,2725,2907,26.995184038527693,1,1.066788990825688,3,0.06260749914000685,0.0
"(1, 1, 3, 2, 0, 2, 1, 4)",facility: ρ = type  │  femalepart: ρ = type  │  formedpart: ρ = type  │  hinge: ρ = p_masskg_band  │  hingepack: ρ = id  │  malepart: ρ = p_masskg_band  │  steelpin: ρ = type  │  steelsheet: ρ = type,True,,1558,2907,26.995184038527693,1,1.8658536585365855,7,0.46405228758169936,0.0
"(1, 1, 3, 2, 0, 3, 1, 2)",facility: ρ = type  │  femalepart: ρ = type  │  formedpart: ρ = type  │  hinge: ρ = p_masskg_band  │  hingepack: ρ = id  │  malepart: ρ = type  │  steelpin: ρ = type  │  steelsheet: ρ = p_masskg_band,True,,2034,2907,26.995184038527693,1,1.4292035398230087,6,0.30030959752321984,0.0
"(1, 1, 3, 2, 0, 3, 1, 3)",facility: ρ = type  │  femalepart: ρ = type  │  formedpart: ρ = type  │  hinge: ρ = p_masskg_band  │  hingepack: ρ = id  │  malepart: ρ = type  │  steelpin: ρ = type  │  steelsheet: ρ = SteelCoil,True,,983,2907,26.995184038527693,1,2.9572736520854526,9,0.6618507051943585,0.0
"(1, 1, 3, 2, 1, 1, 1, 4)",facility: ρ = type  │  femalepart: ρ = type  │  formedpart: ρ = type  │  hinge: ρ = p_masskg_band  │  hingepack: ρ = type  │  malepart: ρ = p_masskg  │  steelpin: ρ = type  │  steelsheet: ρ = type,True,,528,2907,26.995184038527693,1,5.505681818181818,39,0.8183694530443757,0.0
"(1, 1, 3, 2, 1, 2, 1, 2)",facility: ρ = type  │  femalepart: ρ = type  │  formedpart: ρ = type  │  hinge: ρ = p_masskg_band  │  hingepack: ρ = type  │  malepart: ρ = p_masskg_band  │  steelpin: ρ = type  │  steelsheet: ρ = p_masskg_band,True,,154,2907,26.995184038527693,1,18.876623376623378,232,0.9470244238046096,0.0
"(1, 1, 3, 2, 1, 2, 1, 3)",facility: ρ = type  │  femalepart: ρ = type  │  formedpart: ρ = type  │  hinge: ρ = p_masskg_band  │  hingepack: ρ = type  │  malepart: ρ = p_masskg_band  │  steelpin: ρ = type  │  steelsheet: ρ = SteelCoil,True,,254,2907,26.995184038527693,1,11.44488188976378,102,0.912624699002408,0.0
"(1, 1, 3, 2, 1, 3, 1, 1)",facility: ρ = type  │  femalepart: ρ = type  │  formedpart: ρ = type  │  hinge: ρ = p_masskg_band  │  hingepack: ρ = type  │  malepart: ρ = type  │  steelpin: ρ = type  │  steelsheet: ρ = p_masskg,True,,2207,2907,26.995184038527693,1,1.31717263253285,7,0.24079807361541106,0.0
"(1, 1, 3, 3, 0, 1, 1, 4)",facility: ρ = type  │  femalepart: ρ = type  │  formedpart: ρ = type  │  hinge: ρ = type  │  hingepack: ρ = id  │  malepart: ρ = p_masskg  │  steelpin: ρ = type  │  steelsheet: ρ = type,True,,2591,2907,26.995184038527693,1,1.121960632960247,4,0.10870313037495705,0.0
"(1, 1, 3, 3, 0, 2, 1, 2)",facility: ρ = type  │  femalepart: ρ = type  │  formedpart: ρ = type  │  hinge: ρ = type  │  hingepack: ρ = id  │  malepart: ρ = p_masskg_band  │  steelpin: ρ = type  │  steelsheet: ρ = p_masskg_band,True,,1901,2907,26.995184038527693,1,1.5291951604418728,6,0.3460612315101479,0.0
"(1, 1, 3, 3, 0, 2, 1, 3)",facility: ρ = type  │  femalepart: ρ = type  │  formedpart: ρ = type  │  hinge: ρ = type  │  hingepack: ρ = id  │  malepart: ρ = p_masskg_band  │  steelpin: ρ = type  │  steelsheet: ρ = SteelCoil,True,,986,2907,26.995184038527693,1,2.9482758620689653,9,0.6608187134502924,0.0
"(1, 1, 3, 3, 0, 3, 1, 1)",facility: ρ = type  │  femalepart: ρ = type  │  formedpart: ρ = type  │  hinge: ρ = type  │  hingepack: ρ = id  │  malepart: ρ = type  │  steelpin: ρ = type  │  steelsheet: ρ = p_masskg,True,,2902,2907,26.995184038527693,1,1.001722949689869,2,0.0017199862401100496,0.0
"(1, 1, 3, 3, 1, 0, 1, 4)",facility: ρ = type  │  femalepart: ρ = type  │  formedpart: ρ = type  │  hinge: ρ = type  │  hingepack: ρ = type  │  malepart: ρ = id  │  steelpin: ρ = type  │  steelsheet: ρ = type,False,no merging (K = n_executions),2907,2907,26.995184038527693,1,1.0,1,0.0,0.0
"(1, 1, 3, 3, 1, 1, 1, 2)",facility: ρ = type  │  femalepart: ρ = type  │  formedpart: ρ = type  │  hinge: ρ = type  │  hingepack: ρ = type  │  malepart: ρ = p_masskg  │  steelpin: ρ = type  │  steelsheet: ρ = p_masskg_band,True,,195,2907,26.995184038527693,1,14.907692307692308,60,0.932920536635707,0.0
"(1, 1, 3, 3, 1, 1, 1, 3)",facility: ρ = type  │  femalepart: ρ = type  │  formedpart: ρ = type  │  hinge: ρ = type  │  hingepack: ρ = type  │  malepart: ρ = p_masskg  │  steelpin: ρ = type  │  steelsheet: ρ = SteelCoil,True,,352,2907,26.995184038527693,1,8.258522727272727,34,0.8789129686962505,0.0
"(1, 1, 3, 3, 1, 2, 1, 1)",facility: ρ = type  │  femalepart: ρ = type  │  formedpart: ρ = type  │  hinge: ρ = type  │  hingepack: ρ = type  │  malepart: ρ = p_masskg_band  │  steelpin: ρ = type  │  steelsheet: ρ = p_masskg,True,,1512,2907,26.995184038527693,1,1.9226190476190477,8,0.47987616099071206,0.0
"(0, 1, 1, 2, 1, 3, 1, 4)",facility: ρ = id  │  femalepart: ρ = type  │  formedpart: ρ = p_masskg  │  hinge: ρ = p_masskg_band  │  hingepack: ρ = type  │  malepart: ρ = type  │  steelpin: ρ = type  │  steelsheet: ρ = type,True,,2207,2907,26.995184038527693,1,1.31717263253285,7,0.24079807361541106,0.0
"(0, 1, 1, 3, 0, 3, 1, 4)",facility: ρ = id  │  femalepart: ρ = type  │  formedpart: ρ = p_masskg  │  hinge: ρ = type  │  hingepack: ρ = id  │  malepart: ρ = type  │  steelpin: ρ = type  │  steelsheet: ρ = type,True,,2902,2907,26.995184038527693,1,1.001722949689869,2,0.0017199862401100496,0.0
"(0, 1, 1, 3, 1, 2, 1, 4)",facility: ρ = id  │  femalepart: ρ = type  │  formedpart: ρ = p_masskg  │  hinge: ρ = type  │  hingepack: ρ = type  │  malepart: ρ = p_masskg_band  │  steelpin: ρ = type  │  steelsheet: ρ = type,True,,1512,2907,26.995184038527693,1,1.9226190476190477,8,0.47987616099071206,0.0
"(0, 1, 1, 3, 1, 3, 1, 2)",facility: ρ = id  │  femalepart: ρ = type  │  formedpart: ρ = p_masskg  │  hinge: ρ = type  │  hingepack: ρ = type  │  malepart: ρ = type  │  steelpin: ρ = type  │  steelsheet: ρ = p_masskg_band,True,,1512,2907,26.995184038527693,1,1.9226190476190477,8,0.47987616099071206,0.0
"(0, 1, 1, 3, 1, 3, 1, 3)",facility: ρ = id  │  femalepart: ρ = type  │  formedpart: ρ = p_masskg  │  hinge: ρ = type  │  hingepack: ρ = type  │  malepart: ρ = type  │  steelpin: ρ = type  │  steelsheet: ρ = SteelCoil,True,,2464,2907,26.995184038527693,1,1.1797889610389611,4,0.15239078087375302,0.0
"(0, 1, 2, 1, 1, 3, 1, 4)",facility: ρ = id  │  femalepart: ρ = type  │  formedpart: ρ = p_masskg_band  │  hinge: ρ = p_masskg  │  hingepack: ρ = type  │  malepart: ρ = type  │  steelpin: ρ = type  │  steelsheet: ρ = type,True,,2843,2907,26.995184038527693,1,1.0225114315863524,2,0.022015823873409057,0.0
"(0, 1, 2, 2, 0, 3, 1, 4)",facility: ρ = id  │  femalepart: ρ = type  │  formedpart: ρ = p_masskg_band  │  hinge: ρ = p_masskg_band  │  hingepack: ρ = id  │  malepart: ρ = type  │  steelpin: ρ = type  │  steelsheet: ρ = type,True,,2033,2907,26.995184038527693,1,1.4299065420560748,6,0.30065359477124187,0.0
"(0, 1, 2, 2, 1, 2, 1, 4)",facility: ρ = id  │  femalepart: ρ = type  │  formedpart: ρ = p_masskg_band  │  hinge: ρ = p_masskg_band  │  hingepack: ρ = type  │  malepart: ρ = p_masskg_band  │  steelpin: ρ = type  │  steelsheet: ρ = type,True,,139,2907,26.995184038527693,1,20.913669064748202,254,0.9521843825249398,0.0
"(0, 1, 2, 2, 1, 3, 1, 2)",facility: ρ = id  │  femalepart: ρ = type  │  formedpart: ρ = p_masskg_band  │  hinge: ρ = p_masskg_band  │  hingepack: ρ = type  │  malepart: ρ = type  │  steelpin: ρ = type  │  steelsheet: ρ = p_masskg_band,True,,191,2907,26.995184038527693,1,15.219895287958115,237,0.934296525627795,0.0
"(0, 1, 2, 2, 1, 3, 1, 3)",facility: ρ = id  │  femalepart: ρ = type  │  formedpart: ρ = p_masskg_band  │  hinge: ρ = p_masskg_band  │  hingepack: ρ = type  │  malepart: ρ = type  │  steelpin: ρ = type  │  steelsheet: ρ = SteelCoil,True,,418,2907,26.995184038527693,1,6.954545454545454,71,0.8562091503267975,0.0
"(0, 1, 2, 3, 0, 2, 1, 4)",facility: ρ = id  │  femalepart: ρ = type  │  formedpart: ρ = p_masskg_band  │  hinge: ρ = type  │  hingepack: ρ = id  │  malepart: ρ = p_masskg_band  │  steelpin: ρ = type  │  steelsheet: ρ = type,True,,1805,2907,26.995184038527693,1,1.6105263157894736,6,0.3790849673202614,0.0
"(0, 1, 2, 3, 0, 3, 1, 2)",facility: ρ = id  │  femalepart: ρ = type  │  formedpart: ρ = p_masskg_band  │  hinge: ρ = type  │  hingepack: ρ = id  │  malepart: ρ = type  │  steelpin: ρ = type  │  steelsheet: ρ = p_masskg_band,True,,1944,2907,26.995184038527693,1,1.4953703703703705,6,0.3312693498452013,0.0
"(0, 1, 2, 3, 0, 3, 1, 3)",facility: ρ = id  │  femalepart: ρ = type  │  formedpart: ρ = p_masskg_band  │  hinge: ρ = type  │  hingepack: ρ = id  │  malepart: ρ = type  │  steelpin: ρ = type  │  steelsheet: ρ = SteelCoil,True,,1837,2907,26.995184038527693,1,1.582471420794774,6,0.36807705538355695,0.0
"(0, 1, 2, 3, 1, 1, 1, 4)",facility: ρ = id  │  femalepart: ρ = type  │  formedpart: ρ = p_masskg_band  │  hinge: ρ = type  │  hingepack: ρ = type  │  malepart: ρ = p_masskg  │  steelpin: ρ = type  │  steelsheet: ρ = type,True,,196,2907,26.995184038527693,1,14.831632653061224,62,0.9325765393876849,0.0
"(0, 1, 2, 3, 1, 2, 1, 2)",facility: ρ = id  │  femalepart: ρ = type  │  formedpart: ρ = p_masskg_band  │  hinge: ρ = type  │  hingepack: ρ = type  │  malepart: ρ = p_masskg_band  │  steelpin: ρ = type  │  steelsheet: ρ = p_masskg_band,True,,36,2907,26.995184038527693,1,80.75,493,0.9876160990712074,0.0
"(0, 1, 2, 3, 1, 2, 1, 3)",facility: ρ = id  │  femalepart: ρ = type  │  formedpart: ρ = p_masskg_band  │  hinge: ρ = type  │  hingepack: ρ = type  │  malepart: ρ = p_masskg_band  │  steelpin: ρ = type  │  steelsheet: ρ = SteelCoil,True,,108,2907,26.995184038527693,1,26.916666666666668,144,0.9628482972136223,0.0
"(0, 1, 2, 3, 1, 3, 1, 1)",facility: ρ = id  │  femalepart: ρ = type  │  formedpart: ρ = p_masskg_band  │  hinge: ρ = type  │  hingepack: ρ = type  │  malepart: ρ = type  │  steelpin: ρ = type  │  steelsheet: ρ = p_masskg,True,,1512,2907,26.995184038527693,1,1.9226190476190477,8,0.47987616099071206,0.0
"(0, 1, 3, 1, 0, 3, 1, 4)",facility: ρ = id  │  femalepart: ρ = type  │  formedpart: ρ = type  │  hinge: ρ = p_masskg  │  hingepack: ρ = id  │  malepart: ρ = type  │  steelpin: ρ = type  │  steelsheet: ρ = type,True,,2711,2907,26.995184038527693,1,1.0722980450018444,4,0.06742346061231508,0.0
"(0, 1, 3, 1, 1, 2, 1, 4)",facility: ρ = id  │  femalepart: ρ = type  │  formedpart: ρ = type  │  hinge: ρ = p_masskg  │  hingepack: ρ = type  │  malepart: ρ = p_masskg_band  │  steelpin: ρ = type  │  steelsheet: ρ = type,True,,2812,2907,26.995184038527693,1,1.0337837837837838,2,0.0326797385620915,0.0
"(0, 1, 3, 1, 1, 3, 1, 2)",facility: ρ = id  │  femalepart: ρ = type  │  formedpart: ρ = type  │  hinge: ρ = p_masskg  │  hingepack: ρ = type  │  malepart: ρ = type  │  steelpin: ρ = type  │  steelsheet: ρ = p_masskg_band,True,,2845,2907,26.995184038527693,1,1.021792618629174,3,0.021327829377364993,0.0
"(0, 1, 3, 1, 1, 3, 1, 3)",facility: ρ = id  │  femalepart: ρ = type  │  formedpart: ρ = type  │  hinge: ρ = p_masskg  │  hingepack: ρ = type  │  malepart: ρ = type  │  steelpin: ρ = type  │  steelsheet: ρ = SteelCoil,True,,2725,2907,26.995184038527693,1,1.066788990825688,3,0.06260749914000685,0.0
"(0, 1, 3, 2, 0, 2, 1, 4)",facility: ρ = id  │  femalepart: ρ = type  │  formedpart: ρ = type  │  hinge: ρ = p_masskg_band  │  hingepack: ρ = id  │  malepart: ρ = p_masskg_band  │  steelpin: ρ = type  │  steelsheet: ρ = type,True,,1558,2907,26.995184038527693,1,1.8658536585365855,7,0.46405228758169936,0.0
"(0, 1, 3, 2, 0, 3, 1, 2)",facility: ρ = id  │  femalepart: ρ = type  │  formedpart: ρ = type  │  hinge: ρ = p_masskg_band  │  hingepack: ρ = id  │  malepart: ρ = type  │  steelpin: ρ = type  │  steelsheet: ρ = p_masskg_band,True,,2034,2907,26.995184038527693,1,1.4292035398230087,6,0.30030959752321984,0.0
"(0, 1, 3, 2, 0, 3, 1, 3)",facility: ρ = id  │  femalepart: ρ = type  │  formedpart: ρ = type  │  hinge: ρ = p_masskg_band  │  hingepack: ρ = id  │  malepart: ρ = type  │  steelpin: ρ = type  │  steelsheet: ρ = SteelCoil,True,,983,2907,26.995184038527693,1,2.9572736520854526,9,0.6618507051943585,0.0
"(0, 1, 3, 2, 1, 1, 1, 4)",facility: ρ = id  │  femalepart: ρ = type  │  formedpart: ρ = type  │  hinge: ρ = p_masskg_band  │  hingepack: ρ = type  │  malepart: ρ = p_masskg  │  steelpin: ρ = type  │  steelsheet: ρ = type,True,,528,2907,26.995184038527693,1,5.505681818181818,39,0.8183694530443757,0.0
"(0, 1, 3, 2, 1, 2, 1, 2)",facility: ρ = id  │  femalepart: ρ = type  │  formedpart: ρ = type  │  hinge: ρ = p_masskg_band  │  hingepack: ρ = type  │  malepart: ρ = p_masskg_band  │  steelpin: ρ = type  │  steelsheet: ρ = p_masskg_band,True,,154,2907,26.995184038527693,1,18.876623376623378,232,0.9470244238046096,0.0
"(0, 1, 3, 2, 1, 2, 1, 3)",facility: ρ = id  │  femalepart: ρ = type  │  formedpart: ρ = type  │  hinge: ρ = p_masskg_band  │  hingepack: ρ = type  │  malepart: ρ = p_masskg_band  │  steelpin: ρ = type  │  steelsheet: ρ = SteelCoil,True,,254,2907,26.995184038527693,1,11.44488188976378,102,0.912624699002408,0.0
"(0, 1, 3, 2, 1, 3, 1, 1)",facility: ρ = id  │  femalepart: ρ = type  │  formedpart: ρ = type  │  hinge: ρ = p_masskg_band  │  hingepack: ρ = type  │  malepart: ρ = type  │  steelpin: ρ = type  │  steelsheet: ρ = p_masskg,True,,2207,2907,26.995184038527693,1,1.31717263253285,7,0.24079807361541106,0.0
"(0, 1, 3, 3, 0, 1, 1, 4)",facility: ρ = id  │  femalepart: ρ = type  │  formedpart: ρ = type  │  hinge: ρ = type  │  hingepack: ρ = id  │  malepart: ρ = p_masskg  │  steelpin: ρ = type  │  steelsheet: ρ = type,True,,2591,2907,26.995184038527693,1,1.121960632960247,4,0.10870313037495705,0.0
"(0, 1, 3, 3, 0, 2, 1, 2)",facility: ρ = id  │  femalepart: ρ = type  │  formedpart: ρ = type  │  hinge: ρ = type  │  hingepack: ρ = id  │  malepart: ρ = p_masskg_band  │  steelpin: ρ = type  │  steelsheet: ρ = p_masskg_band,True,,1901,2907,26.995184038527693,1,1.5291951604418728,6,0.3460612315101479,0.0
"(0, 1, 3, 3, 0, 2, 1, 3)",facility: ρ = id  │  femalepart: ρ = type  │  formedpart: ρ = type  │  hinge: ρ = type  │  hingepack: ρ = id  │  malepart: ρ = p_masskg_band  │  steelpin: ρ = type  │  steelsheet: ρ = SteelCoil,True,,986,2907,26.995184038527693,1,2.9482758620689653,9,0.6608187134502924,0.0
"(0, 1, 3, 3, 0, 3, 1, 1)",facility: ρ = id  │  femalepart: ρ = type  │  formedpart: ρ = type  │  hinge: ρ = type  │  hingepack: ρ = id  │  malepart: ρ = type  │  steelpin: ρ = type  │  steelsheet: ρ = p_masskg,True,,2902,2907,26.995184038527693,1,1.001722949689869,2,0.0017199862401100496,0.0
"(0, 1, 3, 3, 1, 1, 1, 2)",facility: ρ = id  │  femalepart: ρ = type  │  formedpart: ρ = type  │  hinge: ρ = type  │  hingepack: ρ = type  │  malepart: ρ = p_masskg  │  steelpin: ρ = type  │  steelsheet: ρ = p_masskg_band,True,,195,2907,26.995184038527693,1,14.907692307692308,60,0.932920536635707,0.0
"(0, 1, 3, 3, 1, 1, 1, 3)",facility: ρ = id  │  femalepart: ρ = type  │  formedpart: ρ = type  │  hinge: ρ = type  │  hingepack: ρ = type  │  malepart: ρ = p_masskg  │  steelpin: ρ = type  │  steelsheet: ρ = SteelCoil,True,,352,2907,26.995184038527693,1,8.258522727272727,34,0.8789129686962505,0.0
"(0, 1, 3, 3, 1, 2, 1, 1)",facility: ρ = id  │  femalepart: ρ = type  │  formedpart: ρ = type  │  hinge: ρ = type  │  hingepack: ρ = type  │  malepart: ρ = p_masskg_band  │  steelpin: ρ = type  │  steelsheet: ρ = p_masskg,True,,1512,2907,26.995184038527693,1,1.9226190476190477,8,0.47987616099071206,0.0
"(1, 1, 1, 1, 1, 3, 1, 4)",facility: ρ = type  │  femalepart: ρ = type  │  formedpart: ρ = p_masskg  │  hinge: ρ = p_masskg  │  hingepack: ρ = type  │  malepart: ρ = type  │  steelpin: ρ = type  │  steelsheet: ρ = type,True,,2902,2907,26.995184038527693,1,1.001722949689869,2,0.0017199862401100496,0.0
"(1, 1, 1, 2, 0, 3, 1, 4)",facility: ρ = type  │  femalepart: ρ = type  │  formedpart: ρ = p_masskg  │  hinge: ρ = p_masskg_band  │  hingepack: ρ = id  │  malepart: ρ = type  │  steelpin: ρ = type  │  steelsheet: ρ = type,True,,2902,2907,26.995184038527693,1,1.001722949689869,2,0.0017199862401100496,0.0
"(1, 1, 1, 2, 1, 2, 1, 4)",facility: ρ = type  │  femalepart: ρ = type  │  formedpart: ρ = p_masskg  │  hinge: ρ = p_masskg_band  │  hingepack: ρ = type  │  malepart: ρ = p_masskg_band  │  steelpin: ρ = type  │  steelsheet: ρ = type,True,,2207,2907,26.995184038527693,1,1.31717263253285,7,0.24079807361541106,0.0
"(1, 1, 1, 2, 1, 3, 1, 2)",facility: ρ = type  │  femalepart: ρ = type  │  formedpart: ρ = p_masskg  │  hinge: ρ = p_masskg_band  │  hingepack: ρ = type  │  malepart: ρ = type  │  steelpin: ρ = type  │  steelsheet: ρ = p_masskg_band,True,,2207,2907,26.995184038527693,1,1.31717263253285,7,0.24079807361541106,0.0
"(1, 1, 1, 2, 1, 3, 1, 3)",facility: ρ = type  │  femalepart: ρ = type  │  formedpart: ρ = p_masskg  │  hinge: ρ = p_masskg_band  │  hingepack: ρ = type  │  malepart: ρ = type  │  steelpin: ρ = type  │  steelsheet: ρ = SteelCoil,True,,2729,2907,26.995184038527693,1,1.0652253572737267,3,0.06123151014791883,0.0
"(1, 1, 1, 3, 0, 2, 1, 4)",facility: ρ = type  │  femalepart: ρ = type  │  formedpart: ρ = p_masskg  │  hinge: ρ = type  │  hingepack: ρ = id  │  malepart: ρ = p_masskg_band  │  steelpin: ρ = type  │  steelsheet: ρ = type,True,,2902,2907,26.995184038527693,1,1.001722949689869,2,0.0017199862401100496,0.0
"(1, 1, 1, 3, 0, 3, 1, 2)",facility: ρ = type  │  femalepart: ρ = type  │  formedpart: ρ = p_masskg  │  hinge: ρ = type  │  hingepack: ρ = id  │  malepart: ρ = type  │  steelpin: ρ = type  │  steelsheet: ρ = p_masskg_band,True,,2902,2907,26.995184038527693,1,1.001722949689869,2,0.0017199862401100496,0.0
"(1, 1, 1, 3, 0, 3, 1, 3)",facility: ρ = type  │  femalepart: ρ = type  │  formedpart: ρ = p_masskg  │  hinge: ρ = type  │  hingepack: ρ = id  │  malepart: ρ = type  │  steelpin: ρ = type  │  steelsheet: ρ = SteelCoil,True,,2902,2907,26.995184038527693,1,1.001722949689869,2,0.0017199862401100496,0.0
"(1, 1, 1, 3, 1, 1, 1, 4)",facility: ρ = type  │  femalepart: ρ = type  │  formedpart: ρ = p_masskg  │  hinge: ρ = type  │  hingepack: ρ = type  │  malepart: ρ = p_masskg  │  steelpin: ρ = type  │  steelsheet: ρ = type,True,,1512,2907,26.995184038527693,1,1.9226190476190477,8,0.47987616099071206,0.0
"(1, 1, 1, 3, 1, 2, 1, 2)",facility: ρ = type  │  femalepart: ρ = type  │  formedpart: ρ = p_masskg  │  hinge: ρ = type  │  hingepack: ρ = type  │  malepart: ρ = p_masskg_band  │  steelpin: ρ = type  │  steelsheet: ρ = p_masskg_band,True,,1512,2907,26.995184038527693,1,1.9226190476190477,8,0.47987616099071206,0.0
"(1, 1, 1, 3, 1, 2, 1, 3)",facility: ρ = type  │  femalepart: ρ = type  │  formedpart: ρ = p_masskg  │  hinge: ρ = type  │  hingepack: ρ = type  │  malepart: ρ = p_masskg_band  │  steelpin: ρ = type  │  steelsheet: ρ = SteelCoil,True,,2464,2907,26.995184038527693,1,1.1797889610389611,4,0.15239078087375302,0.0
"(1, 1, 1, 3, 1, 3, 1, 1)",facility: ρ = type  │  femalepart: ρ = type  │  formedpart: ρ = p_masskg  │  hinge: ρ = type  │  hingepack: ρ = type  │  malepart: ρ = type  │  steelpin: ρ = type  │  steelsheet: ρ = p_masskg,True,,1512,2907,26.995184038527693,1,1.9226190476190477,8,0.47987616099071206,0.0
"(1, 1, 2, 1, 0, 3, 1, 4)",facility: ρ = type  │  femalepart: ρ = type  │  formedpart: ρ = p_masskg_band  │  hinge: ρ = p_masskg  │  hingepack: ρ = id  │  malepart: ρ = type  │  steelpin: ρ = type  │  steelsheet: ρ = type,True,,2843,2907,26.995184038527693,1,1.0225114315863524,2,0.022015823873409057,0.0
"(1, 1, 2, 1, 1, 2, 1, 4)",facility: ρ = type  │  femalepart: ρ = type  │  formedpart: ρ = p_masskg_band  │  hinge: ρ = p_masskg  │  hingepack: ρ = type  │  malepart: ρ = p_masskg_band  │  steelpin: ρ = type  │  steelsheet: ρ = type,True,,2848,2907,26.995184038527693,1,1.0207162921348314,2,0.020295837633298897,0.0
"(1, 1, 2, 1, 1, 3, 1, 2)",facility: ρ = type  │  femalepart: ρ = type  │  formedpart: ρ = p_masskg_band  │  hinge: ρ = p_masskg  │  hingepack: ρ = type  │  malepart: ρ = type  │  steelpin: ρ = type  │  steelsheet: ρ = p_masskg_band,True,,2856,2907,26.995184038527693,1,1.0178571428571428,2,0.01754385964912286,0.0
"(1, 1, 2, 1, 1, 3, 1, 3)",facility: ρ = type  │  femalepart: ρ = type  │  formedpart: ρ = p_masskg_band  │  hinge: ρ = p_masskg  │  hingepack: ρ = type  │  malepart: ρ = type  │  steelpin: ρ = type  │  steelsheet: ρ = SteelCoil,True,,2849,2907,26.995184038527693,1,1.0203580203580203,2,0.019951840385276864,0.0
"(1, 1, 2, 2, 0, 2, 1, 4)",facility: ρ = type  │  femalepart: ρ = type  │  formedpart: ρ = p_masskg_band  │  hinge: ρ = p_masskg_band  │  hingepack: ρ = id  │  malepart: ρ = p_masskg_band  │  steelpin: ρ = type  │  steelsheet: ρ = type,True,,2081,2907,26.995184038527693,1,1.3969245555021623,6,0.2841417268661851,0.0
"(1, 1, 2, 2, 0, 3, 1, 2)",facility: ρ = type  │  femalepart: ρ = type  │  formedpart: ρ = p_masskg_band  │  hinge: ρ = p_masskg_band  │  hingepack: ρ = id  │  malepart: ρ = type  │  steelpin: ρ = type  │  steelsheet: ρ = p_masskg_band,True,,2187,2907,26.995184038527693,1,1.3292181069958848,6,0.24767801857585137,0.0
"(1, 1, 2, 2, 0, 3, 1, 3)",facility: ρ = type  │  femalepart: ρ = type  │  formedpart: ρ = p_masskg_band  │  hinge: ρ = p_masskg_band  │  hingepack: ρ = id  │  malepart: ρ = type  │  steelpin: ρ = type  │  steelsheet: ρ = SteelCoil,True,,2109,2907,26.995184038527693,1,1.3783783783783783,6,0.27450980392156865,0.0
"(1, 1, 2, 2, 1, 1, 1, 4)",facility: ρ = type  │  femalepart: ρ = type  │  formedpart: ρ = p_masskg_band  │  hinge: ρ = p_masskg_band  │  hingepack: ρ = type  │  malepart: ρ = p_masskg  │  steelpin: ρ = type  │  steelsheet: ρ = type,True,,773,2907,26.995184038527693,1,3.760672703751617,31,0.7340901272789817,0.0
"(1, 1, 2, 2, 1, 2, 1, 2)",facility: ρ = type  │  femalepart: ρ = type  │  formedpart: ρ = p_masskg_band  │  hinge: ρ = p_masskg_band  │  hingepack: ρ = type  │  malepart: ρ = p_masskg_band  │  steelpin: ρ = type  │  steelsheet: ρ = p_masskg_band,True,,214,2907,26.995184038527693,1,13.58411214953271,222,0.9263845889232886,0.0
"(1, 1, 2, 2, 1, 2, 1, 3)",facility: ρ = type  │  femalepart: ρ = type  │  formedpart: ρ = p_masskg_band  │  hinge: ρ = p_masskg_band  │  hingepack: ρ = type  │  malepart: ρ = p_masskg_band  │  steelpin: ρ = type  │  steelsheet: ρ = SteelCoil,True,,463,2907,26.995184038527693,1,6.278617710583154,67,0.8407292741658067,0.0
"(1, 1, 2, 2, 1, 3, 1, 1)",facility: ρ = type  │  femalepart: ρ = type  │  formedpart: ρ = p_masskg_band  │  hinge: ρ = p_masskg_band  │  hingepack: ρ = type  │  malepart: ρ = type  │  steelpin: ρ = type  │  steelsheet: ρ = p_masskg,True,,2207,2907,26.995184038527693,1,1.31717263253285,7,0.24079807361541106,0.0
"(1, 1, 2, 3, 0, 1, 1, 4)",facility: ρ = type  │  femalepart: ρ = type  │  formedpart: ρ = p_masskg_band  │  hinge: ρ = type  │  hingepack: ρ = id  │  malepart: ρ = p_masskg  │  steelpin: ρ = type  │  steelsheet: ρ = type,True,,2790,2907,26.995184038527693,1,1.0419354838709678,3,0.04024767801857587,0.0
"(1, 1, 2, 3, 0, 2, 1, 2)",facility: ρ = type  │  femalepart: ρ = type  │  formedpart: ρ = p_masskg_band  │  hinge: ρ = type  │  hingepack: ρ = id  │  malepart: ρ = p_masskg_band  │  steelpin: ρ = type  │  steelsheet: ρ = p_masskg_band,True,,2008,2907,26.995184038527693,1,1.4477091633466135,6,0.30925352597179223,0.0
"(1, 1, 2, 3, 0, 2, 1, 3)",facility: ρ = type  │  femalepart: ρ = type  │  formedpart: ρ = p_masskg_band  │  hinge: ρ = type  │  hingepack: ρ = id  │  malepart: ρ = p_masskg_band  │  steelpin: ρ = type  │  steelsheet: ρ = SteelCoil,True,,1900,2907,26.995184038527693,1,1.53,6,0.3464052287581699,0.0
"(1, 1, 2, 3, 0, 3, 1, 1)",facility: ρ = type  │  femalepart: ρ = type  │  formedpart: ρ = p_masskg_band  │  hinge: ρ = type  │  hingepack: ρ = id  │  malepart: ρ = type  │  steelpin: ρ = type  │  steelsheet: ρ = p_masskg,True,,2902,2907,26.995184038527693,1,1.001722949689869,2,0.0017199862401100496,0.0
"(1, 1, 2, 3, 1, 1, 1, 2)",facility: ρ = type  │  femalepart: ρ = type  │  formedpart: ρ = p_masskg_band  │  hinge: ρ = type  │  hingepack: ρ = type  │  malepart: ρ = p_masskg  │  steelpin: ρ = type  │  steelsheet: ρ = p_masskg_band,True,,267,2907,26.995184038527693,1,10.887640449438202,58,0.9081527347781218,0.0
"(1, 1, 2, 3, 1, 1, 1, 3)",facility: ρ = type  │  femalepart: ρ = type  │  formedpart: ρ = p_masskg_band  │  hinge: ρ = type  │  hingepack: ρ = type  │  malepart: ρ = p_masskg  │  steelpin: ρ = type  │  steelsheet: ρ = SteelCoil,True,,740,2907,26.995184038527693,1,3.9283783783783783,20,0.7454420364637082,0.0
"(1, 1, 2, 3, 1, 2, 1, 1)",facility: ρ = type  │  femalepart: ρ = type  │  formedpart: ρ = p_masskg_band  │  hinge: ρ = type  │  hingepack: ρ = type  │  malepart: ρ = p_masskg_band  │  steelpin: ρ = type  │  steelsheet: ρ = p_masskg,True,,1512,2907,26.995184038527693,1,1.9226190476190477,8,0.47987616099071206,0.0
"(1, 1, 3, 1, 0, 2, 1, 4)",facility: ρ = type  │  femalepart: ρ = type  │  formedpart: ρ = type  │  hinge: ρ = p_masskg  │  hingepack: ρ = id  │  malepart: ρ = p_masskg_band  │  steelpin: ρ = type  │  steelsheet: ρ = type,True,,2812,2907,26.995184038527693,1,1.0337837837837838,2,0.0326797385620915,0.0
"(1, 1, 3, 1, 0, 3, 1, 2)",facility: ρ = type  │  femalepart: ρ = type  │  formedpart: ρ = type  │  hinge: ρ = p_masskg  │  hingepack: ρ = id  │  malepart: ρ = type  │  steelpin: ρ = type  │  steelsheet: ρ = p_masskg_band,True,,2845,2907,26.995184038527693,1,1.021792618629174,3,0.021327829377364993,0.0
"(1, 1, 3, 1, 0, 3, 1, 3)",facility: ρ = type  │  femalepart: ρ = type  │  formedpart: ρ = type  │  hinge: ρ = p_masskg  │  hingepack: ρ = id  │  malepart: ρ = type  │  steelpin: ρ = type  │  steelsheet: ρ = SteelCoil,True,,2725,2907,26.995184038527693,1,1.066788990825688,3,0.06260749914000685,0.0
"(1, 1, 3, 1, 1, 1, 1, 4)",facility: ρ = type  │  femalepart: ρ = type  │  formedpart: ρ = type  │  hinge: ρ = p_masskg  │  hingepack: ρ = type  │  malepart: ρ = p_masskg  │  steelpin: ρ = type  │  steelsheet: ρ = type,True,,2902,2907,26.995184038527693,1,1.001722949689869,2,0.0017199862401100496,0.0
"(1, 1, 3, 1, 1, 2, 1, 2)",facility: ρ = type  │  femalepart: ρ = type  │  formedpart: ρ = type  │  hinge: ρ = p_masskg  │  hingepack: ρ = type  │  malepart: ρ = p_masskg_band  │  steelpin: ρ = type  │  steelsheet: ρ = p_masskg_band,True,,2855,2907,26.995184038527693,1,1.018213660245184,2,0.017887856897144783,0.0
"(1, 1, 3, 1, 1, 2, 1, 3)",facility: ρ = type  │  femalepart: ρ = type  │  formedpart: ρ = type  │  hinge: ρ = p_masskg  │  hingepack: ρ = type  │  malepart: ρ = p_masskg_band  │  steelpin: ρ = type  │  steelsheet: ρ = SteelCoil,True,,2821,2907,26.995184038527693,1,1.0304856433888692,2,0.02958376332989332,0.0
"(1, 1, 3, 1, 1, 3, 1, 1)",facility: ρ = type  │  femalepart: ρ = type  │  formedpart: ρ = type  │  hinge: ρ = p_masskg  │  hingepack: ρ = type  │  malepart: ρ = type  │  steelpin: ρ = type  │  steelsheet: ρ = p_masskg,True,,2902,2907,26.995184038527693,1,1.001722949689869,2,0.0017199862401100496,0.0
"(1, 1, 3, 2, 0, 1, 1, 4)",facility: ρ = type  │  femalepart: ρ = type  │  formedpart: ρ = type  │  hinge: ρ = p_masskg_band  │  hingepack: ρ = id  │  malepart: ρ = p_masskg  │  steelpin: ρ = type  │  steelsheet: ρ = type,True,,2748,2907,26.995184038527693,1,1.0578602620087336,3,0.054695562435500555,0.0
"(1, 1, 3, 2, 0, 2, 1, 2)",facility: ρ = type  │  femalepart: ρ = type  │  formedpart: ρ = type  │  hinge: ρ = p_masskg_band  │  hingepack: ρ = id  │  malepart: ρ = p_masskg_band  │  steelpin: ρ = type  │  steelsheet: ρ = p_masskg_band,True,,2148,2907,26.995184038527693,1,1.3533519553072626,6,0.26109391124871006,0.0
"(1, 1, 3, 2, 0, 2, 1, 3)",facility: ρ = type  │  femalepart: ρ = type  │  formedpart: ρ = type  │  hinge: ρ = p_masskg_band  │  hingepack: ρ = id  │  malepart: ρ = p_masskg_band  │  steelpin: ρ = type  │  steelsheet: ρ = SteelCoil,True,,1663,2907,26.995184038527693,1,1.7480457005411907,7,0.42793257653938765,0.0
"(1, 1, 3, 2, 0, 3, 1, 1)",facility: ρ = type  │  femalepart: ρ = type  │  formedpart: ρ = type  │  hinge: ρ = p_masskg_band  │  hingepack: ρ = id  │  malepart: ρ = type  │  steelpin: ρ = type  │  steelsheet: ρ = p_masskg,True,,2902,2907,26.995184038527693,1,1.001722949689869,2,0.0017199862401100496,0.0
"(1, 1, 3, 2, 1, 1, 1, 2)",facility: ρ = type  │  femalepart: ρ = type  │  formedpart: ρ = type  │  hinge: ρ = p_masskg_band  │  hingepack: ρ = type  │  malepart: ρ = p_masskg  │  steelpin: ρ = type  │  steelsheet: ρ = p_masskg_band,True,,775,2907,26.995184038527693,1,3.750967741935484,30,0.7334021327829378,0.0
"(1, 1, 3, 2, 1, 1, 1, 3)",facility: ρ = type  │  femalepart: ρ = type  │  formedpart: ρ = type  │  hinge: ρ = p_masskg_band  │  hingepack: ρ = type  │  malepart: ρ = p_masskg  │  steelpin: ρ = type  │  steelsheet: ρ = SteelCoil,True,,1305,2907,26.995184038527693,1,2.2275862068965515,12,0.5510835913312693,0.0
"(1, 1, 3, 2, 1, 2, 1, 1)",facility: ρ = type  │  femalepart: ρ = type  │  formedpart: ρ = type  │  hinge: ρ = p_masskg_band  │  hingepack: ρ = type  │  malepart: ρ = p_masskg_band  │  steelpin: ρ = type  │  steelsheet: ρ = p_masskg,True,,2207,2907,26.995184038527693,1,1.31717263253285,7,0.24079807361541106,0.0
"(1, 1, 3, 3, 0, 1, 1, 2)",facility: ρ = type  │  femalepart: ρ = type  │  formedpart: ρ = type  │  hinge: ρ = type  │  hingepack: ρ = id  │  malepart: ρ = p_masskg  │  steelpin: ρ = type  │  steelsheet: ρ = p_masskg_band,True,,2791,2907,26.995184038527693,1,1.0415621640988892,3,0.03990368077055384,0.0
"(1, 1, 3, 3, 0, 1, 1, 3)",facility: ρ = type  │  femalepart: ρ = type  │  formedpart: ρ = type  │  hinge: ρ = type  │  hingepack: ρ = id  │  malepart: ρ = p_masskg  │  steelpin: ρ = type  │  steelsheet: ρ = SteelCoil,True,,2625,2907,26.995184038527693,1,1.1074285714285714,4,0.09700722394220851,0.0
"(1, 1, 3, 3, 0, 2, 1, 1)",facility: ρ = type  │  femalepart: ρ = type  │  formedpart: ρ = type  │  hinge: ρ = type  │  hingepack: ρ = id  │  malepart: ρ = p_masskg_band  │  steelpin: ρ = type  │  steelsheet: ρ = p_masskg,True,,2902,2907,26.995184038527693,1,1.001722949689869,2,0.0017199862401100496,0.0
"(1, 1, 3, 3, 1, 1, 1, 1)",facility: ρ = type  │  femalepart: ρ = type  │  formedpart: ρ = type  │  hinge: ρ = type  │  hingepack: ρ = type  │  malepart: ρ = p_masskg  │  steelpin: ρ = type  │  steelsheet: ρ = p_masskg,True,,1512,2907,26.995184038527693,1,1.9226190476190477,8,0.47987616099071206,0.0
"(0, 1, 1, 1, 1, 3, 1, 4)",facility: ρ = id  │  femalepart: ρ = type  │  formedpart: ρ = p_masskg  │  hinge: ρ = p_masskg  │  hingepack: ρ = type  │  malepart: ρ = type  │  steelpin: ρ = type  │  steelsheet: ρ = type,True,,2902,2907,26.995184038527693,1,1.001722949689869,2,0.0017199862401100496,0.0
"(0, 1, 1, 2, 0, 3, 1, 4)",facility: ρ = id  │  femalepart: ρ = type  │  formedpart: ρ = p_masskg  │  hinge: ρ = p_masskg_band  │  hingepack: ρ = id  │  malepart: ρ = type  │  steelpin: ρ = type  │  steelsheet: ρ = type,True,,2902,2907,26.995184038527693,1,1.001722949689869,2,0.0017199862401100496,0.0
"(0, 1, 1, 2, 1, 2, 1, 4)",facility: ρ = id  │  femalepart: ρ = type  │  formedpart: ρ = p_masskg  │  hinge: ρ = p_masskg_band  │  hingepack: ρ = type  │  malepart: ρ = p_masskg_band  │  steelpin: ρ = type  │  steelsheet: ρ = type,True,,2207,2907,26.995184038527693,1,1.31717263253285,7,0.24079807361541106,0.0
"(0, 1, 1, 2, 1, 3, 1, 2)",facility: ρ = id  │  femalepart: ρ = type  │  formedpart: ρ = p_masskg  │  hinge: ρ = p_masskg_band  │  hingepack: ρ = type  │  malepart: ρ = type  │  steelpin: ρ = type  │  steelsheet: ρ = p_masskg_band,True,,2207,2907,26.995184038527693,1,1.31717263253285,7,0.24079807361541106,0.0
"(0, 1, 1, 2, 1, 3, 1, 3)",facility: ρ = id  │  femalepart: ρ = type  │  formedpart: ρ = p_masskg  │  hinge: ρ = p_masskg_band  │  hingepack: ρ = type  │  malepart: ρ = type  │  steelpin: ρ = type  │  steelsheet: ρ = SteelCoil,True,,2729,2907,26.995184038527693,1,1.0652253572737267,3,0.06123151014791883,0.0
"(0, 1, 1, 3, 0, 2, 1, 4)",facility: ρ = id  │  femalepart: ρ = type  │  formedpart: ρ = p_masskg  │  hinge: ρ = type  │  hingepack: ρ = id  │  malepart: ρ = p_masskg_band  │  steelpin: ρ = type  │  steelsheet: ρ = type,True,,2902,2907,26.995184038527693,1,1.001722949689869,2,0.0017199862401100496,0.0
"(0, 1, 1, 3, 0, 3, 1, 2)",facility: ρ = id  │  femalepart: ρ = type  │  formedpart: ρ = p_masskg  │  hinge: ρ = type  │  hingepack: ρ = id  │  malepart: ρ = type  │  steelpin: ρ = type  │  steelsheet: ρ = p_masskg_band,True,,2902,2907,26.995184038527693,1,1.001722949689869,2,0.0017199862401100496,0.0
"(0, 1, 1, 3, 0, 3, 1, 3)",facility: ρ = id  │  femalepart: ρ = type  │  formedpart: ρ = p_masskg  │  hinge: ρ = type  │  hingepack: ρ = id  │  malepart: ρ = type  │  steelpin: ρ = type  │  steelsheet: ρ = SteelCoil,True,,2902,2907,26.995184038527693,1,1.001722949689869,2,0.0017199862401100496,0.0
"(0, 1, 1, 3, 1, 1, 1, 4)",facility: ρ = id  │  femalepart: ρ = type  │  formedpart: ρ = p_masskg  │  hinge: ρ = type  │  hingepack: ρ = type  │  malepart: ρ = p_masskg  │  steelpin: ρ = type  │  steelsheet: ρ = type,True,,1512,2907,26.995184038527693,1,1.9226190476190477,8,0.47987616099071206,0.0
"(0, 1, 1, 3, 1, 2, 1, 2)",facility: ρ = id  │  femalepart: ρ = type  │  formedpart: ρ = p_masskg  │  hinge: ρ = type  │  hingepack: ρ = type  │  malepart: ρ = p_masskg_band  │  steelpin: ρ = type  │  steelsheet: ρ = p_masskg_band,True,,1512,2907,26.995184038527693,1,1.9226190476190477,8,0.47987616099071206,0.0
"(0, 1, 1, 3, 1, 2, 1, 3)",facility: ρ = id  │  femalepart: ρ = type  │  formedpart: ρ = p_masskg  │  hinge: ρ = type  │  hingepack: ρ = type  │  malepart: ρ = p_masskg_band  │  steelpin: ρ = type  │  steelsheet: ρ = SteelCoil,True,,2464,2907,26.995184038527693,1,1.1797889610389611,4,0.15239078087375302,0.0
"(0, 1, 1, 3, 1, 3, 1, 1)",facility: ρ = id  │  femalepart: ρ = type  │  formedpart: ρ = p_masskg  │  hinge: ρ = type  │  hingepack: ρ = type  │  malepart: ρ = type  │  steelpin: ρ = type  │  steelsheet: ρ = p_masskg,True,,1512,2907,26.995184038527693,1,1.9226190476190477,8,0.47987616099071206,0.0
"(0, 1, 2, 1, 0, 3, 1, 4)",facility: ρ = id  │  femalepart: ρ = type  │  formedpart: ρ = p_masskg_band  │  hinge: ρ = p_masskg  │  hingepack: ρ = id  │  malepart: ρ = type  │  steelpin: ρ = type  │  steelsheet: ρ = type,True,,2843,2907,26.995184038527693,1,1.0225114315863524,2,0.022015823873409057,0.0
"(0, 1, 2, 1, 1, 2, 1, 4)",facility: ρ = id  │  femalepart: ρ = type  │  formedpart: ρ = p_masskg_band  │  hinge: ρ = p_masskg  │  hingepack: ρ = type  │  malepart: ρ = p_masskg_band  │  steelpin: ρ = type  │  steelsheet: ρ = type,True,,2848,2907,26.995184038527693,1,1.0207162921348314,2,0.020295837633298897,0.0
"(0, 1, 2, 1, 1, 3, 1, 2)",facility: ρ = id  │  femalepart: ρ = type  │  formedpart: ρ = p_masskg_band  │  hinge: ρ = p_masskg  │  hingepack: ρ = type  │  malepart: ρ = type  │  steelpin: ρ = type  │  steelsheet: ρ = p_masskg_band,True,,2856,2907,26.995184038527693,1,1.0178571428571428,2,0.01754385964912286,0.0
"(0, 1, 2, 1, 1, 3, 1, 3)",facility: ρ = id  │  femalepart: ρ = type  │  formedpart: ρ = p_masskg_band  │  hinge: ρ = p_masskg  │  hingepack: ρ = type  │  malepart: ρ = type  │  steelpin: ρ = type  │  steelsheet: ρ = SteelCoil,True,,2849,2907,26.995184038527693,1,1.0203580203580203,2,0.019951840385276864,0.0
"(0, 1, 2, 2, 0, 2, 1, 4)",facility: ρ = id  │  femalepart: ρ = type  │  formedpart: ρ = p_masskg_band  │  hinge: ρ = p_masskg_band  │  hingepack: ρ = id  │  malepart: ρ = p_masskg_band  │  steelpin: ρ = type  │  steelsheet: ρ = type,True,,2081,2907,26.995184038527693,1,1.3969245555021623,6,0.2841417268661851,0.0
"(0, 1, 2, 2, 0, 3, 1, 2)",facility: ρ = id  │  femalepart: ρ = type  │  formedpart: ρ = p_masskg_band  │  hinge: ρ = p_masskg_band  │  hingepack: ρ = id  │  malepart: ρ = type  │  steelpin: ρ = type  │  steelsheet: ρ = p_masskg_band,True,,2187,2907,26.995184038527693,1,1.3292181069958848,6,0.24767801857585137,0.0
"(0, 1, 2, 2, 0, 3, 1, 3)",facility: ρ = id  │  femalepart: ρ = type  │  formedpart: ρ = p_masskg_band  │  hinge: ρ = p_masskg_band  │  hingepack: ρ = id  │  malepart: ρ = type  │  steelpin: ρ = type  │  steelsheet: ρ = SteelCoil,True,,2109,2907,26.995184038527693,1,1.3783783783783783,6,0.27450980392156865,0.0
"(0, 1, 2, 2, 1, 1, 1, 4)",facility: ρ = id  │  femalepart: ρ = type  │  formedpart: ρ = p_masskg_band  │  hinge: ρ = p_masskg_band  │  hingepack: ρ = type  │  malepart: ρ = p_masskg  │  steelpin: ρ = type  │  steelsheet: ρ = type,True,,773,2907,26.995184038527693,1,3.760672703751617,31,0.7340901272789817,0.0
"(0, 1, 2, 2, 1, 2, 1, 2)",facility: ρ = id  │  femalepart: ρ = type  │  formedpart: ρ = p_masskg_band  │  hinge: ρ = p_masskg_band  │  hingepack: ρ = type  │  malepart: ρ = p_masskg_band  │  steelpin: ρ = type  │  steelsheet: ρ = p_masskg_band,True,,214,2907,26.995184038527693,1,13.58411214953271,222,0.9263845889232886,0.0
"(0, 1, 2, 2, 1, 2, 1, 3)",facility: ρ = id  │  femalepart: ρ = type  │  formedpart: ρ = p_masskg_band  │  hinge: ρ = p_masskg_band  │  hingepack: ρ = type  │  malepart: ρ = p_masskg_band  │  steelpin: ρ = type  │  steelsheet: ρ = SteelCoil,True,,463,2907,26.995184038527693,1,6.278617710583154,67,0.8407292741658067,0.0
"(0, 1, 2, 2, 1, 3, 1, 1)",facility: ρ = id  │  femalepart: ρ = type  │  formedpart: ρ = p_masskg_band  │  hinge: ρ = p_masskg_band  │  hingepack: ρ = type  │  malepart: ρ = type  │  steelpin: ρ = type  │  steelsheet: ρ = p_masskg,True,,2207,2907,26.995184038527693,1,1.31717263253285,7,0.24079807361541106,0.0
"(0, 1, 2, 3, 0, 1, 1, 4)",facility: ρ = id  │  femalepart: ρ = type  │  formedpart: ρ = p_masskg_band  │  hinge: ρ = type  │  hingepack: ρ = id  │  malepart: ρ = p_masskg  │  steelpin: ρ = type  │  steelsheet: ρ = type,True,,2790,2907,26.995184038527693,1,1.0419354838709678,3,0.04024767801857587,0.0
"(0, 1, 2, 3, 0, 2, 1, 2)",facility: ρ = id  │  femalepart: ρ = type  │  formedpart: ρ = p_masskg_band  │  hinge: ρ = type  │  hingepack: ρ = id  │  malepart: ρ = p_masskg_band  │  steelpin: ρ = type  │  steelsheet: ρ = p_masskg_band,True,,2008,2907,26.995184038527693,1,1.4477091633466135,6,0.30925352597179223,0.0
"(0, 1, 2, 3, 0, 2, 1, 3)",facility: ρ = id  │  femalepart: ρ = type  │  formedpart: ρ = p_masskg_band  │  hinge: ρ = type  │  hingepack: ρ = id  │  malepart: ρ = p_masskg_band  │  steelpin: ρ = type  │  steelsheet: ρ = SteelCoil,True,,1900,2907,26.995184038527693,1,1.53,6,0.3464052287581699,0.0
"(0, 1, 2, 3, 0, 3, 1, 1)",facility: ρ = id  │  femalepart: ρ = type  │  formedpart: ρ = p_masskg_band  │  hinge: ρ = type  │  hingepack: ρ = id  │  malepart: ρ = type  │  steelpin: ρ = type  │  steelsheet: ρ = p_masskg,True,,2902,2907,26.995184038527693,1,1.001722949689869,2,0.0017199862401100496,0.0
"(0, 1, 2, 3, 1, 1, 1, 2)",facility: ρ = id  │  femalepart: ρ = type  │  formedpart: ρ = p_masskg_band  │  hinge: ρ = type  │  hingepack: ρ = type  │  malepart: ρ = p_masskg  │  steelpin: ρ = type  │  steelsheet: ρ = p_masskg_band,True,,267,2907,26.995184038527693,1,10.887640449438202,58,0.9081527347781218,0.0
"(0, 1, 2, 3, 1, 1, 1, 3)",facility: ρ = id  │  femalepart: ρ = type  │  formedpart: ρ = p_masskg_band  │  hinge: ρ = type  │  hingepack: ρ = type  │  malepart: ρ = p_masskg  │  steelpin: ρ = type  │  steelsheet: ρ = SteelCoil,True,,740,2907,26.995184038527693,1,3.9283783783783783,20,0.7454420364637082,0.0
"(0, 1, 2, 3, 1, 2, 1, 1)",facility: ρ = id  │  femalepart: ρ = type  │  formedpart: ρ = p_masskg_band  │  hinge: ρ = type  │  hingepack: ρ = type  │  malepart: ρ = p_masskg_band  │  steelpin: ρ = type  │  steelsheet: ρ = p_masskg,True,,1512,2907,26.995184038527693,1,1.9226190476190477,8,0.47987616099071206,0.0
"(0, 1, 3, 1, 0, 2, 1, 4)",facility: ρ = id  │  femalepart: ρ = type  │  formedpart: ρ = type  │  hinge: ρ = p_masskg  │  hingepack: ρ = id  │  malepart: ρ = p_masskg_band  │  steelpin: ρ = type  │  steelsheet: ρ = type,True,,2812,2907,26.995184038527693,1,1.0337837837837838,2,0.0326797385620915,0.0
"(0, 1, 3, 1, 0, 3, 1, 2)",facility: ρ = id  │  femalepart: ρ = type  │  formedpart: ρ = type  │  hinge: ρ = p_masskg  │  hingepack: ρ = id  │  malepart: ρ = type  │  steelpin: ρ = type  │  steelsheet: ρ = p_masskg_band,True,,2845,2907,26.995184038527693,1,1.021792618629174,3,0.021327829377364993,0.0
"(0, 1, 3, 1, 0, 3, 1, 3)",facility: ρ = id  │  femalepart: ρ = type  │  formedpart: ρ = type  │  hinge: ρ = p_masskg  │  hingepack: ρ = id  │  malepart: ρ = type  │  steelpin: ρ = type  │  steelsheet: ρ = SteelCoil,True,,2725,2907,26.995184038527693,1,1.066788990825688,3,0.06260749914000685,0.0
"(0, 1, 3, 1, 1, 1, 1, 4)",facility: ρ = id  │  femalepart: ρ = type  │  formedpart: ρ = type  │  hinge: ρ = p_masskg  │  hingepack: ρ = type  │  malepart: ρ = p_masskg  │  steelpin: ρ = type  │  steelsheet: ρ = type,True,,2902,2907,26.995184038527693,1,1.001722949689869,2,0.0017199862401100496,0.0
"(0, 1, 3, 1, 1, 2, 1, 2)",facility: ρ = id  │  femalepart: ρ = type  │  formedpart: ρ = type  │  hinge: ρ = p_masskg  │  hingepack: ρ = type  │  malepart: ρ = p_masskg_band  │  steelpin: ρ = type  │  steelsheet: ρ = p_masskg_band,True,,2855,2907,26.995184038527693,1,1.018213660245184,2,0.017887856897144783,0.0
"(0, 1, 3, 1, 1, 2, 1, 3)",facility: ρ = id  │  femalepart: ρ = type  │  formedpart: ρ = type  │  hinge: ρ = p_masskg  │  hingepack: ρ = type  │  malepart: ρ = p_masskg_band  │  steelpin: ρ = type  │  steelsheet: ρ = SteelCoil,True,,2821,2907,26.995184038527693,1,1.0304856433888692,2,0.02958376332989332,0.0
"(0, 1, 3, 1, 1, 3, 1, 1)",facility: ρ = id  │  femalepart: ρ = type  │  formedpart: ρ = type  │  hinge: ρ = p_masskg  │  hingepack: ρ = type  │  malepart: ρ = type  │  steelpin: ρ = type  │  steelsheet: ρ = p_masskg,True,,2902,2907,26.995184038527693,1,1.001722949689869,2,0.0017199862401100496,0.0
"(0, 1, 3, 2, 0, 1, 1, 4)",facility: ρ = id  │  femalepart: ρ = type  │  formedpart: ρ = type  │  hinge: ρ = p_masskg_band  │  hingepack: ρ = id  │  malepart: ρ = p_masskg  │  steelpin: ρ = type  │  steelsheet: ρ = type,True,,2748,2907,26.995184038527693,1,1.0578602620087336,3,0.054695562435500555,0.0
"(0, 1, 3, 2, 0, 2, 1, 2)",facility: ρ = id  │  femalepart: ρ = type  │  formedpart: ρ = type  │  hinge: ρ = p_masskg_band  │  hingepack: ρ = id  │  malepart: ρ = p_masskg_band  │  steelpin: ρ = type  │  steelsheet: ρ = p_masskg_band,True,,2148,2907,26.995184038527693,1,1.3533519553072626,6,0.26109391124871006,0.0
"(0, 1, 3, 2, 0, 2, 1, 3)",facility: ρ = id  │  femalepart: ρ = type  │  formedpart: ρ = type  │  hinge: ρ = p_masskg_band  │  hingepack: ρ = id  │  malepart: ρ = p_masskg_band  │  steelpin: ρ = type  │  steelsheet: ρ = SteelCoil,True,,1663,2907,26.995184038527693,1,1.7480457005411907,7,0.42793257653938765,0.0
"(0, 1, 3, 2, 0, 3, 1, 1)",facility: ρ = id  │  femalepart: ρ = type  │  formedpart: ρ = type  │  hinge: ρ = p_masskg_band  │  hingepack: ρ = id  │  malepart: ρ = type  │  steelpin: ρ = type  │  steelsheet: ρ = p_masskg,True,,2902,2907,26.995184038527693,1,1.001722949689869,2,0.0017199862401100496,0.0
"(0, 1, 3, 2, 1, 1, 1, 2)",facility: ρ = id  │  femalepart: ρ = type  │  formedpart: ρ = type  │  hinge: ρ = p_masskg_band  │  hingepack: ρ = type  │  malepart: ρ = p_masskg  │  steelpin: ρ = type  │  steelsheet: ρ = p_masskg_band,True,,775,2907,26.995184038527693,1,3.750967741935484,30,0.7334021327829378,0.0
"(0, 1, 3, 2, 1, 1, 1, 3)",facility: ρ = id  │  femalepart: ρ = type  │  formedpart: ρ = type  │  hinge: ρ = p_masskg_band  │  hingepack: ρ = type  │  malepart: ρ = p_masskg  │  steelpin: ρ = type  │  steelsheet: ρ = SteelCoil,True,,1305,2907,26.995184038527693,1,2.2275862068965515,12,0.5510835913312693,0.0
"(0, 1, 3, 2, 1, 2, 1, 1)",facility: ρ = id  │  femalepart: ρ = type  │  formedpart: ρ = type  │  hinge: ρ = p_masskg_band  │  hingepack: ρ = type  │  malepart: ρ = p_masskg_band  │  steelpin: ρ = type  │  steelsheet: ρ = p_masskg,True,,2207,2907,26.995184038527693,1,1.31717263253285,7,0.24079807361541106,0.0
"(0, 1, 3, 3, 0, 1, 1, 2)",facility: ρ = id  │  femalepart: ρ = type  │  formedpart: ρ = type  │  hinge: ρ = type  │  hingepack: ρ = id  │  malepart: ρ = p_masskg  │  steelpin: ρ = type  │  steelsheet: ρ = p_masskg_band,True,,2791,2907,26.995184038527693,1,1.0415621640988892,3,0.03990368077055384,0.0
"(0, 1, 3, 3, 0, 1, 1, 3)",facility: ρ = id  │  femalepart: ρ = type  │  formedpart: ρ = type  │  hinge: ρ = type  │  hingepack: ρ = id  │  malepart: ρ = p_masskg  │  steelpin: ρ = type  │  steelsheet: ρ = SteelCoil,True,,2625,2907,26.995184038527693,1,1.1074285714285714,4,0.09700722394220851,0.0
"(0, 1, 3, 3, 0, 2, 1, 1)",facility: ρ = id  │  femalepart: ρ = type  │  formedpart: ρ = type  │  hinge: ρ = type  │  hingepack: ρ = id  │  malepart: ρ = p_masskg_band  │  steelpin: ρ = type  │  steelsheet: ρ = p_masskg,True,,2902,2907,26.995184038527693,1,1.001722949689869,2,0.0017199862401100496,0.0
"(0, 1, 3, 3, 1, 1, 1, 1)",facility: ρ = id  │  femalepart: ρ = type  │  formedpart: ρ = type  │  hinge: ρ = type  │  hingepack: ρ = type  │  malepart: ρ = p_masskg  │  steelpin: ρ = type  │  steelsheet: ρ = p_masskg,True,,1512,2907,26.995184038527693,1,1.9226190476190477,8,0.47987616099071206,0.0
"(1, 1, 1, 1, 0, 3, 1, 4)",facility: ρ = type  │  femalepart: ρ = type  │  formedpart: ρ = p_masskg  │  hinge: ρ = p_masskg  │  hingepack: ρ = id  │  malepart: ρ = type  │  steelpin: ρ = type  │  steelsheet: ρ = type,True,,2902,2907,26.995184038527693,1,1.001722949689869,2,0.0017199862401100496,0.0
"(1, 1, 1, 1, 1, 2, 1, 4)",facility: ρ = type  │  femalepart: ρ = type  │  formedpart: ρ = p_masskg  │  hinge: ρ = p_masskg  │  hingepack: ρ = type  │  malepart: ρ = p_masskg_band  │  steelpin: ρ = type  │  steelsheet: ρ = type,True,,2902,2907,26.995184038527693,1,1.001722949689869,2,0.0017199862401100496,0.0
"(1, 1, 1, 1, 1, 3, 1, 2)",facility: ρ = type  │  femalepart: ρ = type  │  formedpart: ρ = p_masskg  │  hinge: ρ = p_masskg  │  hingepack: ρ = type  │  malepart: ρ = type  │  steelpin: ρ = type  │  steelsheet: ρ = p_masskg_band,True,,2902,2907,26.995184038527693,1,1.001722949689869,2,0.0017199862401100496,0.0
"(1, 1, 1, 1, 1, 3, 1, 3)",facility: ρ = type  │  femalepart: ρ = type  │  formedpart: ρ = p_masskg  │  hinge: ρ = p_masskg  │  hingepack: ρ = type  │  malepart: ρ = type  │  steelpin: ρ = type  │  steelsheet: ρ = SteelCoil,True,,2902,2907,26.995184038527693,1,1.001722949689869,2,0.0017199862401100496,0.0
"(1, 1, 1, 2, 0, 2, 1, 4)",facility: ρ = type  │  femalepart: ρ = type  │  formedpart: ρ = p_masskg  │  hinge: ρ = p_masskg_band  │  hingepack: ρ = id  │  malepart: ρ = p_masskg_band  │  steelpin: ρ = type  │  steelsheet: ρ = type,True,,2902,2907,26.995184038527693,1,1.001722949689869,2,0.0017199862401100496,0.0
"(1, 1, 1, 2, 0, 3, 1, 2)",facility: ρ = type  │  femalepart: ρ = type  │  formedpart: ρ = p_masskg  │  hinge: ρ = p_masskg_band  │  hingepack: ρ = id  │  malepart: ρ = type  │  steelpin: ρ = type  │  steelsheet: ρ = p_masskg_band,True,,2902,2907,26.995184038527693,1,1.001722949689869,2,0.0017199862401100496,0.0
"(1, 1, 1, 2, 0, 3, 1, 3)",facility: ρ = type  │  femalepart: ρ = type  │  formedpart: ρ = p_masskg  │  hinge: ρ = p_masskg_band  │  hingepack: ρ = id  │  malepart: ρ = type  │  steelpin: ρ = type  │  steelsheet: ρ = SteelCoil,True,,2902,2907,26.995184038527693,1,1.001722949689869,2,0.0017199862401100496,0.0
"(1, 1, 1, 2, 1, 1, 1, 4)",facility: ρ = type  │  femalepart: ρ = type  │  formedpart: ρ = p_masskg  │  hinge: ρ = p_masskg_band  │  hingepack: ρ = type  │  malepart: ρ = p_masskg  │  steelpin: ρ = type  │  steelsheet: ρ = type,True,,2207,2907,26.995184038527693,1,1.31717263253285,7,0.24079807361541106,0.0
"(1, 1, 1, 2, 1, 2, 1, 2)",facility: ρ = type  │  femalepart: ρ = type  │  formedpart: ρ = p_masskg  │  hinge: ρ = p_masskg_band  │  hingepack: ρ = type  │  malepart: ρ = p_masskg_band  │  steelpin: ρ = type  │  steelsheet: ρ = p_masskg_band,True,,2207,2907,26.995184038527693,1,1.31717263253285,7,0.24079807361541106,0.0
"(1, 1, 1, 2, 1, 2, 1, 3)",facility: ρ = type  │  femalepart: ρ = type  │  formedpart: ρ = p_masskg  │  hinge: ρ = p_masskg_band  │  hingepack: ρ = type  │  malepart: ρ = p_masskg_band  │  steelpin: ρ = type  │  steelsheet: ρ = SteelCoil,True,,2729,2907,26.995184038527693,1,1.0652253572737267,3,0.06123151014791883,0.0
"(1, 1, 1, 2, 1, 3, 1, 1)",facility: ρ = type  │  femalepart: ρ = type  │  formedpart: ρ = p_masskg  │  hinge: ρ = p_masskg_band  │  hingepack: ρ = type  │  malepart: ρ = type  │  steelpin: ρ = type  │  steelsheet: ρ = p_masskg,True,,2207,2907,26.995184038527693,1,1.31717263253285,7,0.24079807361541106,0.0
"(1, 1, 1, 3, 0, 1, 1, 4)",facility: ρ = type  │  femalepart: ρ = type  │  formedpart: ρ = p_masskg  │  hinge: ρ = type  │  hingepack: ρ = id  │  malepart: ρ = p_masskg  │  steelpin: ρ = type  │  steelsheet: ρ = type,True,,2902,2907,26.995184038527693,1,1.001722949689869,2,0.0017199862401100496,0.0
"(1, 1, 1, 3, 0, 2, 1, 2)",facility: ρ = type  │  femalepart: ρ = type  │  formedpart: ρ = p_masskg  │  hinge: ρ = type  │  hingepack: ρ = id  │  malepart: ρ = p_masskg_band  │  steelpin: ρ = type  │  steelsheet: ρ = p_masskg_band,True,,2902,2907,26.995184038527693,1,1.001722949689869,2,0.0017199862401100496,0.0
"(1, 1, 1, 3, 0, 2, 1, 3)",facility: ρ = type  │  femalepart: ρ = type  │  formedpart: ρ = p_masskg  │  hinge: ρ = type  │  hingepack: ρ = id  │  malepart: ρ = p_masskg_band  │  steelpin: ρ = type  │  steelsheet: ρ = SteelCoil,True,,2902,2907,26.995184038527693,1,1.001722949689869,2,0.0017199862401100496,0.0
"(1, 1, 1, 3, 0, 3, 1, 1)",facility: ρ = type  │  femalepart: ρ = type  │  formedpart: ρ = p_masskg  │  hinge: ρ = type  │  hingepack: ρ = id  │  malepart: ρ = type  │  steelpin: ρ = type  │  steelsheet: ρ = p_masskg,True,,2902,2907,26.995184038527693,1,1.001722949689869,2,0.0017199862401100496,0.0
"(1, 1, 1, 3, 1, 1, 1, 2)",facility: ρ = type  │  femalepart: ρ = type  │  formedpart: ρ = p_masskg  │  hinge: ρ = type  │  hingepack: ρ = type  │  malepart: ρ = p_masskg  │  steelpin: ρ = type  │  steelsheet: ρ = p_masskg_band,True,,1512,2907,26.995184038527693,1,1.9226190476190477,8,0.47987616099071206,0.0
"(1, 1, 1, 3, 1, 1, 1, 3)",facility: ρ = type  │  femalepart: ρ = type  │  formedpart: ρ = p_masskg  │  hinge: ρ = type  │  hingepack: ρ = type  │  malepart: ρ = p_masskg  │  steelpin: ρ = type  │  steelsheet: ρ = SteelCoil,True,,2464,2907,26.995184038527693,1,1.1797889610389611,4,0.15239078087375302,0.0
"(1, 1, 1, 3, 1, 2, 1, 1)",facility: ρ = type  │  femalepart: ρ = type  │  formedpart: ρ = p_masskg  │  hinge: ρ = type  │  hingepack: ρ = type  │  malepart: ρ = p_masskg_band  │  steelpin: ρ = type  │  steelsheet: ρ = p_masskg,True,,1512,2907,26.995184038527693,1,1.9226190476190477,8,0.47987616099071206,0.0
"(1, 1, 2, 1, 0, 2, 1, 4)",facility: ρ = type  │  femalepart: ρ = type  │  formedpart: ρ = p_masskg_band  │  hinge: ρ = p_masskg  │  hingepack: ρ = id  │  malepart: ρ = p_masskg_band  │  steelpin: ρ = type  │  steelsheet: ρ = type,True,,2848,2907,26.995184038527693,1,1.0207162921348314,2,0.020295837633298897,0.0
"(1, 1, 2, 1, 0, 3, 1, 2)",facility: ρ = type  │  femalepart: ρ = type  │  formedpart: ρ = p_masskg_band  │  hinge: ρ = p_masskg  │  hingepack: ρ = id  │  malepart: ρ = type  │  steelpin: ρ = type  │  steelsheet: ρ = p_masskg_band,True,,2856,2907,26.995184038527693,1,1.0178571428571428,2,0.01754385964912286,0.0
"(1, 1, 2, 1, 0, 3, 1, 3)",facility: ρ = type  │  femalepart: ρ = type  │  formedpart: ρ = p_masskg_band  │  hinge: ρ = p_masskg  │  hingepack: ρ = id  │  malepart: ρ = type  │  steelpin: ρ = type  │  steelsheet: ρ = SteelCoil,True,,2849,2907,26.995184038527693,1,1.0203580203580203,2,0.019951840385276864,0.0
"(1, 1, 2, 1, 1, 1, 1, 4)",facility: ρ = type  │  femalepart: ρ = type  │  formedpart: ρ = p_masskg_band  │  hinge: ρ = p_masskg  │  hingepack: ρ = type  │  malepart: ρ = p_masskg  │  steelpin: ρ = type  │  steelsheet: ρ = type,True,,2902,2907,26.995184038527693,1,1.001722949689869,2,0.0017199862401100496,0.0
"(1, 1, 2, 1, 1, 2, 1, 2)",facility: ρ = type  │  femalepart: ρ = type  │  formedpart: ρ = p_masskg_band  │  hinge: ρ = p_masskg  │  hingepack: ρ = type  │  malepart: ρ = p_masskg_band  │  steelpin: ρ = type  │  steelsheet: ρ = p_masskg_band,True,,2861,2907,26.995184038527693,1,1.0160782943026914,2,0.0158238734090127,0.0
"(1, 1, 2, 1, 1, 2, 1, 3)",facility: ρ = type  │  femalepart: ρ = type  │  formedpart: ρ = p_masskg_band  │  hinge: ρ = p_masskg  │  hingepack: ρ = type  │  malepart: ρ = p_masskg_band  │  steelpin: ρ = type  │  steelsheet: ρ = SteelCoil,True,,2854,2907,26.995184038527693,1,1.0185704274702172,2,0.018231854145166815,0.0
"(1, 1, 2, 1, 1, 3, 1, 1)",facility: ρ = type  │  femalepart: ρ = type  │  formedpart: ρ = p_masskg_band  │  hinge: ρ = p_masskg  │  hingepack: ρ = type  │  malepart: ρ = type  │  steelpin: ρ = type  │  steelsheet: ρ = p_masskg,True,,2902,2907,26.995184038527693,1,1.001722949689869,2,0.0017199862401100496,0.0
"(1, 1, 2, 2, 0, 1, 1, 4)",facility: ρ = type  │  femalepart: ρ = type  │  formedpart: ρ = p_masskg_band  │  hinge: ρ = p_masskg_band  │  hingepack: ρ = id  │  malepart: ρ = p_masskg  │  steelpin: ρ = type  │  steelsheet: ρ = type,True,,2815,2907,26.995184038527693,1,1.0326820603907638,3,0.0316477468180254,0.0
"(1, 1, 2, 2, 0, 2, 1, 2)",facility: ρ = type  │  femalepart: ρ = type  │  formedpart: ρ = p_masskg_band  │  hinge: ρ = p_masskg_band  │  hingepack: ρ = id  │  malepart: ρ = p_masskg_band  │  steelpin: ρ = type  │  steelsheet: ρ = p_masskg_band,True,,2227,2907,26.995184038527693,1,1.3053435114503817,6,0.23391812865497075,0.0
"(1, 1, 2, 2, 0, 2, 1, 3)",facility: ρ = type  │  femalepart: ρ = type  │  formedpart: ρ = p_masskg_band  │  hinge: ρ = p_masskg_band  │  hingepack: ρ = id  │  malepart: ρ = p_masskg_band  │  steelpin: ρ = type  │  steelsheet: ρ = SteelCoil,True,,2154,2907,26.995184038527693,1,1.34958217270195,6,0.25902992776057787,0.0
"(1, 1, 2, 2, 0, 3, 1, 1)",facility: ρ = type  │  femalepart: ρ = type  │  formedpart: ρ = p_masskg_band  │  hinge: ρ = p_masskg_band  │  hingepack: ρ = id  │  malepart: ρ = type  │  steelpin: ρ = type  │  steelsheet: ρ = p_masskg,True,,2902,2907,26.995184038527693,1,1.001722949689869,2,0.0017199862401100496,0.0
"(1, 1, 2, 2, 1, 1, 1, 2)",facility: ρ = type  │  femalepart: ρ = type  │  formedpart: ρ = p_masskg_band  │  hinge: ρ = p_masskg_band  │  hingepack: ρ = type  │  malepart: ρ = p_masskg  │  steelpin: ρ = type  │  steelsheet: ρ = p_masskg_band,True,,871,2907,26.995184038527693,1,3.3375430539609643,29,0.7003783969728242,0.0
"(1, 1, 2, 2, 1, 1, 1, 3)",facility: ρ = type  │  femalepart: ρ = type  │  formedpart: ρ = p_masskg_band  │  hinge: ρ = p_masskg_band  │  hingepack: ρ = type  │  malepart: ρ = p_masskg  │  steelpin: ρ = type  │  steelsheet: ρ = SteelCoil,True,,1673,2907,26.995184038527693,1,1.7375971309025702,11,0.42449260405916756,0.0
"(1, 1, 2, 2, 1, 2, 1, 1)",facility: ρ = type  │  femalepart: ρ = type  │  formedpart: ρ = p_masskg_band  │  hinge: ρ = p_masskg_band  │  hingepack: ρ = type  │  malepart: ρ = p_masskg_band  │  steelpin: ρ = type  │  steelsheet: ρ = p_masskg,True,,2207,2907,26.995184038527693,1,1.31717263253285,7,0.24079807361541106,0.0
"(1, 1, 2, 3, 0, 1, 1, 2)",facility: ρ = type  │  femalepart: ρ = type  │  formedpart: ρ = p_masskg_band  │  hinge: ρ = type  │  hingepack: ρ = id  │  malepart: ρ = p_masskg  │  steelpin: ρ = type  │  steelsheet: ρ = p_masskg_band,True,,2803,2907,26.995184038527693,1,1.0371031038173386,3,0.035775713794289676,0.0
"(1, 1, 2, 3, 0, 1, 1, 3)",facility: ρ = type  │  femalepart: ρ = type  │  formedpart: ρ = p_masskg_band  │  hinge: ρ = type  │  hingepack: ρ = id  │  malepart: ρ = p_masskg  │  steelpin: ρ = type  │  steelsheet: ρ = SteelCoil,True,,2806,2907,26.995184038527693,1,1.0359942979330008,3,0.03474372205022358,0.0
"(1, 1, 2, 3, 0, 2, 1, 1)",facility: ρ = type  │  femalepart: ρ = type  │  formedpart: ρ = p_masskg_band  │  hinge: ρ = type  │  hingepack: ρ = id  │  malepart: ρ = p_masskg_band  │  steelpin: ρ = type  │  steelsheet: ρ = p_masskg,True,,2902,2907,26.995184038527693,1,1.001722949689869,2,0.0017199862401100496,0.0
"(1, 1, 2, 3, 1, 1, 1, 1)",facility: ρ = type  │  femalepart: ρ = type  │  formedpart: ρ = p_masskg_band  │  hinge: ρ = type  │  hingepack: ρ = type  │  malepart: ρ = p_masskg  │  steelpin: ρ = type  │  steelsheet: ρ = p_masskg,True,,1512,2907,26.995184038527693,1,1.9226190476190477,8,0.47987616099071206,0.0
"(1, 1, 3, 1, 0, 1, 1, 4)",facility: ρ = type  │  femalepart: ρ = type  │  formedpart: ρ = type  │  hinge: ρ = p_masskg  │  hingepack: ρ = id  │  malepart: ρ = p_masskg  │  steelpin: ρ = type  │  steelsheet: ρ = type,True,,2902,2907,26.995184038527693,1,1.001722949689869,2,0.0017199862401100496,0.0
"(1, 1, 3, 1, 0, 2, 1, 2)",facility: ρ = type  │  femalepart: ρ = type  │  formedpart: ρ = type  │  hinge: ρ = p_masskg  │  hingepack: ρ = id  │  malepart: ρ = p_masskg_band  │  steelpin: ρ = type  │  steelsheet: ρ = p_masskg_band,True,,2855,2907,26.995184038527693,1,1.018213660245184,2,0.017887856897144783,0.0
"(1, 1, 3, 1, 0, 2, 1, 3)",facility: ρ = type  │  femalepart: ρ = type  │  formedpart: ρ = type  │  hinge: ρ = p_masskg  │  hingepack: ρ = id  │  malepart: ρ = p_masskg_band  │  steelpin: ρ = type  │  steelsheet: ρ = SteelCoil,True,,2821,2907,26.995184038527693,1,1.0304856433888692,2,0.02958376332989332,0.0
"(1, 1, 3, 1, 0, 3, 1, 1)",facility: ρ = type  │  femalepart: ρ = type  │  formedpart: ρ = type  │  hinge: ρ = p_masskg  │  hingepack: ρ = id  │  malepart: ρ = type  │  steelpin: ρ = type  │  steelsheet: ρ = p_masskg,True,,2902,2907,26.995184038527693,1,1.001722949689869,2,0.0017199862401100496,0.0
"(1, 1, 3, 1, 1, 1, 1, 2)",facility: ρ = type  │  femalepart: ρ = type  │  formedpart: ρ = type  │  hinge: ρ = p_masskg  │  hingepack: ρ = type  │  malepart: ρ = p_masskg  │  steelpin: ρ = type  │  steelsheet: ρ = p_masskg_band,True,,2902,2907,26.995184038527693,1,1.001722949689869,2,0.0017199862401100496,0.0
"(1, 1, 3, 1, 1, 1, 1, 3)",facility: ρ = type  │  femalepart: ρ = type  │  formedpart: ρ = type  │  hinge: ρ = p_masskg  │  hingepack: ρ = type  │  malepart: ρ = p_masskg  │  steelpin: ρ = type  │  steelsheet: ρ = SteelCoil,True,,2902,2907,26.995184038527693,1,1.001722949689869,2,0.0017199862401100496,0.0
"(1, 1, 3, 1, 1, 2, 1, 1)",facility: ρ = type  │  femalepart: ρ = type  │  formedpart: ρ = type  │  hinge: ρ = p_masskg  │  hingepack: ρ = type  │  malepart: ρ = p_masskg_band  │  steelpin: ρ = type  │  steelsheet: ρ = p_masskg,True,,2902,2907,26.995184038527693,1,1.001722949689869,2,0.0017199862401100496,0.0
"(1, 1, 3, 2, 0, 1, 1, 2)",facility: ρ = type  │  femalepart: ρ = type  │  formedpart: ρ = type  │  hinge: ρ = p_masskg_band  │  hingepack: ρ = id  │  malepart: ρ = p_masskg  │  steelpin: ρ = type  │  steelsheet: ρ = p_masskg_band,True,,2816,2907,26.995184038527693,1,1.0323153409090908,3,0.03130374957000348,0.0
"(1, 1, 3, 2, 0, 1, 1, 3)",facility: ρ = type  │  femalepart: ρ = type  │  formedpart: ρ = type  │  hinge: ρ = p_masskg_band  │  hingepack: ρ = id  │  malepart: ρ = p_masskg  │  steelpin: ρ = type  │  steelsheet: ρ = SteelCoil,True,,2768,2907,26.995184038527693,1,1.0502167630057804,3,0.047815617475060246,0.0
"(1, 1, 3, 2, 0, 2, 1, 1)",facility: ρ = type  │  femalepart: ρ = type  │  formedpart: ρ = type  │  hinge: ρ = p_masskg_band  │  hingepack: ρ = id  │  malepart: ρ = p_masskg_band  │  steelpin: ρ = type  │  steelsheet: ρ = p_masskg,True,,2902,2907,26.995184038527693,1,1.001722949689869,2,0.0017199862401100496,0.0
"(1, 1, 3, 2, 1, 1, 1, 1)",facility: ρ = type  │  femalepart: ρ = type  │  formedpart: ρ = type  │  hinge: ρ = p_masskg_band  │  hingepack: ρ = type  │  malepart: ρ = p_masskg  │  steelpin: ρ = type  │  steelsheet: ρ = p_masskg,True,,2207,2907,26.995184038527693,1,1.31717263253285,7,0.24079807361541106,0.0
"(1, 1, 3, 3, 0, 1, 1, 1)",facility: ρ = type  │  femalepart: ρ = type  │  formedpart: ρ = type  │  hinge: ρ = type  │  hingepack: ρ = id  │  malepart: ρ = p_masskg  │  steelpin: ρ = type  │  steelsheet: ρ = p_masskg,True,,2902,2907,26.995184038527693,1,1.001722949689869,2,0.0017199862401100496,0.0
"(0, 1, 1, 1, 0, 3, 1, 4)",facility: ρ = id  │  femalepart: ρ = type  │  formedpart: ρ = p_masskg  │  hinge: ρ = p_masskg  │  hingepack: ρ = id  │  malepart: ρ = type  │  steelpin: ρ = type  │  steelsheet: ρ = type,True,,2902,2907,26.995184038527693,1,1.001722949689869,2,0.0017199862401100496,0.0
"(0, 1, 1, 1, 1, 2, 1, 4)",facility: ρ = id  │  femalepart: ρ = type  │  formedpart: ρ = p_masskg  │  hinge: ρ = p_masskg  │  hingepack: ρ = type  │  malepart: ρ = p_masskg_band  │  steelpin: ρ = type  │  steelsheet: ρ = type,True,,2902,2907,26.995184038527693,1,1.001722949689869,2,0.0017199862401100496,0.0
"(0, 1, 1, 1, 1, 3, 1, 2)",facility: ρ = id  │  femalepart: ρ = type  │  formedpart: ρ = p_masskg  │  hinge: ρ = p_masskg  │  hingepack: ρ = type  │  malepart: ρ = type  │  steelpin: ρ = type  │  steelsheet: ρ = p_masskg_band,True,,2902,2907,26.995184038527693,1,1.001722949689869,2,0.0017199862401100496,0.0
"(0, 1, 1, 1, 1, 3, 1, 3)",facility: ρ = id  │  femalepart: ρ = type  │  formedpart: ρ = p_masskg  │  hinge: ρ = p_masskg  │  hingepack: ρ = type  │  malepart: ρ = type  │  steelpin: ρ = type  │  steelsheet: ρ = SteelCoil,True,,2902,2907,26.995184038527693,1,1.001722949689869,2,0.0017199862401100496,0.0
"(0, 1, 1, 2, 0, 2, 1, 4)",facility: ρ = id  │  femalepart: ρ = type  │  formedpart: ρ = p_masskg  │  hinge: ρ = p_masskg_band  │  hingepack: ρ = id  │  malepart: ρ = p_masskg_band  │  steelpin: ρ = type  │  steelsheet: ρ = type,True,,2902,2907,26.995184038527693,1,1.001722949689869,2,0.0017199862401100496,0.0
"(0, 1, 1, 2, 0, 3, 1, 2)",facility: ρ = id  │  femalepart: ρ = type  │  formedpart: ρ = p_masskg  │  hinge: ρ = p_masskg_band  │  hingepack: ρ = id  │  malepart: ρ = type  │  steelpin: ρ = type  │  steelsheet: ρ = p_masskg_band,True,,2902,2907,26.995184038527693,1,1.001722949689869,2,0.0017199862401100496,0.0
"(0, 1, 1, 2, 0, 3, 1, 3)",facility: ρ = id  │  femalepart: ρ = type  │  formedpart: ρ = p_masskg  │  hinge: ρ = p_masskg_band  │  hingepack: ρ = id  │  malepart: ρ = type  │  steelpin: ρ = type  │  steelsheet: ρ = SteelCoil,True,,2902,2907,26.995184038527693,1,1.001722949689869,2,0.0017199862401100496,0.0
"(0, 1, 1, 2, 1, 1, 1, 4)",facility: ρ = id  │  femalepart: ρ = type  │  formedpart: ρ = p_masskg  │  hinge: ρ = p_masskg_band  │  hingepack: ρ = type  │  malepart: ρ = p_masskg  │  steelpin: ρ = type  │  steelsheet: ρ = type,True,,2207,2907,26.995184038527693,1,1.31717263253285,7,0.24079807361541106,0.0
"(0, 1, 1, 2, 1, 2, 1, 2)",facility: ρ = id  │  femalepart: ρ = type  │  formedpart: ρ = p_masskg  │  hinge: ρ = p_masskg_band  │  hingepack: ρ = type  │  malepart: ρ = p_masskg_band  │  steelpin: ρ = type  │  steelsheet: ρ = p_masskg_band,True,,2207,2907,26.995184038527693,1,1.31717263253285,7,0.24079807361541106,0.0
"(0, 1, 1, 2, 1, 2, 1, 3)",facility: ρ = id  │  femalepart: ρ = type  │  formedpart: ρ = p_masskg  │  hinge: ρ = p_masskg_band  │  hingepack: ρ = type  │  malepart: ρ = p_masskg_band  │  steelpin: ρ = type  │  steelsheet: ρ = SteelCoil,True,,2729,2907,26.995184038527693,1,1.0652253572737267,3,0.06123151014791883,0.0
"(0, 1, 1, 2, 1, 3, 1, 1)",facility: ρ = id  │  femalepart: ρ = type  │  formedpart: ρ = p_masskg  │  hinge: ρ = p_masskg_band  │  hingepack: ρ = type  │  malepart: ρ = type  │  steelpin: ρ = type  │  steelsheet: ρ = p_masskg,True,,2207,2907,26.995184038527693,1,1.31717263253285,7,0.24079807361541106,0.0
"(0, 1, 1, 3, 0, 1, 1, 4)",facility: ρ = id  │  femalepart: ρ = type  │  formedpart: ρ = p_masskg  │  hinge: ρ = type  │  hingepack: ρ = id  │  malepart: ρ = p_masskg  │  steelpin: ρ = type  │  steelsheet: ρ = type,True,,2902,2907,26.995184038527693,1,1.001722949689869,2,0.0017199862401100496,0.0
"(0, 1, 1, 3, 0, 2, 1, 2)",facility: ρ = id  │  femalepart: ρ = type  │  formedpart: ρ = p_masskg  │  hinge: ρ = type  │  hingepack: ρ = id  │  malepart: ρ = p_masskg_band  │  steelpin: ρ = type  │  steelsheet: ρ = p_masskg_band,True,,2902,2907,26.995184038527693,1,1.001722949689869,2,0.0017199862401100496,0.0
"(0, 1, 1, 3, 0, 2, 1, 3)",facility: ρ = id  │  femalepart: ρ = type  │  formedpart: ρ = p_masskg  │  hinge: ρ = type  │  hingepack: ρ = id  │  malepart: ρ = p_masskg_band  │  steelpin: ρ = type  │  steelsheet: ρ = SteelCoil,True,,2902,2907,26.995184038527693,1,1.001722949689869,2,0.0017199862401100496,0.0
"(0, 1, 1, 3, 0, 3, 1, 1)",facility: ρ = id  │  femalepart: ρ = type  │  formedpart: ρ = p_masskg  │  hinge: ρ = type  │  hingepack: ρ = id  │  malepart: ρ = type  │  steelpin: ρ = type  │  steelsheet: ρ = p_masskg,True,,2902,2907,26.995184038527693,1,1.001722949689869,2,0.0017199862401100496,0.0
"(0, 1, 1, 3, 1, 1, 1, 2)",facility: ρ = id  │  femalepart: ρ = type  │  formedpart: ρ = p_masskg  │  hinge: ρ = type  │  hingepack: ρ = type  │  malepart: ρ = p_masskg  │  steelpin: ρ = type  │  steelsheet: ρ = p_masskg_band,True,,1512,2907,26.995184038527693,1,1.9226190476190477,8,0.47987616099071206,0.0
"(0, 1, 1, 3, 1, 1, 1, 3)",facility: ρ = id  │  femalepart: ρ = type  │  formedpart: ρ = p_masskg  │  hinge: ρ = type  │  hingepack: ρ = type  │  malepart: ρ = p_masskg  │  steelpin: ρ = type  │  steelsheet: ρ = SteelCoil,True,,2464,2907,26.995184038527693,1,1.1797889610389611,4,0.15239078087375302,0.0
"(0, 1, 1, 3, 1, 2, 1, 1)",facility: ρ = id  │  femalepart: ρ = type  │  formedpart: ρ = p_masskg  │  hinge: ρ = type  │  hingepack: ρ = type  │  malepart: ρ = p_masskg_band  │  steelpin: ρ = type  │  steelsheet: ρ = p_masskg,True,,1512,2907,26.995184038527693,1,1.9226190476190477,8,0.47987616099071206,0.0
"(0, 1, 2, 1, 0, 2, 1, 4)",facility: ρ = id  │  femalepart: ρ = type  │  formedpart: ρ = p_masskg_band  │  hinge: ρ = p_masskg  │  hingepack: ρ = id  │  malepart: ρ = p_masskg_band  │  steelpin: ρ = type  │  steelsheet: ρ = type,True,,2848,2907,26.995184038527693,1,1.0207162921348314,2,0.020295837633298897,0.0
"(0, 1, 2, 1, 0, 3, 1, 2)",facility: ρ = id  │  femalepart: ρ = type  │  formedpart: ρ = p_masskg_band  │  hinge: ρ = p_masskg  │  hingepack: ρ = id  │  malepart: ρ = type  │  steelpin: ρ = type  │  steelsheet: ρ = p_masskg_band,True,,2856,2907,26.995184038527693,1,1.0178571428571428,2,0.01754385964912286,0.0
"(0, 1, 2, 1, 0, 3, 1, 3)",facility: ρ = id  │  femalepart: ρ = type  │  formedpart: ρ = p_masskg_band  │  hinge: ρ = p_masskg  │  hingepack: ρ = id  │  malepart: ρ = type  │  steelpin: ρ = type  │  steelsheet: ρ = SteelCoil,True,,2849,2907,26.995184038527693,1,1.0203580203580203,2,0.019951840385276864,0.0
"(0, 1, 2, 1, 1, 1, 1, 4)",facility: ρ = id  │  femalepart: ρ = type  │  formedpart: ρ = p_masskg_band  │  hinge: ρ = p_masskg  │  hingepack: ρ = type  │  malepart: ρ = p_masskg  │  steelpin: ρ = type  │  steelsheet: ρ = type,True,,2902,2907,26.995184038527693,1,1.001722949689869,2,0.0017199862401100496,0.0
"(0, 1, 2, 1, 1, 2, 1, 2)",facility: ρ = id  │  femalepart: ρ = type  │  formedpart: ρ = p_masskg_band  │  hinge: ρ = p_masskg  │  hingepack: ρ = type  │  malepart: ρ = p_masskg_band  │  steelpin: ρ = type  │  steelsheet: ρ = p_masskg_band,True,,2861,2907,26.995184038527693,1,1.0160782943026914,2,0.0158238734090127,0.0
"(0, 1, 2, 1, 1, 2, 1, 3)",facility: ρ = id  │  femalepart: ρ = type  │  formedpart: ρ = p_masskg_band  │  hinge: ρ = p_masskg  │  hingepack: ρ = type  │  malepart: ρ = p_masskg_band  │  steelpin: ρ = type  │  steelsheet: ρ = SteelCoil,True,,2854,2907,26.995184038527693,1,1.0185704274702172,2,0.018231854145166815,0.0
"(0, 1, 2, 1, 1, 3, 1, 1)",facility: ρ = id  │  femalepart: ρ = type  │  formedpart: ρ = p_masskg_band  │  hinge: ρ = p_masskg  │  hingepack: ρ = type  │  malepart: ρ = type  │  steelpin: ρ = type  │  steelsheet: ρ = p_masskg,True,,2902,2907,26.995184038527693,1,1.001722949689869,2,0.0017199862401100496,0.0
"(0, 1, 2, 2, 0, 1, 1, 4)",facility: ρ = id  │  femalepart: ρ = type  │  formedpart: ρ = p_masskg_band  │  hinge: ρ = p_masskg_band  │  hingepack: ρ = id  │  malepart: ρ = p_masskg  │  steelpin: ρ = type  │  steelsheet: ρ = type,True,,2815,2907,26.995184038527693,1,1.0326820603907638,3,0.0316477468180254,0.0
"(0, 1, 2, 2, 0, 2, 1, 2)",facility: ρ = id  │  femalepart: ρ = type  │  formedpart: ρ = p_masskg_band  │  hinge: ρ = p_masskg_band  │  hingepack: ρ = id  │  malepart: ρ = p_masskg_band  │  steelpin: ρ = type  │  steelsheet: ρ = p_masskg_band,True,,2227,2907,26.995184038527693,1,1.3053435114503817,6,0.23391812865497075,0.0
"(0, 1, 2, 2, 0, 2, 1, 3)",facility: ρ = id  │  femalepart: ρ = type  │  formedpart: ρ = p_masskg_band  │  hinge: ρ = p_masskg_band  │  hingepack: ρ = id  │  malepart: ρ = p_masskg_band  │  steelpin: ρ = type  │  steelsheet: ρ = SteelCoil,True,,2154,2907,26.995184038527693,1,1.34958217270195,6,0.25902992776057787,0.0
"(0, 1, 2, 2, 0, 3, 1, 1)",facility: ρ = id  │  femalepart: ρ = type  │  formedpart: ρ = p_masskg_band  │  hinge: ρ = p_masskg_band  │  hingepack: ρ = id  │  malepart: ρ = type  │  steelpin: ρ = type  │  steelsheet: ρ = p_masskg,True,,2902,2907,26.995184038527693,1,1.001722949689869,2,0.0017199862401100496,0.0
"(0, 1, 2, 2, 1, 1, 1, 2)",facility: ρ = id  │  femalepart: ρ = type  │  formedpart: ρ = p_masskg_band  │  hinge: ρ = p_masskg_band  │  hingepack: ρ = type  │  malepart: ρ = p_masskg  │  steelpin: ρ = type  │  steelsheet: ρ = p_masskg_band,True,,871,2907,26.995184038527693,1,3.3375430539609643,29,0.7003783969728242,0.0
"(0, 1, 2, 2, 1, 1, 1, 3)",facility: ρ = id  │  femalepart: ρ = type  │  formedpart: ρ = p_masskg_band  │  hinge: ρ = p_masskg_band  │  hingepack: ρ = type  │  malepart: ρ = p_masskg  │  steelpin: ρ = type  │  steelsheet: ρ = SteelCoil,True,,1673,2907,26.995184038527693,1,1.7375971309025702,11,0.42449260405916756,0.0
"(0, 1, 2, 2, 1, 2, 1, 1)",facility: ρ = id  │  femalepart: ρ = type  │  formedpart: ρ = p_masskg_band  │  hinge: ρ = p_masskg_band  │  hingepack: ρ = type  │  malepart: ρ = p_masskg_band  │  steelpin: ρ = type  │  steelsheet: ρ = p_masskg,True,,2207,2907,26.995184038527693,1,1.31717263253285,7,0.24079807361541106,0.0
"(0, 1, 2, 3, 0, 1, 1, 2)",facility: ρ = id  │  femalepart: ρ = type  │  formedpart: ρ = p_masskg_band  │  hinge: ρ = type  │  hingepack: ρ = id  │  malepart: ρ = p_masskg  │  steelpin: ρ = type  │  steelsheet: ρ = p_masskg_band,True,,2803,2907,26.995184038527693,1,1.0371031038173386,3,0.035775713794289676,0.0
"(0, 1, 2, 3, 0, 1, 1, 3)",facility: ρ = id  │  femalepart: ρ = type  │  formedpart: ρ = p_masskg_band  │  hinge: ρ = type  │  hingepack: ρ = id  │  malepart: ρ = p_masskg  │  steelpin: ρ = type  │  steelsheet: ρ = SteelCoil,True,,2806,2907,26.995184038527693,1,1.0359942979330008,3,0.03474372205022358,0.0
"(0, 1, 2, 3, 0, 2, 1, 1)",facility: ρ = id  │  femalepart: ρ = type  │  formedpart: ρ = p_masskg_band  │  hinge: ρ = type  │  hingepack: ρ = id  │  malepart: ρ = p_masskg_band  │  steelpin: ρ = type  │  steelsheet: ρ = p_masskg,True,,2902,2907,26.995184038527693,1,1.001722949689869,2,0.0017199862401100496,0.0
"(0, 1, 2, 3, 1, 1, 1, 1)",facility: ρ = id  │  femalepart: ρ = type  │  formedpart: ρ = p_masskg_band  │  hinge: ρ = type  │  hingepack: ρ = type  │  malepart: ρ = p_masskg  │  steelpin: ρ = type  │  steelsheet: ρ = p_masskg,True,,1512,2907,26.995184038527693,1,1.9226190476190477,8,0.47987616099071206,0.0
"(0, 1, 3, 1, 0, 1, 1, 4)",facility: ρ = id  │  femalepart: ρ = type  │  formedpart: ρ = type  │  hinge: ρ = p_masskg  │  hingepack: ρ = id  │  malepart: ρ = p_masskg  │  steelpin: ρ = type  │  steelsheet: ρ = type,True,,2902,2907,26.995184038527693,1,1.001722949689869,2,0.0017199862401100496,0.0
"(0, 1, 3, 1, 0, 2, 1, 2)",facility: ρ = id  │  femalepart: ρ = type  │  formedpart: ρ = type  │  hinge: ρ = p_masskg  │  hingepack: ρ = id  │  malepart: ρ = p_masskg_band  │  steelpin: ρ = type  │  steelsheet: ρ = p_masskg_band,True,,2855,2907,26.995184038527693,1,1.018213660245184,2,0.017887856897144783,0.0
"(0, 1, 3, 1, 0, 2, 1, 3)",facility: ρ = id  │  femalepart: ρ = type  │  formedpart: ρ = type  │  hinge: ρ = p_masskg  │  hingepack: ρ = id  │  malepart: ρ = p_masskg_band  │  steelpin: ρ = type  │  steelsheet: ρ = SteelCoil,True,,2821,2907,26.995184038527693,1,1.0304856433888692,2,0.02958376332989332,0.0
"(0, 1, 3, 1, 0, 3, 1, 1)",facility: ρ = id  │  femalepart: ρ = type  │  formedpart: ρ = type  │  hinge: ρ = p_masskg  │  hingepack: ρ = id  │  malepart: ρ = type  │  steelpin: ρ = type  │  steelsheet: ρ = p_masskg,True,,2902,2907,26.995184038527693,1,1.001722949689869,2,0.0017199862401100496,0.0
"(0, 1, 3, 1, 1, 1, 1, 2)",facility: ρ = id  │  femalepart: ρ = type  │  formedpart: ρ = type  │  hinge: ρ = p_masskg  │  hingepack: ρ = type  │  malepart: ρ = p_masskg  │  steelpin: ρ = type  │  steelsheet: ρ = p_masskg_band,True,,2902,2907,26.995184038527693,1,1.001722949689869,2,0.0017199862401100496,0.0
"(0, 1, 3, 1, 1, 1, 1, 3)",facility: ρ = id  │  femalepart: ρ = type  │  formedpart: ρ = type  │  hinge: ρ = p_masskg  │  hingepack: ρ = type  │  malepart: ρ = p_masskg  │  steelpin: ρ = type  │  steelsheet: ρ = SteelCoil,True,,2902,2907,26.995184038527693,1,1.001722949689869,2,0.0017199862401100496,0.0
"(0, 1, 3, 1, 1, 2, 1, 1)",facility: ρ = id  │  femalepart: ρ = type  │  formedpart: ρ = type  │  hinge: ρ = p_masskg  │  hingepack: ρ = type  │  malepart: ρ = p_masskg_band  │  steelpin: ρ = type  │  steelsheet: ρ = p_masskg,True,,2902,2907,26.995184038527693,1,1.001722949689869,2,0.0017199862401100496,0.0
"(0, 1, 3, 2, 0, 1, 1, 2)",facility: ρ = id  │  femalepart: ρ = type  │  formedpart: ρ = type  │  hinge: ρ = p_masskg_band  │  hingepack: ρ = id  │  malepart: ρ = p_masskg  │  steelpin: ρ = type  │  steelsheet: ρ = p_masskg_band,True,,2816,2907,26.995184038527693,1,1.0323153409090908,3,0.03130374957000348,0.0
"(0, 1, 3, 2, 0, 1, 1, 3)",facility: ρ = id  │  femalepart: ρ = type  │  formedpart: ρ = type  │  hinge: ρ = p_masskg_band  │  hingepack: ρ = id  │  malepart: ρ = p_masskg  │  steelpin: ρ = type  │  steelsheet: ρ = SteelCoil,True,,2768,2907,26.995184038527693,1,1.0502167630057804,3,0.047815617475060246,0.0
"(0, 1, 3, 2, 0, 2, 1, 1)",facility: ρ = id  │  femalepart: ρ = type  │  formedpart: ρ = type  │  hinge: ρ = p_masskg_band  │  hingepack: ρ = id  │  malepart: ρ = p_masskg_band  │  steelpin: ρ = type  │  steelsheet: ρ = p_masskg,True,,2902,2907,26.995184038527693,1,1.001722949689869,2,0.0017199862401100496,0.0
"(0, 1, 3, 2, 1, 1, 1, 1)",facility: ρ = id  │  femalepart: ρ = type  │  formedpart: ρ = type  │  hinge: ρ = p_masskg_band  │  hingepack: ρ = type  │  malepart: ρ = p_masskg  │  steelpin: ρ = type  │  steelsheet: ρ = p_masskg,True,,2207,2907,26.995184038527693,1,1.31717263253285,7,0.24079807361541106,0.0
"(0, 1, 3, 3, 0, 1, 1, 1)",facility: ρ = id  │  femalepart: ρ = type  │  formedpart: ρ = type  │  hinge: ρ = type  │  hingepack: ρ = id  │  malepart: ρ = p_masskg  │  steelpin: ρ = type  │  steelsheet: ρ = p_masskg,True,,2902,2907,26.995184038527693,1,1.001722949689869,2,0.0017199862401100496,0.0
"(1, 1, 1, 1, 0, 2, 1, 4)",facility: ρ = type  │  femalepart: ρ = type  │  formedpart: ρ = p_masskg  │  hinge: ρ = p_masskg  │  hingepack: ρ = id  │  malepart: ρ = p_masskg_band  │  steelpin: ρ = type  │  steelsheet: ρ = type,True,,2902,2907,26.995184038527693,1,1.001722949689869,2,0.0017199862401100496,0.0
"(1, 1, 1, 1, 0, 3, 1, 2)",facility: ρ = type  │  femalepart: ρ = type  │  formedpart: ρ = p_masskg  │  hinge: ρ = p_masskg  │  hingepack: ρ = id  │  malepart: ρ = type  │  steelpin: ρ = type  │  steelsheet: ρ = p_masskg_band,True,,2902,2907,26.995184038527693,1,1.001722949689869,2,0.0017199862401100496,0.0
"(1, 1, 1, 1, 0, 3, 1, 3)",facility: ρ = type  │  femalepart: ρ = type  │  formedpart: ρ = p_masskg  │  hinge: ρ = p_masskg  │  hingepack: ρ = id  │  malepart: ρ = type  │  steelpin: ρ = type  │  steelsheet: ρ = SteelCoil,True,,2902,2907,26.995184038527693,1,1.001722949689869,2,0.0017199862401100496,0.0
"(1, 1, 1, 1, 1, 1, 1, 4)",facility: ρ = type  │  femalepart: ρ = type  │  formedpart: ρ = p_masskg  │  hinge: ρ = p_masskg  │  hingepack: ρ = type  │  malepart: ρ = p_masskg  │  steelpin: ρ = type  │  steelsheet: ρ = type,True,,2902,2907,26.995184038527693,1,1.001722949689869,2,0.0017199862401100496,0.0
"(1, 1, 1, 1, 1, 2, 1, 2)",facility: ρ = type  │  femalepart: ρ = type  │  formedpart: ρ = p_masskg  │  hinge: ρ = p_masskg  │  hingepack: ρ = type  │  malepart: ρ = p_masskg_band  │  steelpin: ρ = type  │  steelsheet: ρ = p_masskg_band,True,,2902,2907,26.995184038527693,1,1.001722949689869,2,0.0017199862401100496,0.0
"(1, 1, 1, 1, 1, 2, 1, 3)",facility: ρ = type  │  femalepart: ρ = type  │  formedpart: ρ = p_masskg  │  hinge: ρ = p_masskg  │  hingepack: ρ = type  │  malepart: ρ = p_masskg_band  │  steelpin: ρ = type  │  steelsheet: ρ = SteelCoil,True,,2902,2907,26.995184038527693,1,1.001722949689869,2,0.0017199862401100496,0.0
"(1, 1, 1, 1, 1, 3, 1, 1)",facility: ρ = type  │  femalepart: ρ = type  │  formedpart: ρ = p_masskg  │  hinge: ρ = p_masskg  │  hingepack: ρ = type  │  malepart: ρ = type  │  steelpin: ρ = type  │  steelsheet: ρ = p_masskg,True,,2902,2907,26.995184038527693,1,1.001722949689869,2,0.0017199862401100496,0.0
"(1, 1, 1, 2, 0, 1, 1, 4)",facility: ρ = type  │  femalepart: ρ = type  │  formedpart: ρ = p_masskg  │  hinge: ρ = p_masskg_band  │  hingepack: ρ = id  │  malepart: ρ = p_masskg  │  steelpin: ρ = type  │  steelsheet: ρ = type,True,,2902,2907,26.995184038527693,1,1.001722949689869,2,0.0017199862401100496,0.0
"(1, 1, 1, 2, 0, 2, 1, 2)",facility: ρ = type  │  femalepart: ρ = type  │  formedpart: ρ = p_masskg  │  hinge: ρ = p_masskg_band  │  hingepack: ρ = id  │  malepart: ρ = p_masskg_band  │  steelpin: ρ = type  │  steelsheet: ρ = p_masskg_band,True,,2902,2907,26.995184038527693,1,1.001722949689869,2,0.0017199862401100496,0.0
"(1, 1, 1, 2, 0, 2, 1, 3)",facility: ρ = type  │  femalepart: ρ = type  │  formedpart: ρ = p_masskg  │  hinge: ρ = p_masskg_band  │  hingepack: ρ = id  │  malepart: ρ = p_masskg_band  │  steelpin: ρ = type  │  steelsheet: ρ = SteelCoil,True,,2902,2907,26.995184038527693,1,1.001722949689869,2,0.0017199862401100496,0.0
"(1, 1, 1, 2, 0, 3, 1, 1)",facility: ρ = type  │  femalepart: ρ = type  │  formedpart: ρ = p_masskg  │  hinge: ρ = p_masskg_band  │  hingepack: ρ = id  │  malepart: ρ = type  │  steelpin: ρ = type  │  steelsheet: ρ = p_masskg,True,,2902,2907,26.995184038527693,1,1.001722949689869,2,0.0017199862401100496,0.0
"(1, 1, 1, 2, 1, 1, 1, 2)",facility: ρ = type  │  femalepart: ρ = type  │  formedpart: ρ = p_masskg  │  hinge: ρ = p_masskg_band  │  hingepack: ρ = type  │  malepart: ρ = p_masskg  │  steelpin: ρ = type  │  steelsheet: ρ = p_masskg_band,True,,2207,2907,26.995184038527693,1,1.31717263253285,7,0.24079807361541106,0.0
"(1, 1, 1, 2, 1, 1, 1, 3)",facility: ρ = type  │  femalepart: ρ = type  │  formedpart: ρ = p_masskg  │  hinge: ρ = p_masskg_band  │  hingepack: ρ = type  │  malepart: ρ = p_masskg  │  steelpin: ρ = type  │  steelsheet: ρ = SteelCoil,True,,2729,2907,26.995184038527693,1,1.0652253572737267,3,0.06123151014791883,0.0
"(1, 1, 1, 2, 1, 2, 1, 1)",facility: ρ = type  │  femalepart: ρ = type  │  formedpart: ρ = p_masskg  │  hinge: ρ = p_masskg_band  │  hingepack: ρ = type  │  malepart: ρ = p_masskg_band  │  steelpin: ρ = type  │  steelsheet: ρ = p_masskg,True,,2207,2907,26.995184038527693,1,1.31717263253285,7,0.24079807361541106,0.0
"(1, 1, 1, 3, 0, 1, 1, 2)",facility: ρ = type  │  femalepart: ρ = type  │  formedpart: ρ = p_masskg  │  hinge: ρ = type  │  hingepack: ρ = id  │  malepart: ρ = p_masskg  │  steelpin: ρ = type  │  steelsheet: ρ = p_masskg_band,True,,2902,2907,26.995184038527693,1,1.001722949689869,2,0.0017199862401100496,0.0
"(1, 1, 1, 3, 0, 1, 1, 3)",facility: ρ = type  │  femalepart: ρ = type  │  formedpart: ρ = p_masskg  │  hinge: ρ = type  │  hingepack: ρ = id  │  malepart: ρ = p_masskg  │  steelpin: ρ = type  │  steelsheet: ρ = SteelCoil,True,,2902,2907,26.995184038527693,1,1.001722949689869,2,0.0017199862401100496,0.0
"(1, 1, 1, 3, 0, 2, 1, 1)",facility: ρ = type  │  femalepart: ρ = type  │  formedpart: ρ = p_masskg  │  hinge: ρ = type  │  hingepack: ρ = id  │  malepart: ρ = p_masskg_band  │  steelpin: ρ = type  │  steelsheet: ρ = p_masskg,True,,2902,2907,26.995184038527693,1,1.001722949689869,2,0.0017199862401100496,0.0
"(1, 1, 1, 3, 1, 1, 1, 1)",facility: ρ = type  │  femalepart: ρ = type  │  formedpart: ρ = p_masskg  │  hinge: ρ = type  │  hingepack: ρ = type  │  malepart: ρ = p_masskg  │  steelpin: ρ = type  │  steelsheet: ρ = p_masskg,True,,1512,2907,26.995184038527693,1,1.9226190476190477,8,0.47987616099071206,0.0
"(1, 1, 2, 1, 0, 1, 1, 4)",facility: ρ = type  │  femalepart: ρ = type  │  formedpart: ρ = p_masskg_band  │  hinge: ρ = p_masskg  │  hingepack: ρ = id  │  malepart: ρ = p_masskg  │  steelpin: ρ = type  │  steelsheet: ρ = type,True,,2902,2907,26.995184038527693,1,1.001722949689869,2,0.0017199862401100496,0.0
"(1, 1, 2, 1, 0, 2, 1, 2)",facility: ρ = type  │  femalepart: ρ = type  │  formedpart: ρ = p_masskg_band  │  hinge: ρ = p_masskg  │  hingepack: ρ = id  │  malepart: ρ = p_masskg_band  │  steelpin: ρ = type  │  steelsheet: ρ = p_masskg_band,True,,2861,2907,26.995184038527693,1,1.0160782943026914,2,0.0158238734090127,0.0
"(1, 1, 2, 1, 0, 2, 1, 3)",facility: ρ = type  │  femalepart: ρ = type  │  formedpart: ρ = p_masskg_band  │  hinge: ρ = p_masskg  │  hingepack: ρ = id  │  malepart: ρ = p_masskg_band  │  steelpin: ρ = type  │  steelsheet: ρ = SteelCoil,True,,2854,2907,26.995184038527693,1,1.0185704274702172,2,0.018231854145166815,0.0
"(1, 1, 2, 1, 0, 3, 1, 1)",facility: ρ = type  │  femalepart: ρ = type  │  formedpart: ρ = p_masskg_band  │  hinge: ρ = p_masskg  │  hingepack: ρ = id  │  malepart: ρ = type  │  steelpin: ρ = type  │  steelsheet: ρ = p_masskg,True,,2902,2907,26.995184038527693,1,1.001722949689869,2,0.0017199862401100496,0.0
"(1, 1, 2, 1, 1, 1, 1, 2)",facility: ρ = type  │  femalepart: ρ = type  │  formedpart: ρ = p_masskg_band  │  hinge: ρ = p_masskg  │  hingepack: ρ = type  │  malepart: ρ = p_masskg  │  steelpin: ρ = type  │  steelsheet: ρ = p_masskg_band,True,,2902,2907,26.995184038527693,1,1.001722949689869,2,0.0017199862401100496,0.0
"(1, 1, 2, 1, 1, 1, 1, 3)",facility: ρ = type  │  femalepart: ρ = type  │  formedpart: ρ = p_masskg_band  │  hinge: ρ = p_masskg  │  hingepack: ρ = type  │  malepart: ρ = p_masskg  │  steelpin: ρ = type  │  steelsheet: ρ = SteelCoil,True,,2902,2907,26.995184038527693,1,1.001722949689869,2,0.0017199862401100496,0.0
"(1, 1, 2, 1, 1, 2, 1, 1)",facility: ρ = type  │  femalepart: ρ = type  │  formedpart: ρ = p_masskg_band  │  hinge: ρ = p_masskg  │  hingepack: ρ = type  │  malepart: ρ = p_masskg_band  │  steelpin: ρ = type  │  steelsheet: ρ = p_masskg,True,,2902,2907,26.995184038527693,1,1.001722949689869,2,0.0017199862401100496,0.0
"(1, 1, 2, 2, 0, 1, 1, 2)",facility: ρ = type  │  femalepart: ρ = type  │  formedpart: ρ = p_masskg_band  │  hinge: ρ = p_masskg_band  │  hingepack: ρ = id  │  malepart: ρ = p_masskg  │  steelpin: ρ = type  │  steelsheet: ρ = p_masskg_band,True,,2823,2907,26.995184038527693,1,1.0297555791710946,3,0.028895768833849367,0.0
"(1, 1, 2, 2, 0, 1, 1, 3)",facility: ρ = type  │  femalepart: ρ = type  │  formedpart: ρ = p_masskg_band  │  hinge: ρ = p_masskg_band  │  hingepack: ρ = id  │  malepart: ρ = p_masskg  │  steelpin: ρ = type  │  steelsheet: ρ = SteelCoil,True,,2830,2907,26.995184038527693,1,1.027208480565371,2,0.026487788097695253,0.0
"(1, 1, 2, 2, 0, 2, 1, 1)",facility: ρ = type  │  femalepart: ρ = type  │  formedpart: ρ = p_masskg_band  │  hinge: ρ = p_masskg_band  │  hingepack: ρ = id  │  malepart: ρ = p_masskg_band  │  steelpin: ρ = type  │  steelsheet: ρ = p_masskg,True,,2902,2907,26.995184038527693,1,1.001722949689869,2,0.0017199862401100496,0.0
"(1, 1, 2, 2, 1, 1, 1, 1)",facility: ρ = type  │  femalepart: ρ = type  │  formedpart: ρ = p_masskg_band  │  hinge: ρ = p_masskg_band  │  hingepack: ρ = type  │  malepart: ρ = p_masskg  │  steelpin: ρ = type  │  steelsheet: ρ = p_masskg,True,,2207,2907,26.995184038527693,1,1.31717263253285,7,0.24079807361541106,0.0
"(1, 1, 2, 3, 0, 1, 1, 1)",facility: ρ = type  │  femalepart: ρ = type  │  formedpart: ρ = p_masskg_band  │  hinge: ρ = type  │  hingepack: ρ = id  │  malepart: ρ = p_masskg  │  steelpin: ρ = type  │  steelsheet: ρ = p_masskg,True,,2902,2907,26.995184038527693,1,1.001722949689869,2,0.0017199862401100496,0.0
"(1, 1, 3, 1, 0, 1, 1, 2)",facility: ρ = type  │  femalepart: ρ = type  │  formedpart: ρ = type  │  hinge: ρ = p_masskg  │  hingepack: ρ = id  │  malepart: ρ = p_masskg  │  steelpin: ρ = type  │  steelsheet: ρ = p_masskg_band,True,,2902,2907,26.995184038527693,1,1.001722949689869,2,0.0017199862401100496,0.0
"(1, 1, 3, 1, 0, 1, 1, 3)",facility: ρ = type  │  femalepart: ρ = type  │  formedpart: ρ = type  │  hinge: ρ = p_masskg  │  hingepack: ρ = id  │  malepart: ρ = p_masskg  │  steelpin: ρ = type  │  steelsheet: ρ = SteelCoil,True,,2902,2907,26.995184038527693,1,1.001722949689869,2,0.0017199862401100496,0.0
"(1, 1, 3, 1, 0, 2, 1, 1)",facility: ρ = type  │  femalepart: ρ = type  │  formedpart: ρ = type  │  hinge: ρ = p_masskg  │  hingepack: ρ = id  │  malepart: ρ = p_masskg_band  │  steelpin: ρ = type  │  steelsheet: ρ = p_masskg,True,,2902,2907,26.995184038527693,1,1.001722949689869,2,0.0017199862401100496,0.0
"(1, 1, 3, 1, 1, 1, 1, 1)",facility: ρ = type  │  femalepart: ρ = type  │  formedpart: ρ = type  │  hinge: ρ = p_masskg  │  hingepack: ρ = type  │  malepart: ρ = p_masskg  │  steelpin: ρ = type  │  steelsheet: ρ = p_masskg,True,,2902,2907,26.995184038527693,1,1.001722949689869,2,0.0017199862401100496,0.0
"(1, 1, 3, 2, 0, 1, 1, 1)",facility: ρ = type  │  femalepart: ρ = type  │  formedpart: ρ = type  │  hinge: ρ = p_masskg_band  │  hingepack: ρ = id  │  malepart: ρ = p_masskg  │  steelpin: ρ = type  │  steelsheet: ρ = p_masskg,True,,2902,2907,26.995184038527693,1,1.001722949689869,2,0.0017199862401100496,0.0
"(0, 1, 1, 1, 0, 2, 1, 4)",facility: ρ = id  │  femalepart: ρ = type  │  formedpart: ρ = p_masskg  │  hinge: ρ = p_masskg  │  hingepack: ρ = id  │  malepart: ρ = p_masskg_band  │  steelpin: ρ = type  │  steelsheet: ρ = type,True,,2902,2907,26.995184038527693,1,1.001722949689869,2,0.0017199862401100496,0.0
"(0, 1, 1, 1, 0, 3, 1, 2)",facility: ρ = id  │  femalepart: ρ = type  │  formedpart: ρ = p_masskg  │  hinge: ρ = p_masskg  │  hingepack: ρ = id  │  malepart: ρ = type  │  steelpin: ρ = type  │  steelsheet: ρ = p_masskg_band,True,,2902,2907,26.995184038527693,1,1.001722949689869,2,0.0017199862401100496,0.0
"(0, 1, 1, 1, 0, 3, 1, 3)",facility: ρ = id  │  femalepart: ρ = type  │  formedpart: ρ = p_masskg  │  hinge: ρ = p_masskg  │  hingepack: ρ = id  │  malepart: ρ = type  │  steelpin: ρ = type  │  steelsheet: ρ = SteelCoil,True,,2902,2907,26.995184038527693,1,1.001722949689869,2,0.0017199862401100496,0.0
"(0, 1, 1, 1, 1, 1, 1, 4)",facility: ρ = id  │  femalepart: ρ = type  │  formedpart: ρ = p_masskg  │  hinge: ρ = p_masskg  │  hingepack: ρ = type  │  malepart: ρ = p_masskg  │  steelpin: ρ = type  │  steelsheet: ρ = type,True,,2902,2907,26.995184038527693,1,1.001722949689869,2,0.0017199862401100496,0.0
"(0, 1, 1, 1, 1, 2, 1, 2)",facility: ρ = id  │  femalepart: ρ = type  │  formedpart: ρ = p_masskg  │  hinge: ρ = p_masskg  │  hingepack: ρ = type  │  malepart: ρ = p_masskg_band  │  steelpin: ρ = type  │  steelsheet: ρ = p_masskg_band,True,,2902,2907,26.995184038527693,1,1.001722949689869,2,0.0017199862401100496,0.0
"(0, 1, 1, 1, 1, 2, 1, 3)",facility: ρ = id  │  femalepart: ρ = type  │  formedpart: ρ = p_masskg  │  hinge: ρ = p_masskg  │  hingepack: ρ = type  │  malepart: ρ = p_masskg_band  │  steelpin: ρ = type  │  steelsheet: ρ = SteelCoil,True,,2902,2907,26.995184038527693,1,1.001722949689869,2,0.0017199862401100496,0.0
"(0, 1, 1, 1, 1, 3, 1, 1)",facility: ρ = id  │  femalepart: ρ = type  │  formedpart: ρ = p_masskg  │  hinge: ρ = p_masskg  │  hingepack: ρ = type  │  malepart: ρ = type  │  steelpin: ρ = type  │  steelsheet: ρ = p_masskg,True,,2902,2907,26.995184038527693,1,1.001722949689869,2,0.0017199862401100496,0.0
"(0, 1, 1, 2, 0, 1, 1, 4)",facility: ρ = id  │  femalepart: ρ = type  │  formedpart: ρ = p_masskg  │  hinge: ρ = p_masskg_band  │  hingepack: ρ = id  │  malepart: ρ = p_masskg  │  steelpin: ρ = type  │  steelsheet: ρ = type,True,,2902,2907,26.995184038527693,1,1.001722949689869,2,0.0017199862401100496,0.0
"(0, 1, 1, 2, 0, 2, 1, 2)",facility: ρ = id  │  femalepart: ρ = type  │  formedpart: ρ = p_masskg  │  hinge: ρ = p_masskg_band  │  hingepack: ρ = id  │  malepart: ρ = p_masskg_band  │  steelpin: ρ = type  │  steelsheet: ρ = p_masskg_band,True,,2902,2907,26.995184038527693,1,1.001722949689869,2,0.0017199862401100496,0.0
"(0, 1, 1, 2, 0, 2, 1, 3)",facility: ρ = id  │  femalepart: ρ = type  │  formedpart: ρ = p_masskg  │  hinge: ρ = p_masskg_band  │  hingepack: ρ = id  │  malepart: ρ = p_masskg_band  │  steelpin: ρ = type  │  steelsheet: ρ = SteelCoil,True,,2902,2907,26.995184038527693,1,1.001722949689869,2,0.0017199862401100496,0.0
"(0, 1, 1, 2, 0, 3, 1, 1)",facility: ρ = id  │  femalepart: ρ = type  │  formedpart: ρ = p_masskg  │  hinge: ρ = p_masskg_band  │  hingepack: ρ = id  │  malepart: ρ = type  │  steelpin: ρ = type  │  steelsheet: ρ = p_masskg,True,,2902,2907,26.995184038527693,1,1.001722949689869,2,0.0017199862401100496,0.0
"(0, 1, 1, 2, 1, 1, 1, 2)",facility: ρ = id  │  femalepart: ρ = type  │  formedpart: ρ = p_masskg  │  hinge: ρ = p_masskg_band  │  hingepack: ρ = type  │  malepart: ρ = p_masskg  │  steelpin: ρ = type  │  steelsheet: ρ = p_masskg_band,True,,2207,2907,26.995184038527693,1,1.31717263253285,7,0.24079807361541106,0.0
"(0, 1, 1, 2, 1, 1, 1, 3)",facility: ρ = id  │  femalepart: ρ = type  │  formedpart: ρ = p_masskg  │  hinge: ρ = p_masskg_band  │  hingepack: ρ = type  │  malepart: ρ = p_masskg  │  steelpin: ρ = type  │  steelsheet: ρ = SteelCoil,True,,2729,2907,26.995184038527693,1,1.0652253572737267,3,0.06123151014791883,0.0
"(0, 1, 1, 2, 1, 2, 1, 1)",facility: ρ = id  │  femalepart: ρ = type  │  formedpart: ρ = p_masskg  │  hinge: ρ = p_masskg_band  │  hingepack: ρ = type  │  malepart: ρ = p_masskg_band  │  steelpin: ρ = type  │  steelsheet: ρ = p_masskg,True,,2207,2907,26.995184038527693,1,1.31717263253285,7,0.24079807361541106,0.0
"(0, 1, 1, 3, 0, 1, 1, 2)",facility: ρ = id  │  femalepart: ρ = type  │  formedpart: ρ = p_masskg  │  hinge: ρ = type  │  hingepack: ρ = id  │  malepart: ρ = p_masskg  │  steelpin: ρ = type  │  steelsheet: ρ = p_masskg_band,True,,2902,2907,26.995184038527693,1,1.001722949689869,2,0.0017199862401100496,0.0
"(0, 1, 1, 3, 0, 1, 1, 3)",facility: ρ = id  │  femalepart: ρ = type  │  formedpart: ρ = p_masskg  │  hinge: ρ = type  │  hingepack: ρ = id  │  malepart: ρ = p_masskg  │  steelpin: ρ = type  │  steelsheet: ρ = SteelCoil,True,,2902,2907,26.995184038527693,1,1.001722949689869,2,0.0017199862401100496,0.0
"(0, 1, 1, 3, 0, 2, 1, 1)",facility: ρ = id  │  femalepart: ρ = type  │  formedpart: ρ = p_masskg  │  hinge: ρ = type  │  hingepack: ρ = id  │  malepart: ρ = p_masskg_band  │  steelpin: ρ = type  │  steelsheet: ρ = p_masskg,True,,2902,2907,26.995184038527693,1,1.001722949689869,2,0.0017199862401100496,0.0
"(0, 1, 1, 3, 1, 1, 1, 1)",facility: ρ = id  │  femalepart: ρ = type  │  formedpart: ρ = p_masskg  │  hinge: ρ = type  │  hingepack: ρ = type  │  malepart: ρ = p_masskg  │  steelpin: ρ = type  │  steelsheet: ρ = p_masskg,True,,1512,2907,26.995184038527693,1,1.9226190476190477,8,0.47987616099071206,0.0
"(0, 1, 2, 1, 0, 1, 1, 4)",facility: ρ = id  │  femalepart: ρ = type  │  formedpart: ρ = p_masskg_band  │  hinge: ρ = p_masskg  │  hingepack: ρ = id  │  malepart: ρ = p_masskg  │  steelpin: ρ = type  │  steelsheet: ρ = type,True,,2902,2907,26.995184038527693,1,1.001722949689869,2,0.0017199862401100496,0.0
"(0, 1, 2, 1, 0, 2, 1, 2)",facility: ρ = id  │  femalepart: ρ = type  │  formedpart: ρ = p_masskg_band  │  hinge: ρ = p_masskg  │  hingepack: ρ = id  │  malepart: ρ = p_masskg_band  │  steelpin: ρ = type  │  steelsheet: ρ = p_masskg_band,True,,2861,2907,26.995184038527693,1,1.0160782943026914,2,0.0158238734090127,0.0
"(0, 1, 2, 1, 0, 2, 1, 3)",facility: ρ = id  │  femalepart: ρ = type  │  formedpart: ρ = p_masskg_band  │  hinge: ρ = p_masskg  │  hingepack: ρ = id  │  malepart: ρ = p_masskg_band  │  steelpin: ρ = type  │  steelsheet: ρ = SteelCoil,True,,2854,2907,26.995184038527693,1,1.0185704274702172,2,0.018231854145166815,0.0
"(0, 1, 2, 1, 0, 3, 1, 1)",facility: ρ = id  │  femalepart: ρ = type  │  formedpart: ρ = p_masskg_band  │  hinge: ρ = p_masskg  │  hingepack: ρ = id  │  malepart: ρ = type  │  steelpin: ρ = type  │  steelsheet: ρ = p_masskg,True,,2902,2907,26.995184038527693,1,1.001722949689869,2,0.0017199862401100496,0.0
"(0, 1, 2, 1, 1, 1, 1, 2)",facility: ρ = id  │  femalepart: ρ = type  │  formedpart: ρ = p_masskg_band  │  hinge: ρ = p_masskg  │  hingepack: ρ = type  │  malepart: ρ = p_masskg  │  steelpin: ρ = type  │  steelsheet: ρ = p_masskg_band,True,,2902,2907,26.995184038527693,1,1.001722949689869,2,0.0017199862401100496,0.0
"(0, 1, 2, 1, 1, 1, 1, 3)",facility: ρ = id  │  femalepart: ρ = type  │  formedpart: ρ = p_masskg_band  │  hinge: ρ = p_masskg  │  hingepack: ρ = type  │  malepart: ρ = p_masskg  │  steelpin: ρ = type  │  steelsheet: ρ = SteelCoil,True,,2902,2907,26.995184038527693,1,1.001722949689869,2,0.0017199862401100496,0.0
"(0, 1, 2, 1, 1, 2, 1, 1)",facility: ρ = id  │  femalepart: ρ = type  │  formedpart: ρ = p_masskg_band  │  hinge: ρ = p_masskg  │  hingepack: ρ = type  │  malepart: ρ = p_masskg_band  │  steelpin: ρ = type  │  steelsheet: ρ = p_masskg,True,,2902,2907,26.995184038527693,1,1.001722949689869,2,0.0017199862401100496,0.0
"(0, 1, 2, 2, 0, 1, 1, 2)",facility: ρ = id  │  femalepart: ρ = type  │  formedpart: ρ = p_masskg_band  │  hinge: ρ = p_masskg_band  │  hingepack: ρ = id  │  malepart: ρ = p_masskg  │  steelpin: ρ = type  │  steelsheet: ρ = p_masskg_band,True,,2823,2907,26.995184038527693,1,1.0297555791710946,3,0.028895768833849367,0.0
"(0, 1, 2, 2, 0, 1, 1, 3)",facility: ρ = id  │  femalepart: ρ = type  │  formedpart: ρ = p_masskg_band  │  hinge: ρ = p_masskg_band  │  hingepack: ρ = id  │  malepart: ρ = p_masskg  │  steelpin: ρ = type  │  steelsheet: ρ = SteelCoil,True,,2830,2907,26.995184038527693,1,1.027208480565371,2,0.026487788097695253,0.0
"(0, 1, 2, 2, 0, 2, 1, 1)",facility: ρ = id  │  femalepart: ρ = type  │  formedpart: ρ = p_masskg_band  │  hinge: ρ = p_masskg_band  │  hingepack: ρ = id  │  malepart: ρ = p_masskg_band  │  steelpin: ρ = type  │  steelsheet: ρ = p_masskg,True,,2902,2907,26.995184038527693,1,1.001722949689869,2,0.0017199862401100496,0.0
"(0, 1, 2, 2, 1, 1, 1, 1)",facility: ρ = id  │  femalepart: ρ = type  │  formedpart: ρ = p_masskg_band  │  hinge: ρ = p_masskg_band  │  hingepack: ρ = type  │  malepart: ρ = p_masskg  │  steelpin: ρ = type  │  steelsheet: ρ = p_masskg,True,,2207,2907,26.995184038527693,1,1.31717263253285,7,0.24079807361541106,0.0
"(0, 1, 2, 3, 0, 1, 1, 1)",facility: ρ = id  │  femalepart: ρ = type  │  formedpart: ρ = p_masskg_band  │  hinge: ρ = type  │  hingepack: ρ = id  │  malepart: ρ = p_masskg  │  steelpin: ρ = type  │  steelsheet: ρ = p_masskg,True,,2902,2907,26.995184038527693,1,1.001722949689869,2,0.0017199862401100496,0.0
"(0, 1, 3, 1, 0, 1, 1, 2)",facility: ρ = id  │  femalepart: ρ = type  │  formedpart: ρ = type  │  hinge: ρ = p_masskg  │  hingepack: ρ = id  │  malepart: ρ = p_masskg  │  steelpin: ρ = type  │  steelsheet: ρ = p_masskg_band,True,,2902,2907,26.995184038527693,1,1.001722949689869,2,0.0017199862401100496,0.0
"(0, 1, 3, 1, 0, 1, 1, 3)",facility: ρ = id  │  femalepart: ρ = type  │  formedpart: ρ = type  │  hinge: ρ = p_masskg  │  hingepack: ρ = id  │  malepart: ρ = p_masskg  │  steelpin: ρ = type  │  steelsheet: ρ = SteelCoil,True,,2902,2907,26.995184038527693,1,1.001722949689869,2,0.0017199862401100496,0.0
"(0, 1, 3, 1, 0, 2, 1, 1)",facility: ρ = id  │  femalepart: ρ = type  │  formedpart: ρ = type  │  hinge: ρ = p_masskg  │  hingepack: ρ = id  │  malepart: ρ = p_masskg_band  │  steelpin: ρ = type  │  steelsheet: ρ = p_masskg,True,,2902,2907,26.995184038527693,1,1.001722949689869,2,0.0017199862401100496,0.0
"(0, 1, 3, 1, 1, 1, 1, 1)",facility: ρ = id  │  femalepart: ρ = type  │  formedpart: ρ = type  │  hinge: ρ = p_masskg  │  hingepack: ρ = type  │  malepart: ρ = p_masskg  │  steelpin: ρ = type  │  steelsheet: ρ = p_masskg,True,,2902,2907,26.995184038527693,1,1.001722949689869,2,0.0017199862401100496,0.0
"(0, 1, 3, 2, 0, 1, 1, 1)",facility: ρ = id  │  femalepart: ρ = type  │  formedpart: ρ = type  │  hinge: ρ = p_masskg_band  │  hingepack: ρ = id  │  malepart: ρ = p_masskg  │  steelpin: ρ = type  │  steelsheet: ρ = p_masskg,True,,2902,2907,26.995184038527693,1,1.001722949689869,2,0.0017199862401100496,0.0
"(1, 1, 1, 1, 0, 1, 1, 4)",facility: ρ = type  │  femalepart: ρ = type  │  formedpart: ρ = p_masskg  │  hinge: ρ = p_masskg  │  hingepack: ρ = id  │  malepart: ρ = p_masskg  │  steelpin: ρ = type  │  steelsheet: ρ = type,True,,2902,2907,26.995184038527693,1,1.001722949689869,2,0.0017199862401100496,0.0
"(1, 1, 1, 1, 0, 2, 1, 2)",facility: ρ = type  │  femalepart: ρ = type  │  formedpart: ρ = p_masskg  │  hinge: ρ = p_masskg  │  hingepack: ρ = id  │  malepart: ρ = p_masskg_band  │  steelpin: ρ = type  │  steelsheet: ρ = p_masskg_band,True,,2902,2907,26.995184038527693,1,1.001722949689869,2,0.0017199862401100496,0.0
"(1, 1, 1, 1, 0, 2, 1, 3)",facility: ρ = type  │  femalepart: ρ = type  │  formedpart: ρ = p_masskg  │  hinge: ρ = p_masskg  │  hingepack: ρ = id  │  malepart: ρ = p_masskg_band  │  steelpin: ρ = type  │  steelsheet: ρ = SteelCoil,True,,2902,2907,26.995184038527693,1,1.001722949689869,2,0.0017199862401100496,0.0
"(1, 1, 1, 1, 0, 3, 1, 1)",facility: ρ = type  │  femalepart: ρ = type  │  formedpart: ρ = p_masskg  │  hinge: ρ = p_masskg  │  hingepack: ρ = id  │  malepart: ρ = type  │  steelpin: ρ = type  │  steelsheet: ρ = p_masskg,True,,2902,2907,26.995184038527693,1,1.001722949689869,2,0.0017199862401100496,0.0
"(1, 1, 1, 1, 1, 1, 1, 2)",facility: ρ = type  │  femalepart: ρ = type  │  formedpart: ρ = p_masskg  │  hinge: ρ = p_masskg  │  hingepack: ρ = type  │  malepart: ρ = p_masskg  │  steelpin: ρ = type  │  steelsheet: ρ = p_masskg_band,True,,2902,2907,26.995184038527693,1,1.001722949689869,2,0.0017199862401100496,0.0
"(1, 1, 1, 1, 1, 1, 1, 3)",facility: ρ = type  │  femalepart: ρ = type  │  formedpart: ρ = p_masskg  │  hinge: ρ = p_masskg  │  hingepack: ρ = type  │  malepart: ρ = p_masskg  │  steelpin: ρ = type  │  steelsheet: ρ = SteelCoil,True,,2902,2907,26.995184038527693,1,1.001722949689869,2,0.0017199862401100496,0.0
"(1, 1, 1, 1, 1, 2, 1, 1)",facility: ρ = type  │  femalepart: ρ = type  │  formedpart: ρ = p_masskg  │  hinge: ρ = p_masskg  │  hingepack: ρ = type  │  malepart: ρ = p_masskg_band  │  steelpin: ρ = type  │  steelsheet: ρ = p_masskg,True,,2902,2907,26.995184038527693,1,1.001722949689869,2,0.0017199862401100496,0.0
"(1, 1, 1, 2, 0, 1, 1, 2)",facility: ρ = type  │  femalepart: ρ = type  │  formedpart: ρ = p_masskg  │  hinge: ρ = p_masskg_band  │  hingepack: ρ = id  │  malepart: ρ = p_masskg  │  steelpin: ρ = type  │  steelsheet: ρ = p_masskg_band,True,,2902,2907,26.995184038527693,1,1.001722949689869,2,0.0017199862401100496,0.0
"(1, 1, 1, 2, 0, 1, 1, 3)",facility: ρ = type  │  femalepart: ρ = type  │  formedpart: ρ = p_masskg  │  hinge: ρ = p_masskg_band  │  hingepack: ρ = id  │  malepart: ρ = p_masskg  │  steelpin: ρ = type  │  steelsheet: ρ = SteelCoil,True,,2902,2907,26.995184038527693,1,1.001722949689869,2,0.0017199862401100496,0.0
"(1, 1, 1, 2, 0, 2, 1, 1)",facility: ρ = type  │  femalepart: ρ = type  │  formedpart: ρ = p_masskg  │  hinge: ρ = p_masskg_band  │  hingepack: ρ = id  │  malepart: ρ = p_masskg_band  │  steelpin: ρ = type  │  steelsheet: ρ = p_masskg,True,,2902,2907,26.995184038527693,1,1.001722949689869,2,0.0017199862401100496,0.0
"(1, 1, 1, 2, 1, 1, 1, 1)",facility: ρ = type  │  femalepart: ρ = type  │  formedpart: ρ = p_masskg  │  hinge: ρ = p_masskg_band  │  hingepack: ρ = type  │  malepart: ρ = p_masskg  │  steelpin: ρ = type  │  steelsheet: ρ = p_masskg,True,,2207,2907,26.995184038527693,1,1.31717263253285,7,0.24079807361541106,0.0
"(1, 1, 1, 3, 0, 1, 1, 1)",facility: ρ = type  │  femalepart: ρ = type  │  formedpart: ρ = p_masskg  │  hinge: ρ = type  │  hingepack: ρ = id  │  malepart: ρ = p_masskg  │  steelpin: ρ = type  │  steelsheet: ρ = p_masskg,True,,2902,2907,26.995184038527693,1,1.001722949689869,2,0.0017199862401100496,0.0
"(1, 1, 2, 1, 0, 1, 1, 2)",facility: ρ = type  │  femalepart: ρ = type  │  formedpart: ρ = p_masskg_band  │  hinge: ρ = p_masskg  │  hingepack: ρ = id  │  malepart: ρ = p_masskg  │  steelpin: ρ = type  │  steelsheet: ρ = p_masskg_band,True,,2902,2907,26.995184038527693,1,1.001722949689869,2,0.0017199862401100496,0.0
"(1, 1, 2, 1, 0, 1, 1, 3)",facility: ρ = type  │  femalepart: ρ = type  │  formedpart: ρ = p_masskg_band  │  hinge: ρ = p_masskg  │  hingepack: ρ = id  │  malepart: ρ = p_masskg  │  steelpin: ρ = type  │  steelsheet: ρ = SteelCoil,True,,2902,2907,26.995184038527693,1,1.001722949689869,2,0.0017199862401100496,0.0
"(1, 1, 2, 1, 0, 2, 1, 1)",facility: ρ = type  │  femalepart: ρ = type  │  formedpart: ρ = p_masskg_band  │  hinge: ρ = p_masskg  │  hingepack: ρ = id  │  malepart: ρ = p_masskg_band  │  steelpin: ρ = type  │  steelsheet: ρ = p_masskg,True,,2902,2907,26.995184038527693,1,1.001722949689869,2,0.0017199862401100496,0.0
"(1, 1, 2, 1, 1, 1, 1, 1)",facility: ρ = type  │  femalepart: ρ = type  │  formedpart: ρ = p_masskg_band  │  hinge: ρ = p_masskg  │  hingepack: ρ = type  │  malepart: ρ = p_masskg  │  steelpin: ρ = type  │  steelsheet: ρ = p_masskg,True,,2902,2907,26.995184038527693,1,1.001722949689869,2,0.0017199862401100496,0.0
"(1, 1, 2, 2, 0, 1, 1, 1)",facility: ρ = type  │  femalepart: ρ = type  │  formedpart: ρ = p_masskg_band  │  hinge: ρ = p_masskg_band  │  hingepack: ρ = id  │  malepart: ρ = p_masskg  │  steelpin: ρ = type  │  steelsheet: ρ = p_masskg,True,,2902,2907,26.995184038527693,1,1.001722949689869,2,0.0017199862401100496,0.0
"(1, 1, 3, 1, 0, 1, 1, 1)",facility: ρ = type  │  femalepart: ρ = type  │  formedpart: ρ = type  │  hinge: ρ = p_masskg  │  hingepack: ρ = id  │  malepart: ρ = p_masskg  │  steelpin: ρ = type  │  steelsheet: ρ = p_masskg,True,,2902,2907,26.995184038527693,1,1.001722949689869,2,0.0017199862401100496,0.0
"(0, 1, 1, 1, 0, 1, 1, 4)",facility: ρ = id  │  femalepart: ρ = type  │  formedpart: ρ = p_masskg  │  hinge: ρ = p_masskg  │  hingepack: ρ = id  │  malepart: ρ = p_masskg  │  steelpin: ρ = type  │  steelsheet: ρ = type,True,,2902,2907,26.995184038527693,1,1.001722949689869,2,0.0017199862401100496,0.0
"(0, 1, 1, 1, 0, 2, 1, 2)",facility: ρ = id  │  femalepart: ρ = type  │  formedpart: ρ = p_masskg  │  hinge: ρ = p_masskg  │  hingepack: ρ = id  │  malepart: ρ = p_masskg_band  │  steelpin: ρ = type  │  steelsheet: ρ = p_masskg_band,True,,2902,2907,26.995184038527693,1,1.001722949689869,2,0.0017199862401100496,0.0
"(0, 1, 1, 1, 0, 2, 1, 3)",facility: ρ = id  │  femalepart: ρ = type  │  formedpart: ρ = p_masskg  │  hinge: ρ = p_masskg  │  hingepack: ρ = id  │  malepart: ρ = p_masskg_band  │  steelpin: ρ = type  │  steelsheet: ρ = SteelCoil,True,,2902,2907,26.995184038527693,1,1.001722949689869,2,0.0017199862401100496,0.0
"(0, 1, 1, 1, 0, 3, 1, 1)",facility: ρ = id  │  femalepart: ρ = type  │  formedpart: ρ = p_masskg  │  hinge: ρ = p_masskg  │  hingepack: ρ = id  │  malepart: ρ = type  │  steelpin: ρ = type  │  steelsheet: ρ = p_masskg,True,,2902,2907,26.995184038527693,1,1.001722949689869,2,0.0017199862401100496,0.0
"(0, 1, 1, 1, 1, 1, 1, 2)",facility: ρ = id  │  femalepart: ρ = type  │  formedpart: ρ = p_masskg  │  hinge: ρ = p_masskg  │  hingepack: ρ = type  │  malepart: ρ = p_masskg  │  steelpin: ρ = type  │  steelsheet: ρ = p_masskg_band,True,,2902,2907,26.995184038527693,1,1.001722949689869,2,0.0017199862401100496,0.0
"(0, 1, 1, 1, 1, 1, 1, 3)",facility: ρ = id  │  femalepart: ρ = type  │  formedpart: ρ = p_masskg  │  hinge: ρ = p_masskg  │  hingepack: ρ = type  │  malepart: ρ = p_masskg  │  steelpin: ρ = type  │  steelsheet: ρ = SteelCoil,True,,2902,2907,26.995184038527693,1,1.001722949689869,2,0.0017199862401100496,0.0
"(0, 1, 1, 1, 1, 2, 1, 1)",facility: ρ = id  │  femalepart: ρ = type  │  formedpart: ρ = p_masskg  │  hinge: ρ = p_masskg  │  hingepack: ρ = type  │  malepart: ρ = p_masskg_band  │  steelpin: ρ = type  │  steelsheet: ρ = p_masskg,True,,2902,2907,26.995184038527693,1,1.001722949689869,2,0.0017199862401100496,0.0
"(0, 1, 1, 2, 0, 1, 1, 2)",facility: ρ = id  │  femalepart: ρ = type  │  formedpart: ρ = p_masskg  │  hinge: ρ = p_masskg_band  │  hingepack: ρ = id  │  malepart: ρ = p_masskg  │  steelpin: ρ = type  │  steelsheet: ρ = p_masskg_band,True,,2902,2907,26.995184038527693,1,1.001722949689869,2,0.0017199862401100496,0.0
"(0, 1, 1, 2, 0, 1, 1, 3)",facility: ρ = id  │  femalepart: ρ = type  │  formedpart: ρ = p_masskg  │  hinge: ρ = p_masskg_band  │  hingepack: ρ = id  │  malepart: ρ = p_masskg  │  steelpin: ρ = type  │  steelsheet: ρ = SteelCoil,True,,2902,2907,26.995184038527693,1,1.001722949689869,2,0.0017199862401100496,0.0
"(0, 1, 1, 2, 0, 2, 1, 1)",facility: ρ = id  │  femalepart: ρ = type  │  formedpart: ρ = p_masskg  │  hinge: ρ = p_masskg_band  │  hingepack: ρ = id  │  malepart: ρ = p_masskg_band  │  steelpin: ρ = type  │  steelsheet: ρ = p_masskg,True,,2902,2907,26.995184038527693,1,1.001722949689869,2,0.0017199862401100496,0.0
"(0, 1, 1, 2, 1, 1, 1, 1)",facility: ρ = id  │  femalepart: ρ = type  │  formedpart: ρ = p_masskg  │  hinge: ρ = p_masskg_band  │  hingepack: ρ = type  │  malepart: ρ = p_masskg  │  steelpin: ρ = type  │  steelsheet: ρ = p_masskg,True,,2207,2907,26.995184038527693,1,1.31717263253285,7,0.24079807361541106,0.0
"(0, 1, 1, 3, 0, 1, 1, 1)",facility: ρ = id  │  femalepart: ρ = type  │  formedpart: ρ = p_masskg  │  hinge: ρ = type  │  hingepack: ρ = id  │  malepart: ρ = p_masskg  │  steelpin: ρ = type  │  steelsheet: ρ = p_masskg,True,,2902,2907,26.995184038527693,1,1.001722949689869,2,0.0017199862401100496,0.0
"(0, 1, 2, 1, 0, 1, 1, 2)",facility: ρ = id  │  femalepart: ρ = type  │  formedpart: ρ = p_masskg_band  │  hinge: ρ = p_masskg  │  hingepack: ρ = id  │  malepart: ρ = p_masskg  │  steelpin: ρ = type  │  steelsheet: ρ = p_masskg_band,True,,2902,2907,26.995184038527693,1,1.001722949689869,2,0.0017199862401100496,0.0
"(0, 1, 2, 1, 0, 1, 1, 3)",facility: ρ = id  │  femalepart: ρ = type  │  formedpart: ρ = p_masskg_band  │  hinge: ρ = p_masskg  │  hingepack: ρ = id  │  malepart: ρ = p_masskg  │  steelpin: ρ = type  │  steelsheet: ρ = SteelCoil,True,,2902,2907,26.995184038527693,1,1.001722949689869,2,0.0017199862401100496,0.0
"(0, 1, 2, 1, 0, 2, 1, 1)",facility: ρ = id  │  femalepart: ρ = type  │  formedpart: ρ = p_masskg_band  │  hinge: ρ = p_masskg  │  hingepack: ρ = id  │  malepart: ρ = p_masskg_band  │  steelpin: ρ = type  │  steelsheet: ρ = p_masskg,True,,2902,2907,26.995184038527693,1,1.001722949689869,2,0.0017199862401100496,0.0
"(0, 1, 2, 1, 1, 1, 1, 1)",facility: ρ = id  │  femalepart: ρ = type  │  formedpart: ρ = p_masskg_band  │  hinge: ρ = p_masskg  │  hingepack: ρ = type  │  malepart: ρ = p_masskg  │  steelpin: ρ = type  │  steelsheet: ρ = p_masskg,True,,2902,2907,26.995184038527693,1,1.001722949689869,2,0.0017199862401100496,0.0
"(0, 1, 2, 2, 0, 1, 1, 1)",facility: ρ = id  │  femalepart: ρ = type  │  formedpart: ρ = p_masskg_band  │  hinge: ρ = p_masskg_band  │  hingepack: ρ = id  │  malepart: ρ = p_masskg  │  steelpin: ρ = type  │  steelsheet: ρ = p_masskg,True,,2902,2907,26.995184038527693,1,1.001722949689869,2,0.0017199862401100496,0.0
"(0, 1, 3, 1, 0, 1, 1, 1)",facility: ρ = id  │  femalepart: ρ = type  │  formedpart: ρ = type  │  hinge: ρ = p_masskg  │  hingepack: ρ = id  │  malepart: ρ = p_masskg  │  steelpin: ρ = type  │  steelsheet: ρ = p_masskg,True,,2902,2907,26.995184038527693,1,1.001722949689869,2,0.0017199862401100496,0.0
"(1, 1, 1, 1, 0, 1, 1, 2)",facility: ρ = type  │  femalepart: ρ = type  │  formedpart: ρ = p_masskg  │  hinge: ρ = p_masskg  │  hingepack: ρ = id  │  malepart: ρ = p_masskg  │  steelpin: ρ = type  │  steelsheet: ρ = p_masskg_band,True,,2902,2907,26.995184038527693,1,1.001722949689869,2,0.0017199862401100496,0.0
"(1, 1, 1, 1, 0, 1, 1, 3)",facility: ρ = type  │  femalepart: ρ = type  │  formedpart: ρ = p_masskg  │  hinge: ρ = p_masskg  │  hingepack: ρ = id  │  malepart: ρ = p_masskg  │  steelpin: ρ = type  │  steelsheet: ρ = SteelCoil,True,,2902,2907,26.995184038527693,1,1.001722949689869,2,0.0017199862401100496,0.0
"(1, 1, 1, 1, 0, 2, 1, 1)",facility: ρ = type  │  femalepart: ρ = type  │  formedpart: ρ = p_masskg  │  hinge: ρ = p_masskg  │  hingepack: ρ = id  │  malepart: ρ = p_masskg_band  │  steelpin: ρ = type  │  steelsheet: ρ = p_masskg,True,,2902,2907,26.995184038527693,1,1.001722949689869,2,0.0017199862401100496,0.0
"(1, 1, 1, 1, 1, 1, 1, 1)",facility: ρ = type  │  femalepart: ρ = type  │  formedpart: ρ = p_masskg  │  hinge: ρ = p_masskg  │  hingepack: ρ = type  │  malepart: ρ = p_masskg  │  steelpin: ρ = type  │  steelsheet: ρ = p_masskg,True,,2902,2907,26.995184038527693,1,1.001722949689869,2,0.0017199862401100496,0.0
"(1, 1, 1, 2, 0, 1, 1, 1)",facility: ρ = type  │  femalepart: ρ = type  │  formedpart: ρ = p_masskg  │  hinge: ρ = p_masskg_band  │  hingepack: ρ = id  │  malepart: ρ = p_masskg  │  steelpin: ρ = type  │  steelsheet: ρ = p_masskg,True,,2902,2907,26.995184038527693,1,1.001722949689869,2,0.0017199862401100496,0.0
"(1, 1, 2, 1, 0, 1, 1, 1)",facility: ρ = type  │  femalepart: ρ = type  │  formedpart: ρ = p_masskg_band  │  hinge: ρ = p_masskg  │  hingepack: ρ = id  │  malepart: ρ = p_masskg  │  steelpin: ρ = type  │  steelsheet: ρ = p_masskg,True,,2902,2907,26.995184038527693,1,1.001722949689869,2,0.0017199862401100496,0.0
"(0, 1, 1, 1, 0, 1, 1, 2)",facility: ρ = id  │  femalepart: ρ = type  │  formedpart: ρ = p_masskg  │  hinge: ρ = p_masskg  │  hingepack: ρ = id  │  malepart: ρ = p_masskg  │  steelpin: ρ = type  │  steelsheet: ρ = p_masskg_band,True,,2902,2907,26.995184038527693,1,1.001722949689869,2,0.0017199862401100496,0.0
"(0, 1, 1, 1, 0, 1, 1, 3)",facility: ρ = id  │  femalepart: ρ = type  │  formedpart: ρ = p_masskg  │  hinge: ρ = p_masskg  │  hingepack: ρ = id  │  malepart: ρ = p_masskg  │  steelpin: ρ = type  │  steelsheet: ρ = SteelCoil,True,,2902,2907,26.995184038527693,1,1.001722949689869,2,0.0017199862401100496,0.0
"(0, 1, 1, 1, 0, 2, 1, 1)",facility: ρ = id  │  femalepart: ρ = type  │  formedpart: ρ = p_masskg  │  hinge: ρ = p_masskg  │  hingepack: ρ = id  │  malepart: ρ = p_masskg_band  │  steelpin: ρ = type  │  steelsheet: ρ = p_masskg,True,,2902,2907,26.995184038527693,1,1.001722949689869,2,0.0017199862401100496,0.0
"(0, 1, 1, 1, 1, 1, 1, 1)",facility: ρ = id  │  femalepart: ρ = type  │  formedpart: ρ = p_masskg  │  hinge: ρ = p_masskg  │  hingepack: ρ = type  │  malepart: ρ = p_masskg  │  steelpin: ρ = type  │  steelsheet: ρ = p_masskg,True,,2902,2907,26.995184038527693,1,1.001722949689869,2,0.0017199862401100496,0.0
"(0, 1, 1, 2, 0, 1, 1, 1)",facility: ρ = id  │  femalepart: ρ = type  │  formedpart: ρ = p_masskg  │  hinge: ρ = p_masskg_band  │  hingepack: ρ = id  │  malepart: ρ = p_masskg  │  steelpin: ρ = type  │  steelsheet: ρ = p_masskg,True,,2902,2907,26.995184038527693,1,1.001722949689869,2,0.0017199862401100496,0.0
"(0, 1, 2, 1, 0, 1, 1, 1)",facility: ρ = id  │  femalepart: ρ = type  │  formedpart: ρ = p_masskg_band  │  hinge: ρ = p_masskg  │  hingepack: ρ = id  │  malepart: ρ = p_masskg  │  steelpin: ρ = type  │  steelsheet: ρ = p_masskg,True,,2902,2907,26.995184038527693,1,1.001722949689869,2,0.0017199862401100496,0.0
"(1, 1, 1, 1, 0, 1, 1, 1)",facility: ρ = type  │  femalepart: ρ = type  │  formedpart: ρ = p_masskg  │  hinge: ρ = p_masskg  │  hingepack: ρ = id  │  malepart: ρ = p_masskg  │  steelpin: ρ = type  │  steelsheet: ρ = p_masskg,True,,2902,2907,26.995184038527693,1,1.001722949689869,2,0.0017199862401100496,0.0
"(0, 1, 1, 1, 0, 1, 1, 1)",facility: ρ = id  │  femalepart: ρ = type  │  formedpart: ρ = p_masskg  │  hinge: ρ = p_masskg  │  hingepack: ρ = id  │  malepart: ρ = p_masskg  │  steelpin: ρ = type  │  steelsheet: ρ = p_masskg,True,,2902,2907,26.995184038527693,1,1.001722949689869,2,0.0017199862401100496,0.0
"(0, 0, 0, 0, 0, 0, 0, 0)",facility: ρ = id  │  femalepart: ρ = id  │  formedpart: ρ = id  │  hinge: ρ = id  │  hingepack: ρ = id  │  malepart: ρ = id  │  steelpin: ρ = id  │  steelsheet: ρ = id,False,no merging (K = n_executions),2907,2907,26.995184038527693,1,1.0,1,0.0,0.0
